{"type":"Topology","arcs":[[[164,201],[0,-1],[-12,-95],[12,-26],[-15,-64],[-56,2],[-88,-17],[-5,37],[25,60],[-25,23],[38,62],[24,46],[48,2],[26,36],[28,-65]]],"transform":{"scale":[0.00044932524083489585,0.0004189704228094259],"translate":[150.96856637934414,-33.94686820474129]},"objects":{"auspol-maps-2019-p100-alldivisions":{"type":"GeometryCollection","geometries":[{"arcs":[[0]],"type":"Polygon","properties":{"E_div_numb":5,"Elect_div":"Blaxland","Numccds":406,"Actual":0,"Projected":0,"Total_Popu":0,"Australian":0,"Area_SqKm":61.071030977806,"Sortname":"Blaxland"}}]}}}