{"type":"Topology","arcs":[[[1379,120],[-46,-7],[-156,19],[-11,-8],[-217,-124],[-265,30],[-89,14],[-48,5],[5,26],[50,291],[8,58],[-32,5],[0,61],[-52,-33],[-39,3],[-94,48],[-14,18],[-9,67],[29,24],[20,45],[-6,37],[-30,5],[-56,30],[-4,25],[20,76],[-45,119],[-27,24],[-73,-14],[-21,7],[-13,67],[-24,33],[-54,-4],[-16,13],[12,36],[56,37],[6,25],[-19,18],[-45,-10],[-50,5],[-30,36],[22,56],[7,73],[16,9],[54,-22],[35,-31],[80,-19],[18,-67],[51,-21],[37,23],[-9,72],[-43,28],[-60,-12],[-50,17],[6,31],[32,27],[-5,49],[66,-63],[91,-40],[72,-2],[96,-19],[385,318],[72,66],[234,197],[74,15],[2,0],[-1,-1],[-7,-7],[-13,-10],[-30,-17],[-15,-25],[18,-46],[-5,-77],[-36,-20],[-2,-24],[-31,-10],[-25,-28],[52,-62],[28,-43],[44,-44],[37,5],[38,-16],[-14,-27],[22,-45],[29,19],[13,-30],[39,-26],[42,-2],[65,-54],[4,-25],[33,-3],[17,-29],[-20,-25],[70,-61],[5,-40],[44,-80],[33,-7],[19,-25],[-27,-25],[-63,-2],[1,-37],[-31,-31],[-8,-46],[57,-30],[38,16],[39,-13],[-23,-33],[12,-16],[-21,-50],[21,-28],[37,6],[30,-15],[-10,-131],[-36,-23],[0,-22],[46,-9],[-35,-46],[12,-65],[27,-54],[27,-120],[-35,-24],[-212,23],[-187,-125],[-16,-7]]],"transform":{"scale":[0.00006108710407279765,0.00005652371527280877],"translate":[144.8286522049238,-37.80194146468867]},"objects":{"auspol-maps-2019-p100-alldivisions":{"type":"GeometryCollection","geometries":[{"arcs":[[0]],"type":"Polygon","properties":{"E_div_numb":30,"Elect_div":"Maribyrnong","Numccds":361,"Actual":110235,"Projected":113924,"Total_Popu":0,"Australian":0,"Area_SqKm":64.15,"Sortname":"Maribyrnong"}}]}}}