{"type":"Topology","arcs":[[[2629,1036],[-95,-98],[-97,-81],[-53,-36],[-58,-25],[-69,-78],[-10,-52],[48,0],[32,17],[1,0],[28,-36],[9,-46],[3,-2],[-23,-44],[18,-90],[6,-66],[-9,-42],[-26,-55],[0,-4],[-249,-112],[-35,29],[-22,-34],[-55,-24],[-13,-40],[-37,-61],[-56,-19],[-40,16],[-42,-40],[-50,-13],[-28,21],[-22,75],[-34,-11],[-94,0],[-25,14],[-51,3],[-24,15],[-25,-31],[-55,-18],[-64,33],[-170,28],[-10,-21],[-64,-9],[-30,-30],[-63,11],[-37,-17],[-10,44],[34,124],[-45,9],[-14,20],[-56,-13],[-81,10],[-64,-20],[-58,-53],[-3,31],[-40,39],[-44,5],[-37,23],[-40,-10],[-66,70],[-5,70],[-76,6],[-19,16],[-40,-1],[-34,35],[-33,-21],[-37,33],[-24,49],[-51,34],[-28,-1],[-14,59],[12,71],[-46,113],[-20,92],[29,118],[20,24],[56,-34],[32,9],[-36,56],[69,53],[30,4],[34,-46],[32,24],[15,47],[-35,72],[-8,51],[39,19],[79,-1],[56,-65],[22,42],[42,11],[-21,78],[76,-16],[60,4],[10,37],[-43,48],[15,43],[39,8],[57,-23],[24,58],[51,33],[-4,31],[58,6],[6,30],[60,-4],[-27,68],[41,8],[12,23],[-5,42],[2,25],[39,35],[931,1],[781,1],[-36,-52],[-77,-88],[54,-27],[66,-51],[50,-68],[71,-122],[9,-50],[-15,-99],[-59,-122],[-72,-102]]],"transform":{"scale":[0.00045093383805982465,0.00041947664660104973],"translate":[151.9819669687808,-25.509627382949216]},"objects":{"auspol-maps-2019-p100-alldivisions":{"type":"GeometryCollection","geometries":[{"arcs":[[0]],"type":"Polygon","properties":{"E_div_numb":16,"Elect_div":"Hinkler","Numccds":359,"Actual":102525,"Projected":106930,"Total_Popu":0,"Australian":0,"Area_SqKm":3818.4615529433,"Sortname":"HINKLER"}}]}}}