{"type":"Topology","arcs":[[[5293,1454],[-263,35],[-355,32],[-208,18],[-401,53],[-163,24],[-544,72],[-25,24],[-87,-491],[-9,-77],[-70,-392],[-21,-92],[-7,-41],[-117,-619],[-18,12],[-55,67],[-105,160],[-154,279],[-15,33],[4,60],[-57,18],[-80,56],[-43,25],[-63,28],[-98,24],[-192,24],[-276,37],[-57,20],[-51,31],[-35,29],[-30,10],[-90,253],[-26,59],[-31,45],[-38,40],[-69,60],[-33,23],[-70,35],[-62,24],[-77,19],[-113,16],[-160,19],[-149,25],[-71,10],[-80,5],[-90,14],[-277,37],[-58,13],[-204,27],[32,201],[51,300],[36,231],[40,240],[257,-34],[12,1],[145,-21],[571,-75],[-3,14],[45,255],[14,43],[10,59],[2,43],[44,260],[41,216],[9,32],[8,56],[28,-8],[573,-71],[117,-16],[417,-53],[344,-42],[11,0],[213,-26],[143,-20],[428,-52],[401,-48],[216,-25],[9,-2],[231,-29],[267,-34],[24,-18],[-9,-33],[23,-27],[29,-19],[44,-6],[11,14],[27,-26],[54,-16],[12,-28],[3,-34],[27,-12],[-19,-24],[-13,-58],[-50,-29],[-21,12],[-28,-11],[-23,-31],[25,-25],[4,-18],[27,-23],[-17,-21],[29,-127],[11,-28],[-31,-4],[0,-15],[23,-38],[-18,-26],[-17,-2],[-2,-29],[-29,-34],[8,-29],[-7,-48],[-13,-14],[13,-18],[-4,-67],[13,-5],[11,-33],[28,-33],[18,-50],[-12,-59],[-13,-14],[21,-16],[1,-45],[29,4],[11,-14],[1,-53],[-23,-8],[11,-42],[37,-35],[58,-20],[1,-41],[41,-46],[24,6],[55,-30],[28,3],[36,-34],[23,11],[61,2],[11,-27],[22,-23],[-2,-14],[24,-31],[-27,-19]]],"transform":{"scale":[0.000032278801408611604,0.00002988253988800831],"translate":[145.04831768196453,-37.98360993353749]},"objects":{"auspol-maps-2019-p100-alldivisions":{"type":"GeometryCollection","geometries":[{"arcs":[[0]],"type":"Polygon","properties":{"E_div_numb":21,"Elect_div":"Hotham","Numccds":406,"Actual":107479,"Projected":109930,"Total_Popu":0,"Australian":0,"Area_SqKm":83.07,"Sortname":"Hotham"}}]}}}