{"type":"Topology","arcs":[[[4854,1117],[-48,-15],[-62,-38],[-19,-36],[-62,-45],[-46,-18],[-44,-27],[-78,-105],[-84,-79],[-91,-58],[-33,-53],[-71,-62],[-38,-27],[-83,-24],[-40,-5],[-56,20],[-59,-43],[-45,-45],[-33,-21],[-22,-31],[-51,-31],[-29,-31],[-119,-82],[-122,-92],[-68,-60],[-52,-59],[-24,-7],[-85,4],[-84,-5],[-87,14],[-30,-9],[-41,15],[-117,14],[-173,-24],[-101,-5],[-60,-11],[-56,-24],[-125,-12],[-133,33],[-53,1],[-51,17],[-62,42],[-21,23],[19,33],[2,30],[-82,105],[0,54],[-27,-16],[-48,-5],[-52,33],[-97,-3],[-43,59],[-17,35],[-23,12],[15,52],[-44,39],[-4,32],[-38,-7],[-59,17],[-88,-21],[-43,22],[-34,0],[-83,-48],[-41,10],[-21,-46],[8,-44],[-17,-35],[-28,4],[-48,-14],[-35,28],[-26,-6],[-54,38],[-32,-10],[1,61],[-43,16],[-76,-34],[-65,32],[-31,4],[-14,56],[12,89],[18,21],[-43,35],[-85,34],[-5,57],[-50,40],[-15,30],[-72,59],[1,14],[-44,49],[0,24],[65,17],[-35,34],[-39,4],[1,37],[20,23],[-20,35],[-36,0],[-8,42],[46,21],[4,27],[-26,64],[56,4],[27,45],[1,24],[29,17],[-25,23],[-62,-15],[-6,36],[10,39],[-15,31],[33,25],[-6,75],[53,28],[54,-1],[-10,118],[-23,5],[-27,49],[6,41],[-30,36],[20,83],[-13,27],[-88,38],[-24,-26],[-27,26],[22,61],[-56,-18],[-28,32],[-78,129],[-39,25],[-37,-5],[-38,36],[-5,35],[-43,52],[-46,-9],[-17,-20],[-31,18],[3,39],[-22,25],[-35,-2],[81,480],[292,-37],[178,1028],[901,-111],[264,-174],[307,-32],[163,-93],[50,2],[29,49],[-38,8],[-30,25],[107,84],[57,6],[9,21],[261,-27],[446,-57],[112,-13],[784,-96],[298,-35],[65,-15],[686,-61],[300,-30],[-57,-472],[-75,-94],[-238,-177],[-250,23],[-11,-93],[20,-89],[45,-76],[38,-108],[-293,-82],[6,-61],[-40,-259],[601,-72],[-68,-406],[-64,8],[-34,-21],[-11,-86],[-37,-221]]],"transform":{"scale":[0.00006108473603743013,0.000056539400535028066],"translate":[144.44402255966358,-38.00443387267471]},"objects":{"auspol-maps-2019-p100-alldivisions":{"type":"GeometryCollection","geometries":[{"arcs":[[0]],"type":"Polygon","properties":{"E_div_numb":27,"Elect_div":"Lalor","Numccds":284,"Actual":100171,"Projected":107655,"Total_Popu":0,"Australian":0,"Area_SqKm":493.6,"Sortname":"Lalor"}}]}}}