{"type":"Topology","arcs":[[[1615,1219],[-17,-49],[-75,-44],[-15,-65],[16,-15],[-15,-72],[-59,-67],[-76,-1],[-31,34],[-11,-49],[-314,42],[-32,-207],[-40,-225],[-6,-59],[13,-26],[-22,-18],[-69,26],[-25,-5],[-22,-38],[16,-67],[-57,-13],[-22,-21],[-51,3],[-48,23],[-29,32],[-26,-1],[-21,-41],[-70,7],[-61,-11],[-8,-68],[15,-12],[-28,-49],[-29,9],[-50,-138],[-25,-18],[-32,28],[-67,-44],[-14,26],[-67,15],[-33,-38],[-25,44],[-23,10],[17,77],[-39,-1],[-15,55],[-23,23],[32,113],[37,28],[-6,34],[-28,61],[47,24],[26,31],[-14,44],[197,-23],[6,53],[53,-6],[-26,44],[41,44],[47,-6],[3,71],[-47,5],[-44,-11],[-117,9],[54,57],[6,24],[21,53],[69,80],[277,-32],[35,62],[-51,8],[-57,25],[-43,-18],[-17,46],[24,84],[34,6],[31,39],[58,5],[14,41],[43,46],[88,-10],[20,37],[37,-21],[44,29],[28,5],[9,-45],[33,-5],[-5,-32],[56,-6],[4,26],[-37,14],[3,21],[101,-12],[13,61],[55,-7],[-13,30],[36,50],[25,83],[44,-6],[-24,-60],[74,-18],[-11,-61],[28,-3],[-7,-46],[102,-13],[83,8],[-8,-41],[54,17],[50,-6],[28,-22]]],"transform":{"scale":[0.0001129773792020925,0.00010479023346171878],"translate":[145.0279817632451,-37.784555049823204]},"objects":{"auspol-maps-2019-p100-alldivisions":{"type":"GeometryCollection","geometries":[{"arcs":[[0]],"type":"Polygon","properties":{"E_div_numb":24,"Elect_div":"Jagajaga","Numccds":354,"Actual":106532,"Projected":108090,"Total_Popu":0,"Australian":0,"Area_SqKm":104.41,"Sortname":"Jagajaga"}}]}}}