{"type":"Topology","arcs":[[[2818,1341],[-33,-150],[-59,-52],[-18,-68],[13,-31],[45,-46],[9,-27],[-102,-539],[-12,-80],[-64,-348],[-31,18],[-25,54],[-31,37],[3,51],[20,32],[0,28],[-99,67],[-43,46],[-80,-8],[11,65],[-206,23],[-203,26],[-49,-4],[-63,22],[-97,14],[47,237],[-433,56],[10,-23],[-118,59],[-40,40],[-50,79],[-106,56],[-227,170],[6,-97],[-3,-42],[-20,-103],[-167,-44],[-1,-6],[-155,24],[-447,58],[17,128],[61,326],[15,71],[87,507],[14,-12],[585,-79],[298,-27],[139,-18],[31,-55],[42,-53],[40,-34],[-5,-19],[50,-45],[6,-4],[75,166],[-9,13],[175,-25],[585,-76],[40,-53],[4,-54],[23,-8],[57,-53],[44,-9],[-21,-27],[7,-67],[71,-18],[126,-33],[261,-36]]],"transform":{"scale":[0.0000610720422298959,0.000056545160708322384],"translate":[145.14490722763736,-38.04368301536378]},"objects":{"auspol-maps-2019-p100-alldivisions":{"type":"GeometryCollection","geometries":[{"arcs":[[0]],"type":"Polygon","properties":{"E_div_numb":4,"Elect_div":"Bruce","Numccds":424,"Actual":109420,"Projected":111485,"Total_Popu":0,"Australian":0,"Area_SqKm":95.9,"Sortname":"Bruce"}}]}}}