{"type":"Topology","arcs":[[[6760,281],[-2937,0],[-1273,-1],[-574,1],[-107,-269],[-12,21],[0,1],[-13,52],[-73,65],[-1,2],[-21,23],[-1,0],[-37,101],[-7,44],[0,1],[1,9],[1,3],[0,1],[2,1],[32,1],[-2,44]],[[1738,381],[-21,34]],[[1717,415],[-8,5],[0,1],[-8,39],[-1,0],[2,4],[-3,8],[-7,27],[-37,30],[-21,28],[3,-7]],[[1637,550],[9,-22],[1,-4],[6,-44],[-3,-4],[-41,-45],[0,-29],[-52,-84],[-41,-25],[-53,-7],[-25,-11],[-1,-1],[-23,1],[-2,0],[0,-1],[-1,0],[-1,0],[-2,-1],[-9,-4],[-7,-2],[0,-1],[-40,0],[-63,52],[-46,29],[-25,-26],[-49,-15],[-78,-71],[88,-3],[-6,-54],[-3,-38],[-120,26],[-18,37],[-30,3],[19,-122],[-15,-30],[6,-46],[-66,7],[-2,74],[29,51],[-29,91],[-108,9],[-76,-17],[-52,17],[-18,-53],[5,-40],[-18,-114],[-40,-10],[-22,-23],[-55,52],[-67,43],[-65,11],[-23,40],[6,30],[-39,30],[34,26],[-75,45],[-34,40],[25,14],[-19,45],[-28,17],[7,38],[38,35],[-1,47],[107,2],[67,48],[26,0],[12,36],[0,54],[39,66]],[[570,719],[-2,2],[-1,0],[-9,10],[-1,0],[-29,26],[-33,0],[-41,29],[-7,11],[-48,16],[-45,54],[-68,107],[-20,22],[-39,6],[-34,68],[-65,32],[-7,34],[-33,54],[-61,63],[-27,86],[0,116],[24,109],[32,132],[61,146],[18,75],[17,138],[-7,17],[0,1],[-14,108],[136,-1],[195,7],[812,0],[332,1],[0,-198],[622,-1],[705,1],[34,-66],[244,-109],[286,-82],[35,-13],[131,-112],[47,-24],[10,-31],[66,-71],[104,-46],[78,-56],[113,6],[103,-39],[402,-184],[77,-52],[91,-47],[33,-25],[119,-43],[468,-174],[478,-84],[16,-20],[96,-161],[117,-23],[25,-20],[149,-32],[505,-201]]],"transform":{"scale":[0.0004510583844254659,0.0004194832519743256],"translate":[146.27655264109612,-19.41627806554855]},"objects":{"auspol-maps-2019-p100-alldivisions":{"type":"GeometryCollection","geometries":[{"arcs":[[0,1,2,3,4]],"type":"Polygon","properties":{"E_div_numb":15,"Elect_div":"Herbert","Numccds":375,"Actual":105077,"Projected":113235,"Total_Popu":0,"Australian":0,"Area_SqKm":943.70171629073,"Sortname":"HERBERT"}}]}}}