{"type":"Topology","arcs":[[[983,1369],[-42,-67],[-92,-101],[-13,-40],[30,-23],[-38,-24],[32,-87],[-1,-50],[-39,-92],[17,-93],[-123,18],[-15,-14],[22,-127],[21,-18],[-5,-70],[32,-47],[-22,-47],[10,-19],[-29,-99],[22,-93],[-32,-103],[-55,-76],[-10,-66],[-19,-31],[-81,50],[-119,19],[-102,86],[-19,31],[7,31],[-45,46],[24,37],[-7,104],[-17,76],[-20,10],[-31,-45],[-6,-45],[-58,29],[-16,34],[-69,40],[-18,28],[22,74],[-55,27],[-6,37],[28,27],[-33,61],[45,35],[-35,48],[11,22],[-19,36],[6,35],[-21,80],[26,25],[-17,34],[18,69],[31,37],[-7,42],[51,63],[-20,54],[0,1],[-14,48],[32,71],[2,2],[194,123],[28,18],[17,11],[21,12],[1,1],[33,21],[8,5],[37,23],[32,-48],[-30,-12],[56,-44],[32,1],[42,-43]],[[573,1527],[29,33],[116,-34],[-48,-52],[-4,-69],[14,-41],[43,27],[26,-33],[30,14],[74,-1],[64,18],[66,-20]],[[42645,16428],[-24,-61],[-81,-5],[-66,11],[5,97],[48,22],[48,-39],[70,-25]]],"transform":{"scale":[0.00045105705258887454,0.00041951413674335986],"translate":[148.76270699234746,-35.92055359093672]},"objects":{"auspol-maps-2019-p100-alldivisions":{"type":"GeometryCollection","geometries":[{"arcs":[[[0,1]],[[2]]],"type":"MultiPolygon","properties":{"E_div_numb":1,"Elect_div":"Bean","Numccds":351,"Actual":101805,"Projected":101156,"Total_Popu":0,"Australian":0,"Area_SqKm":1913.9697369266,"Sortname":"Bean"}}]}}}