{"type":"Topology","arcs":[[[216,116],[-27,-20],[5,-43],[-1,-2],[-18,-27],[0,-1],[0,-1],[0,-1],[-1,0],[0,-1],[0,-1],[0,-1],[-1,0],[0,-1],[-39,6],[-17,-23],[-79,20],[-38,53],[53,11],[-13,39],[53,24],[33,7],[69,-15],[21,-23]]],"transform":{"scale":[0.00044955853535244973,0.00041798538263044345],"translate":[151.07703433234195,-33.973768995336854]},"objects":{"auspol-maps-2019-p100-alldivisions":{"type":"GeometryCollection","geometries":[{"arcs":[[0]],"type":"Polygon","properties":{"E_div_numb":2,"Elect_div":"Barton","Numccds":380,"Actual":0,"Projected":0,"Total_Popu":0,"Australian":0,"Area_SqKm":39.608255317977,"Sortname":"Barton"}}]}}}