{"type":"Topology","arcs":[[[2238,2],[-1,2],[-12,123],[-20,168],[-8,43],[-22,60],[-22,38],[-29,37],[-43,37],[-36,24],[-47,22],[-47,13],[-154,34],[-31,9],[-55,26],[-57,45],[-28,35],[-28,52],[-15,50],[-25,128],[-13,114],[-419,0],[0,-94],[-481,4],[-2,-294],[-118,1],[-129,-10],[-85,-4],[-197,5],[1,21],[-13,64],[1,40],[-10,39],[0,39],[-14,87],[-13,37],[-9,78],[-28,66],[-12,105],[-14,32],[14,21],[22,86],[2,26],[-10,35],[8,19],[5,111],[-13,66],[-2,70],[12,29],[-8,48],[5,27],[-9,40],[4,40],[-13,41],[7,25],[-8,31],[6,39],[-16,22],[-9,74],[13,49],[14,28],[-3,30],[-18,42],[74,-1],[20,4],[158,0],[18,-3],[50,-31],[25,-6],[0,49],[36,1],[41,9],[119,19],[54,0],[248,-26],[470,-2],[104,-2],[95,1],[164,0],[53,3],[227,24],[38,9],[159,56],[51,15],[78,12],[43,0],[58,-24],[76,-70],[31,-23],[95,-54],[78,-29],[41,-6],[353,-2],[171,-3],[281,0],[135,-1],[31,-4],[251,-67],[-13,-95],[7,-51],[28,-102],[6,-48],[6,-181],[-4,-38],[-13,-58],[-18,-84],[-3,-47],[56,0],[3,-58],[-2,-200],[5,-2],[310,-285],[245,-226],[-31,-11],[-166,-98],[-102,-92],[-56,-64],[-266,-300],[-152,138],[-145,1],[-5,-77],[-20,-77],[-219,0],[0,5],[-66,49],[-55,-51],[-94,94],[-39,32],[-39,-34],[-115,-110],[15,-39],[-44,-11],[-466,-4],[-166,-1],[-76,2]]],"transform":{"scale":[0.0000322815523413251,0.000029886082459660375],"translate":[115.75080348397395,-31.914246503114175]},"objects":{"auspol-maps-2019-p100-alldivisions":{"type":"GeometryCollection","geometries":[{"arcs":[[0]],"type":"Polygon","properties":{"E_div_numb":14,"Elect_div":"Stirling","Numccds":333,"Actual":95584,"Projected":101801,"Total_Popu":0,"Australian":0,"Area_SqKm":74.147083660318,"Sortname":"Stirling"}}]}}}