{"type":"Topology","arcs":[[[308,40],[-160,13],[-41,-22],[-12,-31],[-22,54],[-30,25],[16,29],[8,60],[-56,40],[13,21],[-23,42],[6,8],[-7,9]],[[0,288],[8,12],[1,1],[0,16],[0,1],[0,1],[18,21]],[[27,340],[0,6],[17,3],[3,1],[39,15],[0,1]],[[86,366],[10,8],[23,10]],[[119,384],[17,-5],[18,30],[25,4],[1,1],[17,-6],[16,22],[-6,-1],[-1,0],[-1,0],[-5,0],[-1,0],[12,11],[9,-2],[1,0],[54,42],[17,1],[1,0],[10,-2],[1,0],[3,0],[20,-7]],[[327,472],[60,-15],[-20,-41],[37,-60],[-43,-69],[5,-16],[-34,-59],[5,-25],[-29,-66],[16,-37],[-16,-44]]],"transform":{"scale":[0.00045003205392772985,0.000418785201579184],"translate":[151.16105395307676,-33.77329405589854]},"objects":{"auspol-maps-2019-p100-alldivisions":{"type":"GeometryCollection","geometries":[{"arcs":[[0,1,2,3,4,5]],"type":"Polygon","properties":{"E_div_numb":26,"Elect_div":"Mackellar","Numccds":366,"Actual":0,"Projected":0,"Total_Popu":0,"Australian":0,"Area_SqKm":233.24485996496,"Sortname":"Mackellar"}}]}}}