{"type":"Topology","arcs":[[[3513,1202],[-38,-168],[5,-133],[-8,-145],[-113,-627],[-135,17],[-303,41],[-926,124],[-26,-146],[-80,11],[-16,-94],[-2,-55],[-116,17],[-48,-12],[-39,13],[-81,-23],[-55,34],[-68,-6],[10,-46],[-26,-4],[-7,39],[-37,134],[-22,109],[-28,104],[-38,116],[-33,82],[-78,175],[-104,209],[-97,159],[-83,112],[-76,73],[-19,-4],[-61,92],[-66,73],[-56,53],[-75,63],[-121,81],[-105,51],[-59,16],[59,338],[-276,427],[-18,37],[-14,52],[1,51],[-35,46],[229,-29],[331,-48],[43,-3],[115,-20],[145,-17],[41,-10],[70,-31],[54,-44],[36,-45],[62,-166],[16,-5],[45,-32],[30,-10],[247,-32],[52,-13],[98,-57],[31,-10],[-3,-31],[90,-166],[56,-84],[38,-42],[-17,-128],[447,-57],[155,-24],[1,6],[167,44],[20,103],[3,42],[-6,96],[227,-170],[106,-55],[50,-80],[39,-40],[119,-58],[-10,22],[433,-56],[-47,-236]]],"transform":{"scale":[0.00006109130447840679,0.00005653498766152625],"translate":[145.03437323083924,-38.08497753591131]},"objects":{"auspol-maps-2019-p100-alldivisions":{"type":"GeometryCollection","geometries":[{"arcs":[[0]],"type":"Polygon","properties":{"E_div_numb":23,"Elect_div":"Isaacs","Numccds":347,"Actual":105189,"Projected":109034,"Total_Popu":0,"Australian":0,"Area_SqKm":155.83,"Sortname":"Isaacs"}}]}}}