{"type":"Topology","arcs":[[[0,0],[14,32],[57,0],[23,15],[29,57],[7,42],[-1,94],[-7,80],[-31,176],[25,57],[11,51],[19,29],[-5,146],[-11,125],[-15,91],[-38,114],[14,59],[-18,53],[-17,88],[4,100],[22,11],[39,59],[-1,88],[-12,52],[6,28],[-5,56],[-36,63],[0,58],[48,50],[4,42],[-19,59],[14,47],[-1,66],[-10,78],[-20,64],[17,47],[34,63],[5,84],[19,17],[4,31],[43,47],[24,38],[7,44],[24,26],[45,73],[82,71],[34,37],[92,74],[4,28],[26,36],[7,43],[-11,63],[25,77],[94,173],[18,73],[38,-51],[52,-6],[82,45],[71,13],[74,1],[53,-31],[-4,47],[551,31],[-3,62],[20,65],[2,68],[-21,54],[16,51],[-33,48],[-38,36],[1,22],[39,71],[71,62],[14,-51],[-3,-61],[24,3],[37,-26],[48,-55],[30,-16],[-14,-55],[33,-5],[27,12],[35,-3],[26,18],[52,-9],[39,8],[35,-20],[16,-42],[59,-36],[15,3],[41,-36],[11,-26],[29,-2],[36,-62],[56,4],[20,26],[103,-42],[43,4],[-21,-39],[13,-41],[45,-2],[24,-14],[4,-40],[33,-16],[12,-38],[52,-41],[49,-29],[-54,-10],[4,-23],[69,-28],[24,-16],[-18,-46],[11,-24],[-39,-70],[-50,-33],[-9,-20],[8,-56],[-17,-1],[-30,-55],[-34,9],[-20,-23],[-51,-13],[-50,23],[-98,-59],[-104,-21],[4,-58],[-102,0],[4,-42],[-104,-6],[3,-53],[41,-14],[19,-38],[50,-36],[37,-36],[13,-31],[-17,-23],[-2,-44],[-15,-60],[-41,-52],[-52,-45],[-14,-36],[8,-35],[-13,-40],[-13,-85],[18,-35],[263,14],[37,-12],[36,-42],[-28,-11],[-10,-40],[14,-21],[-72,-30],[-33,16],[-49,-9],[-49,-50],[-38,0],[-11,-26],[-45,5],[-28,-18],[3,-20],[39,-16],[-15,-48],[-29,8],[-36,-11],[-19,-69],[-45,-4],[1,-72],[-14,-9],[-53,18],[-53,38],[-43,-25],[-62,7],[-5,-34],[-27,-26],[-58,13],[-72,1],[-37,36],[-30,5],[-39,-47],[-24,-47],[-86,12],[-67,40],[-58,-4],[-3,-27],[-92,-51],[16,-37],[-52,-5],[-35,-22],[-84,9],[-6,-28],[16,-38],[-46,-28],[-69,-12],[-62,-33],[-25,-29],[-78,11],[17,-77],[-24,-25],[-40,-18],[-93,-12],[14,-52],[74,-54],[50,-60],[7,-105],[-24,-1],[-73,-96],[-113,-10],[-15,-94],[4,-41],[33,-62],[32,-447],[-209,-12],[3,-46],[-323,-19]]],"transform":{"scale":[0.00006107749776430093,0.000056549855338470966],"translate":[138.46198953467672,-35.24737508045641]},"objects":{"auspol-maps-2019-p100-alldivisions":{"type":"GeometryCollection","geometries":[{"arcs":[[0]],"type":"Polygon","properties":{"E_div_numb":6,"Elect_div":"Kingston","Numccds":391,"Actual":116847,"Projected":119268,"Total_Popu":0,"Australian":0,"Area_SqKm":165.67,"Sortname":"Kingston"}}]}}}