{"type":"Topology","arcs":[[[2040,626],[-114,-38],[-211,17],[-284,88],[-139,12],[-55,-10],[-24,-17],[-17,-36],[14,-69],[29,-57],[17,-71],[2,-70],[12,-69],[53,-88],[-3,-31],[-23,-35],[-37,-28],[-104,-49],[-32,-2],[-28,14],[-26,36],[-28,107],[-20,49],[-49,20],[-26,-13],[-11,-113],[9,-102],[-32,-66],[-34,-5],[-34,15],[-30,32],[-82,117],[-40,37],[-28,11],[-37,-10],[-55,-28],[-61,-50],[-45,-44],[-58,69],[-8,28],[-28,30],[10,30],[-24,17],[-141,23],[-13,28],[10,74],[-44,38],[-54,23],[-25,43],[-56,50],[-3,26],[23,16],[-25,21],[-1,34],[-30,52],[13,88],[190,-29],[53,312],[22,118],[2,31],[-20,47],[-6,48],[22,6],[70,-9],[31,5],[37,-17],[227,-36],[311,-45],[28,-27],[92,74],[28,37],[106,30],[28,35],[34,-38],[50,-41],[62,-30],[111,-13],[125,73],[45,-42],[8,-30],[-12,-81],[6,-30],[51,-69],[4,-36],[-9,-45],[5,-49],[51,-80],[57,-29],[102,-2],[49,-26],[63,-118],[-1,-1],[5,-37]]],"transform":{"scale":[0.00006109163338250618,0.0000565498863365832],"translate":[152.97532426283055,-27.48063310808012]},"objects":{"auspol-maps-2019-p100-alldivisions":{"type":"GeometryCollection","geometries":[{"arcs":[[0]],"type":"Polygon","properties":{"E_div_numb":4,"Elect_div":"Brisbane","Numccds":364,"Actual":105439,"Projected":112500,"Total_Popu":0,"Australian":0,"Area_SqKm":54.785101830972,"Sortname":"BRISBANE"}}]}}}