{"type":"Topology","arcs":[[[756,59],[-54,52],[-55,20],[-24,-45],[-89,0],[-73,-86],[-88,57],[-71,-49],[-55,6],[-22,81],[-35,34],[-72,39],[-37,54],[-23,2],[-58,52],[12,13],[49,-3],[73,58],[55,26],[128,-6],[96,28],[29,-12],[102,52],[4,35],[65,12],[-27,62],[44,21],[54,-5],[23,-10],[139,1],[9,-69],[-53,-45],[34,-70],[-58,-52],[104,-30],[24,-17],[-50,-112],[-29,-26],[6,-60],[-10,-28],[-67,20]]],"transform":{"scale":[0.00045076208786362795,0.0004193988704950302],"translate":[138.43931260861956,-34.79168112844461]},"objects":{"auspol-maps-2019-p100-alldivisions":{"type":"GeometryCollection","geometries":[{"arcs":[[0]],"type":"Polygon","properties":{"E_div_numb":9,"Elect_div":"Spence","Numccds":367,"Actual":116179,"Projected":123954,"Total_Popu":0,"Australian":0,"Area_SqKm":532.15,"Sortname":"Spence"}}]}}}