{"type":"Topology","arcs":[[[372,88],[-140,-8],[-6,1],[-9,-2],[-94,-79],[-44,17],[-6,10],[-28,31],[-11,49],[-34,32],[2,40],[22,27],[40,-7],[6,35],[-40,5],[7,47],[-19,18],[0,44],[34,51],[47,19],[3,40],[46,53],[42,23],[187,-29],[4,-28],[-51,-48],[27,-30],[-5,-45],[-24,-50],[13,-82],[40,-37],[-9,-97]]],"transform":{"scale":[0.00045008574422288343,0.0004192003884941565],"translate":[144.8048319074052,-37.72771027344536]},"objects":{"auspol-maps-2019-p100-alldivisions":{"type":"GeometryCollection","geometries":[{"arcs":[[0]],"type":"Polygon","properties":{"E_div_numb":5,"Elect_div":"Calwell","Numccds":319,"Actual":100754,"Projected":107381,"Total_Popu":0,"Australian":0,"Area_SqKm":265.5,"Sortname":"Calwell"}}]}}}