{"type":"Topology","arcs":[[[655,156],[41,-6],[-39,-47],[-74,-2],[-32,28],[-67,1],[-49,11],[36,-68],[-16,-25],[8,-42],[-64,8],[-42,-14],[-41,37],[-7,13],[-66,0],[17,102],[-31,19],[-31,70],[-16,8],[-21,31],[-11,92],[-26,37],[-8,35],[22,19],[-33,126],[-22,49],[-42,-12],[-40,26],[-1,34],[24,23],[0,43],[84,22],[4,76],[17,40],[-20,25],[35,16],[-27,30],[-5,51],[-26,-5],[-35,38],[348,-36],[261,-33],[154,-16],[-7,-24],[-54,-57],[118,-9],[44,11],[47,-6],[-4,-70],[-46,6],[-41,-45],[26,-43],[-54,5],[-5,-53],[-198,24],[15,-45],[-27,-30],[-46,-25],[27,-60],[7,-35],[-37,-27],[-33,-113],[23,-24],[15,-55],[39,1],[-17,-76],[24,-10],[25,-44]]],"transform":{"scale":[0.0001129307617565848,0.00010480252557121305],"translate":[144.96626944543596,-37.800555504373776]},"objects":{"auspol-maps-2019-p100-alldivisions":{"type":"GeometryCollection","geometries":[{"arcs":[[0]],"type":"Polygon","properties":{"E_div_numb":8,"Elect_div":"Cooper","Numccds":347,"Actual":109048,"Projected":112299,"Total_Popu":0,"Australian":0,"Area_SqKm":60.6,"Sortname":"Cooper"}}]}}}