{"type":"Topology","arcs":[[[324,58],[-22,-58],[-111,17],[-25,28],[-32,-33],[-74,16],[0,45],[-32,72],[-28,33],[19,-1],[-14,75],[16,16],[36,-34],[22,29],[47,18],[39,-4],[3,-27],[33,-29],[11,-42],[39,-46],[49,-35],[24,-40]]],"transform":{"scale":[0.00045062132148800235,0.00041939887049504283],"translate":[152.9650653999197,-27.61813696962951]},"objects":{"auspol-maps-2019-p100-alldivisions":{"type":"GeometryCollection","geometries":[{"arcs":[[0]],"type":"Polygon","properties":{"E_div_numb":24,"Elect_div":"Moreton","Numccds":382,"Actual":100082,"Projected":108515,"Total_Popu":0,"Australian":0,"Area_SqKm":107.85800249306,"Sortname":"MORETON"}}]}}}