{"type":"Topology","arcs":[[[1431,0],[-204,33],[9,44],[-38,6],[-64,98],[-42,37],[-20,55],[16,117],[-50,29],[-65,12],[-102,-18],[-43,-24],[-40,-56],[-57,-48],[-113,-32],[-20,67],[-14,107],[-73,27],[-11,29],[-36,27],[-44,-1],[-18,13],[-64,-8],[-12,24],[21,21],[-6,37],[-151,25],[-25,-21],[-165,28],[74,67],[42,11],[39,42],[52,23],[64,46],[9,57],[48,21],[53,-6],[-5,-23],[38,-7],[36,9],[38,57],[28,22],[24,39],[1,114],[211,-33],[50,-5],[12,40],[53,62],[260,-40],[72,89],[0,77],[27,39],[83,28],[-37,-18],[-2,-42],[1,-329],[8,-153],[10,-117],[26,-194],[29,-163],[62,-268],[25,-73]]],"transform":{"scale":[0.00011297932629421841,0.00010480119400150967],"translate":[153.28586129007945,-28.076055642427118]},"objects":{"auspol-maps-2019-p100-alldivisions":{"type":"GeometryCollection","geometries":[{"arcs":[[0]],"type":"Polygon","properties":{"E_div_numb":23,"Elect_div":"Moncrieff","Numccds":381,"Actual":107345,"Projected":113028,"Total_Popu":0,"Australian":0,"Area_SqKm":99.922918387364,"Sortname":"MONCRIEFF"}}]}}}