{"type":"Topology","arcs":[[[1513,415],[-236,24],[-317,43],[-8,7],[-47,-275],[-41,-214],[-51,68],[-64,111],[-53,32],[-161,24],[-16,6],[-25,17],[-8,2],[-34,89],[-49,49],[-60,21],[-343,48],[46,278],[280,-37],[50,279],[7,-3],[520,-64],[444,-54],[19,-29],[39,-9],[3,-45],[-35,-16],[22,-69],[-21,-42],[-1,-51],[20,-35],[7,-70],[28,-27],[53,-29],[32,-29]]],"transform":{"scale":[0.00011294607258568118,0.00010471831154445615],"translate":[145.04833825696687,-37.98361660550516]},"objects":{"auspol-maps-2019-p100-alldivisions":{"type":"GeometryCollection","geometries":[{"arcs":[[0]],"type":"Polygon","properties":{"E_div_numb":21,"Elect_div":"Hotham","Numccds":406,"Actual":107479,"Projected":109930,"Total_Popu":0,"Australian":0,"Area_SqKm":83.07,"Sortname":"Hotham"}}]}}}