{"type":"Topology","arcs":[[[704,0],[-21,3],[-17,74],[-51,-2],[-38,-25],[-140,22],[-36,31],[-70,29],[-245,480],[9,34],[-73,40],[-22,60],[2,32],[46,57],[38,-10],[116,197],[31,7],[0,38],[27,17],[4,41],[-16,37],[63,114],[15,72],[77,52],[15,44],[4,71],[35,47],[33,11],[9,63],[-11,27],[21,50],[-19,38],[33,53],[76,21],[-1,23],[60,0],[54,43],[58,7],[-7,35],[20,39],[61,21],[-26,72],[65,-3],[-23,68],[-64,17],[-13,38],[-63,12],[-5,63],[-23,48],[-58,36],[7,27],[-77,53],[-16,65],[-27,35],[31,7],[40,32],[-13,37],[-51,24],[29,71],[44,26],[-22,65],[-55,36],[-29,53],[-6,39],[13,38],[-16,49],[9,30],[57,26],[18,38],[69,-50],[44,-46],[4,-22],[66,-13],[116,19],[60,49],[47,10],[23,38],[45,22],[49,-17],[64,56],[71,11],[40,74],[21,18],[77,37],[41,-4],[39,32],[64,-9],[14,36],[82,23],[29,37],[24,-34],[-6,-63],[62,56],[72,35],[22,37],[48,10],[26,30],[75,16],[128,-19],[23,34],[49,-8],[25,-97],[69,10],[62,26],[-13,-86],[12,-60],[-23,-35],[-10,-55],[-38,-101],[-81,-33],[-65,-82],[-29,-89],[5,-86],[31,-45],[42,-184],[30,-41],[51,-26],[19,24],[44,-19],[-37,-68],[22,-23],[-8,-31],[-73,-72],[-68,94],[25,36],[-35,42],[9,45],[-33,26],[-43,1],[-119,-60],[-32,-42],[3,-64],[33,-26],[14,-92],[14,-28],[-90,12],[-1,-18],[-51,-52],[-67,7],[-30,-97],[-46,-19],[-74,-57],[-20,-37],[24,-32],[-66,-56],[-61,-38],[-27,-75],[9,-73],[24,-45],[-44,-24],[-42,-44],[-6,-31],[-56,-40],[-65,-109],[4,-82],[33,-60],[-23,-8],[-33,-58],[-79,-78],[-25,-44],[-28,-13],[13,-41],[-55,-27],[-17,-29],[15,-67],[-50,-53],[-6,-34],[-51,8],[-45,31],[-71,4],[-50,-19],[79,-78],[-8,-44],[50,-36],[6,-28],[-27,-53],[1,-45],[-86,-12],[-17,-49],[-42,-42],[-23,-67],[20,-22],[6,-59],[-13,-34],[-6,-101],[16,-16],[-6,-49],[-50,-116]]],"transform":{"scale":[0.0004510383525213791,0.0004193978930757863],"translate":[149.81708436402772,-36.065945959155556]},"objects":{"auspol-maps-2019-p100-alldivisions":{"type":"GeometryCollection","geometries":[{"arcs":[[0]],"type":"Polygon","properties":{"E_div_numb":16,"Elect_div":"Gilmore","Numccds":417,"Actual":0,"Projected":0,"Total_Popu":0,"Australian":0,"Area_SqKm":6341.7001184382,"Sortname":"Gilmore"}}]}}}