{"type":"Topology","arcs":[[[3398,0],[-267,34],[-231,29],[-9,2],[-216,25],[-401,48],[-428,52],[-143,21],[-213,25],[-11,0],[-344,42],[-417,53],[-117,16],[-573,71],[-28,8],[46,273],[-5,50],[26,168],[69,410],[15,99],[79,473],[55,335],[402,-49],[23,121],[43,241],[65,388],[39,233],[-3,31],[5,34],[13,-1],[67,-48],[23,1],[56,-24],[40,-7],[36,11],[39,29],[26,3],[29,22],[6,25],[36,4],[38,18],[36,2],[25,-30],[44,2],[64,-20],[-7,-22],[21,-19],[56,0],[65,37],[46,-21],[10,6],[48,-5],[21,-19],[35,-59],[59,-8],[10,12],[55,32],[37,-8],[11,-21],[47,-27],[51,-11],[28,-1],[27,12],[16,-12],[77,-16],[29,-20],[68,1],[63,-13],[17,7],[24,-16],[20,7],[38,-6],[28,-13],[68,-3],[26,-9],[9,-15],[53,-15],[113,22],[2,-16],[-41,-312],[-29,-197],[-97,-522],[-16,-41],[-33,-221],[-22,-200],[-39,-225],[-7,-69],[-4,-110],[12,-47],[820,-106],[-31,-6],[21,-27],[-26,-24],[12,-19],[-6,-36],[-28,-28],[-8,-33],[-22,-10],[10,-33],[-32,-13],[30,-18],[4,-18],[-26,-41],[7,-46],[-39,-43],[7,-46],[-22,-15],[24,-23],[-3,-29],[-21,-18],[63,-17],[0,-33],[22,3],[51,-28],[5,-25],[-24,-22],[-8,-28],[27,-15],[2,-43],[18,-21],[10,-31],[31,-18],[29,0],[51,-61],[-4,-35],[22,-31]]],"transform":{"scale":[0.00003228226635833953,0.000029885433819780788],"translate":[145.0907275801692,-37.89300735989773]},"objects":{"auspol-maps-2019-p100-alldivisions":{"type":"GeometryCollection","geometries":[{"arcs":[[0]],"type":"Polygon","properties":{"E_div_numb":7,"Elect_div":"Chisholm","Numccds":391,"Actual":106409,"Projected":108880,"Total_Popu":0,"Australian":0,"Area_SqKm":65.79,"Sortname":"Chisholm"}}]}}}