{"type":"Topology","arcs":[[[555,0],[-24,16],[-54,-11],[-44,6]],[[433,11],[1,0]],[[434,11],[-1,0]],[[433,11],[1,0]],[[434,11],[-111,29],[-3,41],[24,29],[49,28],[-164,22],[-15,26],[15,55],[-47,36],[-38,6],[5,33],[-67,28],[6,33],[-28,17],[-21,38],[14,70],[-42,18],[-11,24],[21,61],[-15,17],[1,71],[41,44],[62,48],[30,5],[10,95],[107,25],[39,-50],[47,-25],[6,-25],[50,-24],[9,-95],[32,-61],[2,-49],[89,-22],[36,-19],[21,22],[58,16],[48,-17],[23,-13],[-31,-39],[43,-68],[47,10],[29,-14],[6,-3],[-7,-37],[19,-63],[-95,-57],[-45,-49],[-13,-68],[-39,-51],[3,-36],[-79,-73]]],"transform":{"scale":[0.00045103455546543407,0.0004191371219166383],"translate":[151.19927599365695,-33.42934823328392]},"objects":{"auspol-maps-2019-p100-alldivisions":{"type":"GeometryCollection","geometries":[{"arcs":[[0,1,2,3,4]],"type":"Polygon","properties":{"E_div_numb":12,"Elect_div":"Dobell","Numccds":382,"Actual":0,"Projected":0,"Total_Popu":0,"Australian":0,"Area_SqKm":787.16957975242,"Sortname":"Dobell"}}]}}}