{"type":"Topology","arcs":[[[5927,875],[-189,36],[-65,10],[-87,5],[-44,-2],[44,-130],[54,-184],[2,-20],[-1,-172],[-2,-119],[25,-88],[-21,-195],[-172,0],[-93,6],[-93,-4],[-241,0],[-60,-18],[-22,31],[-16,-10],[0,166],[2,111],[-11,32],[11,11],[-3,28],[0,178],[-75,0],[-24,9],[-17,-9],[-206,-1],[-151,1],[-22,-3],[-18,122],[-23,51],[-42,34],[-59,10],[-228,-38],[-71,-16],[-79,-9],[-126,-9],[-207,-26],[-128,-8],[-89,8],[-142,15],[13,58],[4,39],[-6,180],[-6,48],[-28,102],[-6,51],[12,95],[-251,67],[-31,4],[-135,2],[-281,0],[-170,3],[-354,2],[-41,6],[-78,28],[-95,54],[-31,23],[-76,70],[-58,24],[-43,0],[-78,-12],[-51,-15],[-159,-56],[-38,-9],[-227,-24],[-53,-3],[-164,0],[-95,-1],[-46,141],[-25,65],[-49,94],[-127,201],[-121,204],[-15,31],[-23,73],[-9,49],[-5,95],[46,-9],[311,-102],[136,-41],[54,-6],[68,14],[133,49],[42,11],[33,2],[63,-6],[2,59],[-50,173],[-1,108],[-4,19],[-92,200],[30,20],[271,100],[-23,43],[-233,506],[-77,13],[-49,19],[-28,23],[-88,94],[-40,29],[-30,15],[-74,28],[93,212],[-107,268],[-183,194],[-61,157],[27,61],[112,237],[-60,75],[-227,271],[-269,322],[-17,193],[135,11],[75,14],[66,29],[134,67],[83,29],[143,3],[53,9],[67,28],[68,53],[51,66],[39,-37],[35,-46],[27,-71],[8,-117],[-2,-490],[-6,-21],[-43,-72],[788,1],[-1,123],[191,153],[51,0],[0,44],[423,1],[-1,111],[1008,5],[0,-150],[-94,0],[-1,-244],[90,1],[-4,-999],[-4,-1124],[1089,-2],[707,1],[679,0],[6,-257],[18,-335],[-22,0],[0,-234],[-7,-304],[9,-73],[21,-83],[21,-33],[29,-36],[25,-58],[18,-52],[11,-89],[-3,-139],[11,0],[1,-356],[-12,-21],[-53,-149]]],"transform":{"scale":[0.000032280547124925344,0.00002988337715674705],"translate":[115.77375547725782,-31.8881311199491]},"objects":{"auspol-maps-2019-p100-alldivisions":{"type":"GeometryCollection","geometries":[{"arcs":[[0]],"type":"Polygon","properties":{"E_div_numb":3,"Elect_div":"Cowan","Numccds":318,"Actual":93613,"Projected":100388,"Total_Popu":0,"Australian":0,"Area_SqKm":179.89785250451,"Sortname":"Cowan"}}]}}}