{"type":"Topology","arcs":[[[713,400],[-18,-66],[-17,-135],[-27,-137],[17,-50],[-19,-12],[-381,59],[-115,18],[-30,-24],[-38,48],[36,28],[39,6],[1,35],[0,1],[0,7],[-4,78],[8,39],[-55,113],[-6,28],[14,20],[-54,7],[-64,35],[8,10],[19,122],[56,19],[-21,68],[13,8],[-6,39],[19,36],[-30,48],[-1,51],[9,19],[76,25],[83,8],[60,99],[28,29],[43,27],[81,-2],[9,34],[-18,40],[-58,56],[31,70],[502,-83],[69,-83],[-33,-34],[-8,-55],[7,-40],[-20,-29],[-30,-5],[-21,-134],[81,-17],[-25,-38],[-50,1],[-57,-42],[-35,-4],[-36,17],[19,-78],[-51,-280]],[[129869,41725],[-47,-41],[-19,24],[-54,13],[-4,-25],[-37,-23],[18,-63],[-53,-39],[-1,-27],[-57,-63],[3,-42],[-61,-59],[-83,-112],[-45,-45],[-35,-3],[-60,-80],[-27,40],[-44,-6],[15,41],[-34,28],[-10,35],[2,48],[17,50],[36,33],[-18,67],[53,41],[-16,23],[63,67],[11,31],[-11,28],[13,35],[-7,80],[12,47],[4,60],[-29,71],[5,58],[39,68],[-9,17],[-71,86],[-19,8],[-18,37],[-99,143],[-37,31],[-37,1],[-28,52],[-3,31],[-30,22],[-33,1],[-37,-72],[-43,42],[-17,47],[-40,20],[-37,-15],[-13,-19],[0,-57],[-64,-2],[0,30],[-26,68],[8,28],[22,13],[22,45],[25,-30],[28,5],[9,27],[59,-18],[94,10],[69,-5],[43,5],[54,25],[20,-42],[-19,-44],[9,-32],[30,-19],[47,17],[58,-1],[11,-17],[-3,-40],[50,-113],[44,15],[45,-1],[-17,-64],[-2,-44],[28,-35],[13,-41],[-19,-16],[9,-33],[26,-25],[19,-38],[127,-62],[20,-39],[36,-14],[0,-76],[26,-28],[-3,-21],[25,-30],[33,15],[38,-6],[3,-37],[35,-65]],[[129317,42830],[-28,-16],[-59,54],[-14,30],[56,-14],[9,-25],[36,-29]],[[129931,42161],[-27,-46],[-19,28],[46,18]]],"transform":{"scale":[0.00006109185935075951,0.00005655237963456449],"translate":[151.17148825997776,-33.92351808169866]},"objects":{"auspol-maps-2019-p100-alldivisions":{"type":"GeometryCollection","geometries":[{"arcs":[[[0]],[[1]],[[2]],[[3]]],"type":"MultiPolygon","properties":{"E_div_numb":42,"Elect_div":"Sydney","Numccds":391,"Actual":0,"Projected":0,"Total_Popu":0,"Australian":0,"Area_SqKm":43.987546041943,"Sortname":"Sydney"}}]}}}