{"type":"Topology","arcs":[[[1687,103],[-25,38],[-38,31],[-30,5],[-77,78],[-30,15],[-41,-6],[-9,-23],[19,-20],[-21,-39],[-28,-6],[-40,24],[2,37],[-50,16],[-44,-22],[7,-36],[-47,-46],[-20,-79],[-31,-15],[-49,1],[-44,29],[-28,32],[-29,14],[12,36],[-7,55],[-70,27],[-53,35],[-76,-13],[-26,-22],[-126,-43],[-43,-78],[-42,-61],[-25,0],[-75,31],[-40,-2],[-24,-25],[-19,-54],[-38,-17],[-45,4],[-35,27],[-18,33],[2,51],[19,50],[-8,48],[-27,38],[-13,56],[0,74],[-10,51],[-49,116],[-6,50],[-22,66],[-43,46],[-44,30],[-83,43],[27,40],[-5,63],[-1,216],[63,146],[62,27],[101,-2],[28,-9],[118,-54],[41,-13],[178,-31],[88,23],[65,33],[51,46],[5,17],[-29,105],[-18,38],[-38,117],[-3,62],[27,75],[30,26],[36,12],[38,-3],[63,-41],[31,-70],[-12,-74],[32,-50],[40,-17],[46,-7],[107,14],[57,15],[45,30],[13,54],[-135,118],[-1,41],[21,39],[39,29],[54,22],[66,10],[177,9],[96,15],[33,25],[14,40],[21,105],[38,16],[83,-47],[48,-4],[17,10],[30,44],[42,-41],[107,39],[101,61],[29,10],[128,-10],[70,-13],[85,-7],[163,1],[145,-60],[-44,-92],[228,-93],[10,-34],[-4,-45],[-37,-94],[-32,-129],[-43,-204],[-23,-51],[-23,-27],[-117,-88],[-47,-45],[-141,-187],[-90,-104],[-50,-81],[-65,-84],[-54,-101],[-21,-67],[-34,-32],[-43,41],[-266,-244],[-47,-40],[-127,-119]]],"transform":{"scale":[0.00006109186153115681,0.00005653685726659537],"translate":[115.83811082428483,-32.03541319642344]},"objects":{"auspol-maps-2019-p100-alldivisions":{"type":"GeometryCollection","geometries":[{"arcs":[[0]],"type":"Polygon","properties":{"E_div_numb":15,"Elect_div":"Swan","Numccds":352,"Actual":93811,"Projected":99687,"Total_Popu":0,"Australian":0,"Area_SqKm":133.88594130483,"Sortname":"Swan"}}]}}}