{"type":"Topology","arcs":[[[1370,0],[0,9],[-20,65],[10,11],[-32,48],[11,17],[-30,72],[-90,50],[-25,-5],[-938,16],[-87,41],[-85,27],[-69,44],[-15,93],[0,2],[6,110],[20,49],[9,46],[0,2],[24,86],[49,102],[1,3],[2,8],[1,3],[2,6],[2,5],[1,5],[3,8],[2,4],[1,4],[2,4],[30,80],[98,127],[10,7],[15,20],[46,15],[-44,43],[-61,24],[-29,32],[22,121],[-13,58],[27,5],[19,38],[31,34],[67,42],[72,13],[10,29],[15,23],[37,23],[26,32],[31,24],[114,-18],[381,-59],[19,12],[-17,50],[28,138],[16,135],[18,65],[128,-9],[62,-53],[72,-32],[156,-22],[61,-6],[4,-21],[52,11],[24,-22],[51,-12],[14,-19],[177,-28],[43,-18],[27,-21],[-21,-21],[-69,28],[-22,-14],[25,-31],[-35,-37],[-37,-18],[-12,-22],[24,-75],[32,-21],[-21,-31],[4,-52],[27,-38],[-10,-46],[-29,-12],[21,-26],[38,-13],[44,-36],[-66,-63],[-41,-5],[-18,-22],[-19,-89],[29,-44],[44,-21],[49,-41],[21,-30],[-42,-37],[29,-33],[15,-57],[-3,-39],[-26,0],[-74,21],[-50,45],[-50,18],[-27,-19],[38,-58],[57,-59],[1,-28],[21,-30],[-15,-38],[-111,-33],[10,-25],[27,-4],[11,-50],[-34,-55],[2,-46],[16,-39],[-65,-128],[12,-39],[-11,-19],[-283,-264]]],"transform":{"scale":[0.0000610840618896448,0.00005654912654985689],"translate":[151.14825880306017,-34.01672097546455]},"objects":{"auspol-maps-2019-p100-alldivisions":{"type":"GeometryCollection","geometries":[{"arcs":[[0]],"type":"Polygon","properties":{"E_div_numb":22,"Elect_div":"Kingsford Smith","Numccds":384,"Actual":0,"Projected":0,"Total_Popu":0,"Australian":0,"Area_SqKm":91.027220546961,"Sortname":"Kingsford Smith"}}]}}}