{"type":"Topology","arcs":[[[749,241],[-47,-18],[-22,-29],[-36,34],[-16,-16],[14,-75],[-19,1],[-34,36],[-50,-5],[-8,-28],[-33,-3],[-31,-41],[2,-97],[-43,50],[-35,-42],[-23,74],[7,60],[-27,62],[2,48],[-64,42],[-14,-36],[-25,-10],[-62,21],[-41,-16],[-25,73],[14,10],[7,88],[-23,119],[-64,52],[-38,-44],[-15,51],[79,61],[64,11],[1,-32],[42,-7],[-13,-88],[30,-41],[0,-30],[86,-1],[49,-40],[54,-9],[26,21],[55,-8],[4,32],[35,-5],[22,30],[43,-31],[48,23],[25,-10],[33,-28],[-10,-63],[-22,-27],[58,-62],[-2,-2],[-10,-33],[52,-22]]],"transform":{"scale":[0.00045100159743510684,0.0004190775982987328],"translate":[152.68408175024916,-27.601163851753746]},"objects":{"auspol-maps-2019-p100-alldivisions":{"type":"GeometryCollection","geometries":[{"arcs":[[0]],"type":"Polygon","properties":{"E_div_numb":28,"Elect_div":"Ryan","Numccds":359,"Actual":102994,"Projected":109568,"Total_Popu":0,"Australian":0,"Area_SqKm":365.80196190624,"Sortname":"RYAN"}}]}}}