{"type":"Topology","arcs":[[[244,0],[-244,31],[11,71],[10,57],[29,-3],[12,75],[32,2],[100,-21],[-20,-138],[59,-8],[-9,-34],[20,-32]]],"transform":{"scale":[0.00045018575339966327,0.0004192081101392394],"translate":[145.09063635498674,-37.892957987103784]},"objects":{"auspol-maps-2019-p100-alldivisions":{"type":"GeometryCollection","geometries":[{"arcs":[[0]],"type":"Polygon","properties":{"E_div_numb":7,"Elect_div":"Chisholm","Numccds":391,"Actual":106409,"Projected":108880,"Total_Popu":0,"Australian":0,"Area_SqKm":65.79,"Sortname":"Chisholm"}}]}}}