{"type":"Topology","arcs":[[[1220,411],[-30,-75],[4,-37],[-27,-75],[-72,-35],[-9,-42],[14,-30],[-22,-47],[12,-38],[-19,-30],[-51,34],[-55,8],[0,-29],[-34,-15],[-80,14],[-38,31],[-102,28],[-28,-16],[-74,11],[7,47],[26,14],[6,40],[-36,6],[-4,95],[-21,32],[-35,4],[-43,66],[-46,4],[-28,71],[-58,0],[-8,-44],[-156,38],[-23,23],[-4,41],[-48,-2],[-29,22],[-66,16],[-43,42],[8,16],[54,11],[47,82],[38,6],[4,46],[-59,0],[10,32],[37,25],[5,30],[39,47],[69,-15],[41,-29],[33,-59],[36,54],[106,-20],[5,-61],[107,-15],[22,21],[55,-8],[14,27],[32,-6],[18,23],[74,-4],[87,-58],[48,-3],[6,-24],[45,-54],[42,-23],[45,29],[91,-12],[21,43],[-45,59],[25,20],[45,-45],[25,3],[-7,-126],[5,-84],[26,-51],[-34,-49]]],"transform":{"scale":[0.0004508857467466818,0.0004194585799014284],"translate":[152.5831893368258,-26.98468740060557]},"objects":{"auspol-maps-2019-p100-alldivisions":{"type":"GeometryCollection","geometries":[{"arcs":[[0]],"type":"Polygon","properties":{"E_div_numb":10,"Elect_div":"Fisher","Numccds":341,"Actual":103736,"Projected":108839,"Total_Popu":0,"Australian":0,"Area_SqKm":1198.35759779,"Sortname":"FISHER"}}]}}}