{"type":"Topology","arcs":[[[2059,789],[-48,-20],[-16,-42],[-43,-65],[-40,17],[-79,-45],[35,-22],[29,-72],[-31,-75],[-45,-30],[-21,-27],[-17,-71],[40,-30],[3,-52],[-30,-54],[-16,-50],[-22,-30],[8,-35],[-77,5],[-41,-25],[-35,52],[-84,-21],[-95,-10],[-37,-23],[-620,-36],[-159,-4],[-310,-17],[-41,-7],[-116,0],[-11,162],[107,6],[-81,65],[-67,25],[-17,33],[-82,91],[3,47],[14,32],[39,34],[-24,45],[18,34],[-23,34],[192,-2],[27,-17],[88,56],[59,14],[1,66],[39,40],[97,17],[351,-229],[76,96],[181,220],[36,29],[48,9],[46,-4],[44,10],[50,-18],[29,31],[23,-26],[114,0],[21,35],[-2,52],[56,54],[20,36],[48,11],[25,-63],[44,8],[52,-19],[16,-53],[39,3],[-5,37],[92,13],[15,47],[32,41],[39,-6],[-36,-44],[-12,-34],[9,-27],[-25,-73],[4,-31],[87,-73],[12,-25]]],"transform":{"scale":[0.00011296732667863188,0.00010479268742187406],"translate":[138.5475455566425,-34.84971391110939]},"objects":{"auspol-maps-2019-p100-alldivisions":{"type":"GeometryCollection","geometries":[{"arcs":[[0]],"type":"Polygon","properties":{"E_div_numb":7,"Elect_div":"Makin","Numccds":398,"Actual":119451,"Projected":122135,"Total_Popu":0,"Australian":0,"Area_SqKm":162.4,"Sortname":"Makin"}}]}}}