{"type":"Topology","arcs":[[[381,215],[-34,-182],[0,-33],[-269,41],[-15,-13],[-21,26],[40,18],[0,19],[0,1],[0,4],[2,62],[-29,61],[-55,55],[10,65],[30,11],[-12,36],[15,45],[-16,26],[4,38],[86,18],[33,53],[38,30],[43,-1],[-3,40],[-32,31],[15,38],[273,-46],[37,-45],[-18,-18],[0,-52],[-27,-18],[-12,-72],[44,-9],[-71,-42],[-39,6],[11,-41],[-28,-152]],[[70213,22514],[-26,-22],[-39,20],[-22,-27],[9,-34],[-59,-69],[0,-23],[-33,-32],[-44,-60],[-43,-26],[-33,-43],[-49,56],[-3,44],[28,45],[-9,36],[54,71],[3,93],[9,58],[-16,39],[3,31],[21,37],[-64,80],[-53,76],[-40,18],[-17,45],[-34,11],[-20,-38],[-33,49],[-48,-9],[0,-30],[-35,-1],[-14,53],[28,47],[65,-9],[112,5],[29,14],[0,-46],[22,-28],[56,9],[5,-32],[26,-60],[49,7],[-10,-58],[22,-41],[-6,-27],[25,-34],[68,-33],[31,-29],[0,-40],[26,-43],[38,5],[21,-55]]],"transform":{"scale":[0.00011299134491581103,0.000104808648397036],"translate":[151.17200012623542,-33.92347641787134]},"objects":{"auspol-maps-2019-p100-alldivisions":{"type":"GeometryCollection","geometries":[{"arcs":[[[0]],[[1]]],"type":"MultiPolygon","properties":{"E_div_numb":42,"Elect_div":"Sydney","Numccds":391,"Actual":0,"Projected":0,"Total_Popu":0,"Australian":0,"Area_SqKm":43.987546041943,"Sortname":"Sydney"}}]}}}