{"type":"Topology","arcs":[[[1574,452],[-33,-55],[-48,-112],[-30,-38],[-49,-36],[-111,-61],[-46,-39],[-33,-42],[-49,-40],[-72,-29],[-3,21],[1,0],[-35,63],[-26,16],[-55,0],[-31,16],[-27,42],[0,71],[-28,38],[3,59],[-28,38],[-68,-39],[-60,8],[-34,16],[-45,42],[-15,-19],[-57,-15],[-66,-60],[-14,14],[-291,43],[-20,10],[-67,-2],[14,-50],[-74,23],[-34,25],[-13,53],[-16,12],[10,59],[-24,21],[9,23],[37,17],[30,34],[-25,59],[32,-5],[14,33],[46,21],[59,52],[0,28],[-8,50],[19,25],[12,-16],[72,-39],[155,-23],[13,71],[-6,40],[32,-2],[38,27],[1,40],[35,18],[11,24],[-14,33],[68,81],[42,8],[1,51],[-20,66],[-40,97],[-21,32],[54,97],[-10,38],[1,56],[23,56],[80,0],[94,11],[-52,-62],[11,-21],[-4,-114],[6,-48],[41,-111],[49,-62],[73,-17],[28,-28],[7,-39],[-37,-7],[-7,-35],[46,-16],[54,-35],[4,-37],[53,2],[80,-59],[46,-4],[70,-28],[80,-44],[63,-39],[48,2],[74,-5],[36,-25],[9,-63],[-2,-41],[28,-29],[-67,-63],[-58,-33],[33,-67],[28,-28]]],"transform":{"scale":[0.0001129608143997221,0.00010475870053157551],"translate":[152.97537119110225,-27.445279958995584]},"objects":{"auspol-maps-2019-p100-alldivisions":{"type":"GeometryCollection","geometries":[{"arcs":[[0]],"type":"Polygon","properties":{"E_div_numb":19,"Elect_div":"Lilley","Numccds":363,"Actual":103292,"Projected":110537,"Total_Popu":0,"Australian":0,"Area_SqKm":140.73481940635,"Sortname":"LILLEY"}}]}}}