{"type":"Topology","arcs":[[[257,46],[0,-5],[-4,-34],[-75,-7],[-128,11],[23,168],[-36,4],[10,72],[-25,9],[4,60],[-26,43],[57,-2],[9,-31],[63,18],[34,-32],[12,-49],[27,-32],[6,-10],[-26,-28],[37,-34],[17,-63],[29,-11],[-8,-47]]],"transform":{"scale":[0.00044959462997585777,0.00041885232534926434],"translate":[144.74663798976513,-37.81673908041637]},"objects":{"auspol-maps-2019-p100-alldivisions":{"type":"GeometryCollection","geometries":[{"arcs":[[0]],"type":"Polygon","properties":{"E_div_numb":14,"Elect_div":"Fraser","Numccds":423,"Actual":109137,"Projected":111482,"Total_Popu":0,"Australian":0,"Area_SqKm":106.23,"Sortname":"Fraser"}}]}}}