{"type":"Topology","arcs":[[[1593,860],[-11,-28],[-71,-14],[-68,-42],[-30,-33],[-19,-38],[-27,-5],[13,-59],[-23,-121],[30,-31],[60,-25],[44,-43],[-46,-14],[-14,-21],[-10,-7],[-98,-127],[-30,-80],[-2,-4],[-1,-4],[-2,-4],[-3,-7],[-1,-5],[-2,-5],[-2,-6],[-1,-3],[-3,-9],[-1,-3],[-16,-1],[-273,43],[-16,-77],[-9,-14],[-98,-73],[-44,38],[-42,57],[-141,-29],[-85,24],[-80,1],[-36,11],[-56,31],[-51,15],[-42,-3],[-256,321],[-30,71],[136,51],[103,-2],[86,10],[63,20],[-34,167],[-24,62],[-37,64],[396,177],[38,-16],[78,6],[38,10],[89,49],[64,-1],[41,-23],[47,-8],[79,-4],[86,-41],[146,-42],[41,8],[25,-45],[52,-54],[80,-65]]],"transform":{"scale":[0.0000610653377788136,0.00005654681970840365],"translate":[151.0769581049635,-33.97360219898923]},"objects":{"auspol-maps-2019-p100-alldivisions":{"type":"GeometryCollection","geometries":[{"arcs":[[0]],"type":"Polygon","properties":{"E_div_numb":2,"Elect_div":"Barton","Numccds":380,"Actual":0,"Projected":0,"Total_Popu":0,"Australian":0,"Area_SqKm":39.608255317977,"Sortname":"Barton"}}]}}}