{"type":"Topology","arcs":[[[605,91],[-68,-39],[-50,-52],[-68,27],[-26,41],[-92,90],[-61,90],[1,81],[-71,93],[-85,78],[-6,38],[61,-16],[-13,36],[-70,84],[-38,27],[16,48],[-23,75],[7,50],[-16,19],[-3,48],[22,46],[-8,51],[51,-7],[14,81],[465,-62],[11,-35],[-19,-105],[85,-12],[-46,-278],[-123,17],[19,-25],[17,-75],[149,-232],[-32,-182]]],"transform":{"scale":[0.00011285802930928359,0.00010471887093713511],"translate":[144.9834117559385,-37.99633746378139]},"objects":{"auspol-maps-2019-p100-alldivisions":{"type":"GeometryCollection","geometries":[{"arcs":[[0]],"type":"Polygon","properties":{"E_div_numb":17,"Elect_div":"Goldstein","Numccds":339,"Actual":106548,"Projected":108916,"Total_Popu":0,"Australian":0,"Area_SqKm":50.66,"Sortname":"Goldstein"}}]}}}