{"type":"Topology","arcs":[[[2074,0],[-155,1],[-18,72],[-136,0],[-37,18],[-56,67],[-59,-35],[-24,20],[29,78],[-58,1],[-2,-32],[-71,12],[-12,-39],[-85,11],[-28,-17],[-53,19],[4,27],[-87,-1],[-60,-9],[-36,-18],[-85,1],[-61,17],[27,10],[0,60],[-13,58],[34,3],[22,75],[-42,21],[1,66],[25,58],[-12,40],[7,73],[-25,49],[63,0],[0,34],[62,30],[57,13],[21,24],[-13,38],[8,33],[41,63],[56,34],[-3,27],[-55,44],[-51,54],[-25,65],[11,14],[6,117],[-62,8],[-37,-25],[-61,-8],[-126,-4],[0,87],[-326,2],[2,33],[30,48],[-17,75],[45,32],[6,32],[32,48],[60,45],[18,45],[-25,41],[41,8],[46,71],[-33,28],[28,56],[42,41],[63,37],[-7,119],[-528,0],[-32,25],[-35,-27],[-68,-1],[-24,55],[-31,0],[-32,0],[4,137],[-111,0],[0,155],[-24,48],[3,96],[20,67],[16,16],[-6,53],[12,47],[24,0],[35,82],[-31,70],[22,26],[-15,44],[-60,45],[4,58],[21,11],[-69,84],[15,48],[48,13],[39,-25],[65,0],[40,35],[-25,29],[3,31],[85,24],[59,-35],[34,-20],[38,-61],[77,-36],[39,-48],[45,-16],[6,-49],[29,3],[61,-47],[47,-17],[31,-54],[41,25],[32,-45],[63,-3],[-2,-49],[88,10],[-21,-36],[93,-12],[-15,-55],[57,9],[9,-29],[46,13],[21,-34],[42,24],[27,-6],[34,48],[40,6],[15,69],[54,32],[34,-15],[97,-8],[31,-36],[79,24],[0,57],[-32,15],[-12,54],[-86,72],[16,49],[58,16],[-17,71],[8,37],[31,27],[18,52],[-8,53],[61,15],[48,-2],[60,45],[56,22],[84,9],[53,-9],[51,-35],[48,1],[38,15],[59,-16],[4,23],[78,-7],[56,-51],[50,-8],[38,23],[37,-28],[74,7],[27,22],[52,3],[21,50],[49,-18],[43,19],[22,39],[51,-6],[105,11],[34,-40],[114,-106],[37,19],[17,-64],[58,-32],[6,-24],[47,-42],[33,13],[34,-29],[7,-31],[33,-2],[34,-31],[103,-23],[41,-26],[82,36],[49,33],[83,5],[7,-32],[32,-13],[44,6],[17,-53],[75,-50],[65,19],[37,24],[53,-10],[5,-34],[66,-14],[48,9],[70,-4],[27,-19],[47,9],[6,-30],[-6,-18],[50,-7],[10,-67],[-9,-33],[38,-6],[-16,-88],[67,-24],[-5,-69],[20,-33],[-53,-19],[-201,0],[2,-163],[-210,0],[-13,-25],[0,-80],[-515,0],[0,-76],[-52,-269],[-34,20],[-63,-17],[1,-134],[-223,0],[0,-154],[-37,0],[26,-64],[40,-2],[0,-77],[-123,-139],[18,-32],[-28,-33],[-28,17],[-124,0],[-6,35],[-33,0],[-9,-31],[3,-72],[-94,0],[0,-104],[19,-30],[35,-5],[-18,-122],[33,-1],[-6,-72],[-46,-12],[-5,-83],[-13,-51],[-61,-80],[-28,-66],[29,-15],[8,-53],[-82,-53],[0,-78],[-39,0],[-6,-42],[-43,-17],[-70,-7],[-73,10],[5,-26],[-13,-67],[-62,9],[-30,-22],[-27,16],[-4,-101],[-60,-48],[-60,-12],[-19,-35],[23,-38],[-24,-38],[16,-22],[-23,-40],[73,-2],[-1,-37]]],"transform":{"scale":[0.00045096222426484396,0.0004194880481288543],"translate":[144.26008174346066,-37.29409514884556]},"objects":{"auspol-maps-2019-p100-alldivisions":{"type":"GeometryCollection","geometries":[{"arcs":[[0]],"type":"Polygon","properties":{"E_div_numb":35,"Elect_div":"Nicholls","Numccds":416,"Actual":108608,"Projected":109734,"Total_Popu":0,"Australian":0,"Area_SqKm":14768.97,"Sortname":"Nicholls"}}]}}}