{"type":"Topology","arcs":[[[1897,539],[-32,19],[-68,13],[-54,-24],[-26,1],[-16,33],[-42,7],[-12,28],[-66,-65],[25,-33],[32,-66],[10,-52],[12,-113],[10,-31],[47,-69],[-58,-187],[-63,18],[-55,24],[-50,12],[-98,8],[-88,43],[-105,19],[-149,40],[-137,16],[-33,9],[-130,52],[33,172],[6,3],[37,201],[56,169],[22,26],[-31,132],[-22,70],[-33,78],[-12,54],[-1,91],[-36,56],[-128,104],[-138,180],[-95,182],[-29,128],[-223,442],[-28,66],[-46,161],[-40,54],[-24,84],[-6,122],[-13,39],[126,67],[84,-67],[41,-40],[80,-40],[45,-37],[39,-47],[52,-14],[79,4],[132,-37],[38,-15],[91,-69],[49,-67],[49,-33],[73,-40],[23,-28],[32,-64],[21,-38],[15,-21],[106,-135],[68,-91],[57,-135],[13,-67],[25,-35],[58,-135],[158,-393],[21,-39],[54,-139],[70,-144],[12,-12],[38,-85],[19,-107],[32,-79],[53,-80],[44,-54]]],"transform":{"scale":[0.00006106942828161247,0.000056548036506757024],"translate":[150.85105312933558,-33.8115751043108]},"objects":{"auspol-maps-2019-p100-alldivisions":{"type":"GeometryCollection","geometries":[{"arcs":[[0]],"type":"Polygon","properties":{"E_div_numb":18,"Elect_div":"Greenway","Numccds":334,"Actual":0,"Projected":0,"Total_Popu":0,"Australian":0,"Area_SqKm":81.34897980184,"Sortname":"Greenway"}}]}}}