{"type":"Topology","arcs":[[[4383,308],[-12,-29],[-72,1],[-23,-42],[-212,-5],[-59,-25],[-13,25],[-50,-4],[-58,-27],[-13,22],[-42,13],[-345,0],[-34,-85],[-46,-18],[-43,-41],[12,-36],[-53,0],[-78,-36],[-77,0],[-53,-19],[-91,9],[-22,-11],[-513,0],[0,289],[-57,0],[-32,11],[-35,89],[-26,13],[-8,42],[-60,-4],[-1,264],[8,0],[77,-1],[1,93],[-47,1],[1,43],[142,-1],[0,-15],[93,-1],[13,245],[-152,6],[-1,121],[27,42],[0,45],[-34,42],[21,37],[-16,15],[7,76],[-2,100],[-132,0],[1,84],[-184,1],[-80,-11],[-44,-16],[-32,11],[-79,-44],[19,-39],[-30,-20],[0,-156],[-12,-36],[0,-19],[0,-54],[-47,-36],[-77,-44],[-44,3],[-2,0],[-104,5],[-6,158],[-177,0],[1,179],[-72,0],[-47,-31],[-54,7],[-2,48],[-68,-16],[-53,-12],[-3,25],[-93,-1],[-34,86],[-12,54],[-48,73],[-64,137],[-59,80],[-11,29],[-54,57],[-8,45],[-26,29],[-9,40],[-46,95],[-58,89],[-21,19],[-139,205],[-37,110],[-56,122],[-7,47],[-33,100],[-107,210],[-16,71],[-26,60],[-53,71],[-7,26],[-41,52],[-12,49],[357,-3],[2,-14],[106,0],[57,-49],[34,-76],[15,-58],[380,0],[101,-19],[76,1],[26,14],[74,-12],[100,11],[26,13],[43,-25],[6,-45],[22,-17],[71,19],[33,-9],[0,-133],[207,0],[6,-68],[384,0],[0,-32],[29,-32],[0,-148],[29,-7],[-6,-119],[140,-14],[117,0],[92,-170],[84,39],[20,-33],[95,45],[15,-28],[108,51],[47,-84],[100,80],[25,12],[-61,-290],[2,-99],[13,-45],[-21,-95],[11,-34],[113,52],[65,-23],[57,-4],[56,24],[42,-30],[28,-5],[125,46],[23,-43],[47,22],[22,-61],[32,-36],[24,-64],[60,-109],[108,-182],[-40,-19],[30,-42],[71,-126],[35,-14],[35,-41],[82,34],[39,-66],[69,-23],[39,18],[76,-135],[-71,-83],[34,-46],[-100,-47],[19,-35],[-38,-34],[26,-54],[44,-10],[54,10],[74,-50],[40,-9],[47,-69],[24,-7],[25,-69],[-17,-12],[-12,-112],[30,0],[-2,-108],[20,-35],[-18,-44],[1,-72]]],"transform":{"scale":[0.00045101068768136146,0.00041951140239002426],"translate":[115.26263796600537,-32.35747982705382]},"objects":{"auspol-maps-2019-p100-alldivisions":{"type":"GeometryCollection","geometries":[{"arcs":[[0]],"type":"Polygon","properties":{"E_div_numb":12,"Elect_div":"Pearce","Numccds":331,"Actual":91678,"Projected":98945,"Total_Popu":0,"Australian":0,"Area_SqKm":13250.093994521,"Sortname":"Pearce"}}]}}}