{"type":"Topology","arcs":[[[2986,2259],[-31,-91],[-52,13],[-16,-48],[-29,3],[-21,-18],[35,-31],[-56,-1],[-27,-120],[29,-28],[-28,-134],[-33,-60],[-18,3],[-59,-66],[-55,5],[-5,-19],[-79,11],[-58,63],[-19,-90],[-158,19],[-424,59],[-20,-128],[-27,-157],[-11,-101],[-39,-229],[-11,-36],[-24,-151],[12,-28],[-15,-21],[-9,-60],[24,-47],[-41,-33],[-127,46],[-46,-7],[-14,-13],[-28,-58],[4,-59],[48,7],[35,-32],[-18,-23],[-36,11],[-2,-29],[-106,-25],[-41,-38],[-53,-4],[-41,10],[-88,43],[-55,59],[-47,-3],[-5,-23],[-35,-52],[-36,-13],[-49,25],[-43,0],[-41,27],[-19,-47],[-54,2],[-18,-38],[42,-17],[-4,-23],[-80,23],[-27,-44],[66,14],[8,-42],[28,-21],[-14,-34],[-39,-58],[-54,16],[-17,-7],[6,-40],[57,-29],[-19,-32],[-51,28],[-33,-24],[3,-45],[-19,-32],[-19,-73],[11,-30],[-21,-20],[-37,15],[-57,52],[-84,-45],[-19,23],[-22,-59],[-27,47],[-101,31],[-22,-4],[-61,-68],[-37,16],[-15,31],[6,34],[-44,19],[12,67],[-22,38],[45,0],[-3,37],[-72,-3],[-10,59],[-18,43],[-41,14],[-1,30],[32,42],[-15,35],[52,29],[-26,28],[20,37],[-3,38],[22,28],[45,23],[6,20],[-39,31],[22,14],[-33,47],[-18,64],[30,22],[7,26],[49,-2],[48,57],[-31,28],[37,7],[-31,47],[364,-44],[11,99],[98,-12],[-47,82],[52,65],[24,17],[85,-10],[15,90],[-8,41],[-87,10],[-82,-22],[-217,18],[100,105],[13,44],[21,68],[17,31],[106,120],[20,27],[514,-59],[33,35],[31,80],[-37,21],[-56,-5],[-45,21],[-62,-13],[0,39],[-80,-34],[-35,20],[3,64],[42,-3],[-23,43],[56,-4],[-10,26],[-34,14],[3,27],[-37,10],[49,43],[21,-16],[40,28],[6,35],[52,36],[29,-32],[18,33],[60,8],[37,20],[-11,57],[56,36],[-69,29],[13,31],[37,-26],[44,15],[162,-17],[8,46],[29,22],[68,-41],[14,1],[69,54],[51,8],[27,-42],[-9,-41],[61,-8],[-12,-60],[105,-11],[9,48],[-71,26],[8,40],[73,-10],[6,31],[29,0],[7,-35],[70,-9],[-8,33],[8,42],[-14,37],[38,3],[102,-14],[-25,55],[5,24],[26,19],[35,-5],[30,13],[-29,40],[36,19],[-24,29],[29,75],[6,32],[82,-11],[-29,-50],[-16,-61],[74,-10],[-3,-17],[66,-7],[-21,-112],[53,-7],[-15,-86],[190,-22],[-19,-41],[84,-9],[12,52],[36,-5],[40,17],[-13,-76],[16,-46],[35,51],[23,-12],[26,39],[53,-26],[11,57],[40,-20],[-13,-21],[61,-15],[-10,-27]]],"transform":{"scale":[0.00006109112531569595,0.000056538702163228196],"translate":[145.02798363729121,-37.78452811265056]},"objects":{"auspol-maps-2019-p100-alldivisions":{"type":"GeometryCollection","geometries":[{"arcs":[[0]],"type":"Polygon","properties":{"E_div_numb":24,"Elect_div":"Jagajaga","Numccds":354,"Actual":106532,"Projected":108090,"Total_Popu":0,"Australian":0,"Area_SqKm":104.41,"Sortname":"Jagajaga"}}]}}}