{"type":"Topology","arcs":[[[614,21],[-69,-21],[-27,20],[-10,36],[-80,31],[-15,34],[-111,-44],[-48,36],[-16,85],[-55,21],[-36,1],[-113,20],[-31,15],[22,52],[-17,14],[13,106],[0,50],[-21,15],[37,41],[-10,36],[8,45],[28,38],[35,-1],[3,47],[503,141],[9,-1],[10,4],[57,-59],[31,-13],[111,-16],[-2,-28],[-67,-146],[-45,-126],[-40,-127],[-26,-122],[-28,-184]]],"transform":{"scale":[0.0004507454424965763,0.00041951662745870174],"translate":[153.17235971009327,-27.741432259859145]},"objects":{"auspol-maps-2019-p100-alldivisions":{"type":"GeometryCollection","geometries":[{"arcs":[[0]],"type":"Polygon","properties":{"E_div_numb":3,"Elect_div":"Bowman","Numccds":345,"Actual":104241,"Projected":109932,"Total_Popu":0,"Australian":0,"Area_SqKm":536.30704580511,"Sortname":"BOWMAN"}}]}}}