{"type":"Topology","arcs":[[[1320,232],[-46,7],[-43,-239],[-150,19],[-67,33],[-90,16],[-70,-6],[-65,4],[-70,66],[-30,50],[-102,16],[39,-58],[-8,-24],[-41,-33],[-18,-34],[-18,25],[-274,41],[35,47],[-14,24],[33,39],[-55,66],[-21,80],[-25,54],[19,23],[9,67],[-90,-21],[-21,89],[-126,-28],[-11,44],[9,47],[18,19],[1,47],[74,-1],[7,32],[-28,47],[6,90],[-38,74],[-4,55],[30,64],[35,0],[90,-71],[57,-64],[41,-22],[38,-8],[62,5],[28,15],[-13,42],[-74,7],[-14,23],[21,54],[48,28],[107,13],[28,29],[46,6],[112,-18],[-9,-48],[21,-61],[87,-55],[44,-64],[26,-115],[18,-49],[118,-151],[39,-38],[102,-71],[54,-31],[38,-38],[95,-159]]],"transform":{"scale":[0.00011298341013035913,0.00010474655840010266],"translate":[152.96197876102215,-27.618204126188093]},"objects":{"auspol-maps-2019-p100-alldivisions":{"type":"GeometryCollection","geometries":[{"arcs":[[0]],"type":"Polygon","properties":{"E_div_numb":24,"Elect_div":"Moreton","Numccds":382,"Actual":100082,"Projected":108515,"Total_Popu":0,"Australian":0,"Area_SqKm":107.85800249306,"Sortname":"MORETON"}}]}}}