{"type":"Topology","arcs":[[[299,0],[-207,50],[-44,87],[-48,13],[9,70],[64,50],[39,17],[32,48],[54,18],[21,-71],[47,-102],[36,-38],[18,-65],[-21,-77]]],"transform":{"scale":[0.00045087373319523393,0.00041913413109224263],"translate":[150.76196075458643,-33.797953113944466]},"objects":{"auspol-maps-2019-p100-alldivisions":{"type":"GeometryCollection","geometries":[{"arcs":[[0]],"type":"Polygon","properties":{"E_div_numb":8,"Elect_div":"Chifley","Numccds":387,"Actual":0,"Projected":0,"Total_Popu":0,"Australian":0,"Area_SqKm":125.94218267579,"Sortname":"Chifley"}}]}}}