{"type":"Topology","arcs":[[[494,102],[-40,-1],[-121,-66],[-27,-35],[-60,4],[-100,20],[-32,-2],[-51,38],[-63,-1],[24,64],[65,-2],[57,29],[22,134],[79,-11],[44,21],[4,38],[23,23],[72,-14],[49,-37],[1,-37],[26,-52],[36,8],[-26,-72],[18,-49]]],"transform":{"scale":[0.00045066366356516106,0.0004185770233513888],"translate":[145.06722105084754,-37.80553041766822]},"objects":{"auspol-maps-2019-p100-alldivisions":{"type":"GeometryCollection","geometries":[{"arcs":[[0]],"type":"Polygon","properties":{"E_div_numb":33,"Elect_div":"Menzies","Numccds":378,"Actual":107503,"Projected":109176,"Total_Popu":0,"Australian":0,"Area_SqKm":184.73,"Sortname":"Menzies"}}]}}}