{"type":"Topology","arcs":[[[912,53],[-91,83],[-39,4],[-5,-44],[-37,10],[-27,29],[-45,-56],[-11,-43],[-43,-8],[-55,41],[3,50],[-66,33],[-123,-43],[-47,-75],[-53,17],[-35,-14],[-10,-30],[-45,-7],[-29,32],[12,55],[-27,77],[-5,67],[-26,63],[-16,63],[-23,24],[-69,39],[15,23],[-4,150],[35,78],[34,15],[54,-1],[101,-41],[97,-17],[82,30],[31,34],[-47,141],[-2,34],[32,54],[39,5],[35,-23],[17,-37],[-7,-40],[17,-27],[47,-13],[89,15],[23,17],[8,29],[-73,63],[10,43],[51,28],[131,10],[71,22],[18,78],[21,8],[44,-24],[27,-2],[24,28],[23,-22],[58,21],[70,39],[154,-17],[88,1],[79,-32],[-24,-51],[123,-49],[3,-43],[-20,-51],[-41,-179],[-24,-43],[-89,-71],[-76,-100],[-50,-57],[-61,-88],[-59,-109],[-24,22],[-238,-218]]],"transform":{"scale":[0.00011298707635964438,0.00010479617428792577],"translate":[115.83805543952613,-32.03522401749335]},"objects":{"auspol-maps-2019-p100-alldivisions":{"type":"GeometryCollection","geometries":[{"arcs":[[0]],"type":"Polygon","properties":{"E_div_numb":15,"Elect_div":"Swan","Numccds":352,"Actual":93811,"Projected":99687,"Total_Popu":0,"Australian":0,"Area_SqKm":133.88594130483,"Sortname":"Swan"}}]}}}