{"type":"Topology","arcs":[[[1373,588],[0,-5],[-20,-30],[-7,-50],[-30,-88],[-45,-48],[-56,-20],[-59,-1],[-15,14],[-61,-15],[-18,30],[-46,29],[-55,9],[-87,-17],[-91,-43],[-38,-38],[-45,-67],[-9,-32],[31,-30],[-26,-53],[26,-28],[-10,-34],[47,-20],[-18,-26],[-76,-25],[-122,4],[-55,66],[-170,-50],[-28,21],[-67,104],[-50,60],[-45,-22],[-47,36],[-23,-19],[-49,10],[-9,22],[6,67],[30,138],[-24,9],[92,64],[15,33],[-36,20],[3,28],[45,67],[3,22],[32,27],[-10,56],[-21,26],[1,40],[19,20],[107,55],[67,-9],[139,99],[53,40],[13,49],[157,-23],[-27,-54],[-12,-47],[-1,-1],[-15,-51],[-3,-59],[0,-2],[7,-50],[38,-24],[92,-37],[508,-8],[63,-24],[32,-115]]],"transform":{"scale":[0.00011291388973584218,0.0001047958517389151],"translate":[151.07686030294636,-34.077816206175925]},"objects":{"auspol-maps-2019-p100-alldivisions":{"type":"GeometryCollection","geometries":[{"arcs":[[0]],"type":"Polygon","properties":{"E_div_numb":9,"Elect_div":"Cook","Numccds":357,"Actual":0,"Projected":0,"Total_Popu":0,"Australian":0,"Area_SqKm":93.822495529488,"Sortname":"Cook"}}]}}}