{"type":"Topology","arcs":[[[772,8],[-85,102],[-40,-24],[-33,25],[-61,13],[-112,0],[-3,9],[-155,-6],[-22,7],[-23,-53],[-42,13],[-33,31],[-26,-24],[27,-75],[-38,-26],[-34,7],[-39,48],[-53,31],[60,55],[96,111],[14,68],[-44,33],[-61,5],[-37,-10],[21,37],[-16,40],[0,41],[20,20],[105,-5],[2,0],[44,-3],[77,44],[48,36],[0,54],[0,19],[11,36],[0,156],[30,21],[-19,39],[79,44],[32,-12],[44,17],[81,11],[183,-2],[-1,-84],[132,0],[2,-100],[-6,-75],[16,-16],[-21,-37],[34,-41],[0,-46],[-28,-42],[1,-121],[153,-6],[-14,-245],[-92,0],[0,16],[-143,1],[-1,-43],[48,-1],[-1,-93],[-77,0]]],"transform":{"scale":[0.0004507223467861122,0.00041907255964900573],"translate":[115.94099310062659,-32.06573434809487]},"objects":{"auspol-maps-2019-p100-alldivisions":{"type":"GeometryCollection","geometries":[{"arcs":[[0]],"type":"Polygon","properties":{"E_div_numb":8,"Elect_div":"Hasluck","Numccds":347,"Actual":91739,"Projected":97337,"Total_Popu":0,"Australian":0,"Area_SqKm":1192.4523421716,"Sortname":"Hasluck"}}]}}}