{"type":"Topology","arcs":[[[381,182],[-30,-182],[-36,53],[-84,11],[6,32],[-59,7],[-72,52],[-24,-39],[-82,10],[2,18],[24,121],[138,-17],[22,-28]],[[186,220],[11,22],[102,-12],[30,-39],[52,-9]]],"transform":{"scale":[0.00045098953085787887,0.000418134480955192],"translate":[145.1450425028396,-38.04379456294315]},"objects":{"auspol-maps-2019-p100-alldivisions":{"type":"GeometryCollection","geometries":[{"arcs":[[0,1]],"type":"Polygon","properties":{"E_div_numb":4,"Elect_div":"Bruce","Numccds":424,"Actual":109420,"Projected":111485,"Total_Popu":0,"Australian":0,"Area_SqKm":95.9,"Sortname":"Bruce"}}]}}}