{"type":"Topology","arcs":[[[213,39],[-35,41],[-125,17],[20,115],[-12,3],[0,2],[-26,53],[-35,6],[30,181],[137,-17],[21,9],[-13,71],[17,40],[58,-9],[59,51],[45,-3],[41,23],[58,-3],[40,29],[14,49],[48,-16],[48,-61],[65,3],[46,-45],[37,-3],[64,27],[2,32],[49,18],[61,1],[20,-43],[39,-9],[-13,-53],[11,-20],[-35,-49],[19,-32],[50,-45],[5,-43],[-47,0],[-155,69],[-41,-34],[-151,23],[-11,-69],[43,0],[-18,-70],[22,-20],[12,-78],[-32,-142],[-31,-19],[-117,-19],[-284,39]]],"transform":{"scale":[0.00045070858838481734,0.0004194920716974644],"translate":[145.3034401484872,-38.15940391300263]},"objects":{"auspol-maps-2019-p100-alldivisions":{"type":"GeometryCollection","geometries":[{"arcs":[[0]],"type":"Polygon","properties":{"E_div_numb":26,"Elect_div":"La Trobe","Numccds":275,"Actual":100962,"Projected":108510,"Total_Popu":0,"Australian":0,"Area_SqKm":748.13,"Sortname":"La Trobe"}}]}}}