{"type":"Topology","arcs":[[[3004,306],[-41,2],[-55,-29],[0,-1],[-21,-3],[-26,-42],[-108,45],[-27,-34],[8,-33],[-31,-13],[-10,-38],[-72,-65],[13,-19],[-46,-64],[-76,12],[-22,20],[-103,12],[-78,4],[-22,13],[-71,-6],[-94,22],[-42,38],[-65,-4],[-38,-21],[-58,-59],[-32,-22],[-36,17],[-34,-12],[-8,-26],[-39,7],[-39,37],[-109,44],[-14,33],[-64,2],[-46,66],[-44,-18],[0,-56],[-42,-58],[-15,32],[-62,15],[-39,30],[22,97],[-46,33],[-63,-4],[11,24],[-22,34],[-52,6],[32,53],[-39,21],[-30,47],[-36,111],[-32,40],[-7,31],[23,26],[-6,45],[-58,26],[12,24],[-11,43],[-34,44],[7,52],[21,44],[-12,16],[-87,10],[-34,-13],[-64,25],[-48,-32],[-51,32],[-87,26],[-26,43],[-32,7],[-29,47],[-10,42],[-51,58],[8,68],[-27,31],[17,53],[-35,65],[-67,15],[-32,20],[-29,61],[-55,32],[-38,4],[5,32],[-52,7],[-41,63],[-15,59],[-30,10],[-35,-12],[-31,41],[14,35],[66,-9],[38,52],[12,102],[-28,50],[23,24],[-96,27],[28,27],[-2,70],[55,32],[33,32],[29,-4],[21,77],[57,9],[36,24],[51,3],[13,-26],[82,-28],[25,-32],[64,39],[6,33],[36,2],[-10,46],[154,-14],[5,-55],[62,37],[7,-64],[36,-5],[11,73],[129,-8],[62,-31],[-4,-32],[79,-32],[1,-38],[48,-16],[50,-44],[-12,-60],[55,-9],[-16,-94],[59,-2],[-14,-53],[-34,-20],[16,-31],[-37,-18],[-75,-128],[-51,14],[-44,-72],[-32,-12],[-13,-27],[50,-8],[-18,-114],[-30,-19],[-5,-30],[42,-64],[-36,-51],[23,-110],[84,9],[24,139],[24,-4],[12,48],[60,0],[10,59],[45,-6],[8,81],[14,22],[153,-20],[21,-25],[68,-12],[39,9],[16,-27],[210,-43],[6,-43],[54,-8],[40,8],[11,64],[108,4],[58,23],[17,104],[71,-11],[12,55],[8,45],[-15,20],[27,33],[8,37],[73,-25],[52,-36],[50,-8],[-6,-51],[-24,-19],[-8,-48],[-34,-32],[95,-13],[-10,-64],[-28,-59],[37,-2],[50,25],[13,35],[61,-41],[66,56],[51,-14],[2,-26],[43,-13],[3,-85],[35,-8],[17,-29],[-23,-33],[35,-50],[-18,-95],[70,-13],[71,7],[22,-35],[30,-17],[54,36],[28,-87],[-12,-30],[42,-7],[8,-29],[50,-20],[-61,-32],[-69,-48],[86,-8],[61,-42],[8,-43],[-5,-91],[22,3],[15,-48],[-21,-45],[10,-18],[-14,-59],[-86,-71],[-6,-47],[-45,-65]]],"transform":{"scale":[0.00045103891654575033,0.0004195159733891255],"translate":[151.942023214661,-28.36271242361366]},"objects":{"auspol-maps-2019-p100-alldivisions":{"type":"GeometryCollection","geometries":[{"arcs":[[0]],"type":"Polygon","properties":{"E_div_numb":30,"Elect_div":"Wright","Numccds":382,"Actual":102234,"Projected":109551,"Total_Popu":0,"Australian":0,"Area_SqKm":7576.9828137133,"Sortname":"Wright"}}]}}}