{"type":"Topology","arcs":[[[1054,0],[-47,27],[-56,11],[-19,-11],[-61,-1],[-63,-25],[-44,10],[-34,35],[-59,27],[-60,63],[-65,8],[-57,-13],[-48,-25],[-74,0],[-169,38],[-87,2],[-102,-24],[-9,61],[9,62],[28,66],[60,41],[-31,23],[109,71],[115,-12],[19,13],[-28,94],[14,23],[349,-46],[10,64],[67,-9],[16,-8],[30,-70],[32,-19],[-17,-102],[66,0],[7,-13],[-19,-14],[66,-46],[-26,-23],[46,-49],[55,-4],[-12,-53],[15,-75],[46,-9],[16,-27],[46,-28],[-34,-33]]],"transform":{"scale":[0.00011294939192560579,0.00010467523254038713],"translate":[144.90541424315197,-37.834444665875296]},"objects":{"auspol-maps-2019-p100-alldivisions":{"type":"GeometryCollection","geometries":[{"arcs":[[0]],"type":"Polygon","properties":{"E_div_numb":32,"Elect_div":"Melbourne","Numccds":341,"Actual":104982,"Projected":111134,"Total_Popu":0,"Australian":0,"Area_SqKm":40.46,"Sortname":"Melbourne"}}]}}}