{"type":"Topology","arcs":[[[1026,290],[-53,18],[-30,-12],[-52,36],[-35,-34],[30,-54],[13,-88],[30,-55],[-31,-101],[-64,23],[-80,10],[-48,24],[-137,31],[-75,9],[-87,33],[41,203],[30,91],[12,14],[-17,71],[-36,109],[-1,49],[-19,31],[-70,56],[-74,97],[-51,97],[-16,70],[-121,238],[-39,124],[-22,28],[-14,46],[-10,86],[68,37],[68,-58],[68,-42],[21,-24],[71,-7],[91,-27],[50,-37],[26,-37],[67,-39],[29,-50],[11,-20],[8,-12],[95,-121],[83,-201],[85,-213],[41,-95],[64,-130],[11,-58],[17,-43],[52,-73]]],"transform":{"scale":[0.00011288278297540811,0.00010480137976265924],"translate":[150.85101036207544,-33.811572617722625]},"objects":{"auspol-maps-2019-p100-alldivisions":{"type":"GeometryCollection","geometries":[{"arcs":[[0]],"type":"Polygon","properties":{"E_div_numb":18,"Elect_div":"Greenway","Numccds":334,"Actual":0,"Projected":0,"Total_Popu":0,"Australian":0,"Area_SqKm":81.34897980184,"Sortname":"Greenway"}}]}}}