{"type":"Topology","arcs":[[[3892,607],[-48,-159],[-131,-180],[-256,37],[-98,-14],[-8,35],[-30,-5],[-21,-64],[46,-60],[4,-29],[-36,-6],[13,-45],[-27,-3],[-12,-40],[-43,-1],[-41,-14],[-36,8],[3,-30],[-28,-12],[-52,-2],[-42,-23],[-19,27],[-69,26],[-65,8],[-33,43],[-75,39],[-51,55],[-32,-4],[-43,-28],[-48,30],[-30,1],[28,161],[-31,115],[-290,41],[-112,13],[13,64],[-61,-13],[-48,-3],[-141,27],[-24,-8],[-19,-67],[-45,-112],[-37,-56],[-262,39],[-22,-115],[-114,-81],[-32,-52],[-52,41],[-33,2],[-86,-20],[-60,7],[-29,-13],[-88,-68],[-47,-11],[-77,21],[-91,-18],[-80,-5],[-169,1],[-108,16],[-37,9],[-66,32],[-213,32],[88,32],[14,41],[29,14],[-41,27],[-10,34],[-53,11],[20,43],[-21,18],[25,29],[-18,38],[-30,29],[42,105],[-37,54],[18,121],[-10,12],[-3,88],[-40,9],[-11,17],[17,54],[-7,52],[-69,5],[-12,46],[75,68],[2,27],[-11,78],[-21,24],[9,39],[59,-10],[29,47],[6,30],[-10,45],[-25,26],[-57,-8],[-42,18],[23,40],[3,93],[-77,37],[-5,47],[29,28],[41,23],[-21,54],[15,15],[46,15],[-5,17],[135,-17],[179,-35],[288,-70],[93,-11],[63,-3],[1,53],[-33,2],[-5,32],[17,29],[-31,13],[-4,45],[-77,79],[116,-24],[89,-26],[468,-119],[75,-24],[174,-37],[107,-31],[164,-26],[202,-45],[136,-41],[130,-53],[34,-9],[137,-16],[148,-40],[106,-19],[88,-43],[98,-8],[49,-12],[55,-24],[64,-18],[201,-50],[78,-22],[-4,-15],[4,-281],[149,-34],[218,-46],[-19,-37],[9,-73],[-9,-39],[-2,-2],[-23,-38],[129,-28],[-10,-38]]],"transform":{"scale":[0.00006107787487407658,0.00005654403655005973],"translate":[150.75873245994075,-33.8856509510761]},"objects":{"auspol-maps-2019-p100-alldivisions":{"type":"GeometryCollection","geometries":[{"arcs":[[0]],"type":"Polygon","properties":{"E_div_numb":28,"Elect_div":"McMahon","Numccds":390,"Actual":0,"Projected":0,"Total_Popu":0,"Australian":0,"Area_SqKm":168.41690660501,"Sortname":"McMahon"}}]}}}