{"type":"Topology","arcs":[[[4771,0],[-300,29],[-687,62],[-64,15],[-298,35],[-784,96],[-112,12],[-447,57],[-261,27],[-8,-20],[-57,-7],[-108,-83],[31,-26],[38,-7],[-30,-49],[-49,-2],[-164,93],[-307,31],[-264,174],[-900,111],[83,521],[77,495],[51,316],[60,25],[37,-12],[40,-52],[51,-11],[120,1],[94,11],[64,19],[3,47],[-32,82],[-41,22],[21,43],[5,34],[25,30],[-31,86],[-24,18],[-9,31],[-8,92],[11,25],[-22,48],[95,83],[-37,44],[46,32],[-7,65],[31,31],[-29,20],[-16,107],[12,19],[-21,35],[32,38],[-37,17],[-11,25],[23,16],[-12,44],[29,9],[9,56],[-4,60],[18,40],[-15,96],[39,28],[45,82],[46,59],[-12,24],[18,19],[-28,62],[3,28],[-31,18],[18,34],[-25,9],[13,28],[-32,12],[11,34],[60,23],[10,65],[20,14],[22,43],[27,-2],[56,83],[24,85],[32,36],[-13,77],[0,44],[21,41],[29,-1],[67,60],[45,69],[19,51],[29,11],[4,34],[32,7],[56,44],[-5,36],[54,27],[32,51],[199,-23],[383,-49],[201,-29],[290,-34],[-9,-51],[348,-41],[396,-44],[41,-44],[125,-166],[47,-70],[56,-98],[82,-121],[109,-144],[165,-186],[75,-97],[43,-36],[59,-30],[44,-32],[31,-41],[117,-206],[161,-356],[70,-58],[-34,-1],[229,-316],[-12,-69],[-36,-258],[20,-78],[-2,-42],[72,-10],[-7,-37],[124,-16],[-66,-279],[-27,-222],[12,-36],[267,-32],[-5,-41],[-64,-395],[-100,-803]]],"transform":{"scale":[0.00006108179688633985,0.00005654479341636108],"translate":[144.47770228640272,-37.812002512532914]},"objects":{"auspol-maps-2019-p100-alldivisions":{"type":"GeometryCollection","geometries":[{"arcs":[[0]],"type":"Polygon","properties":{"E_div_numb":18,"Elect_div":"Gorton","Numccds":274,"Actual":103698,"Projected":110665,"Total_Popu":0,"Australian":0,"Area_SqKm":540.86,"Sortname":"Gorton"}}]}}}