{"type":"Topology","arcs":[[[731,209],[-67,11],[-66,-12],[7,29],[-41,39],[-34,11],[-5,61],[-39,-33],[-22,-50],[39,-45],[-10,-27],[13,-30],[-13,-72],[2,-33],[-298,-17],[-105,-16],[-44,-25],[-28,4],[-20,27],[42,119],[60,55],[21,60],[-11,88],[-19,55],[-25,105],[-3,63],[-16,96],[14,139],[-5,54],[-15,45],[71,5],[57,-10],[17,-57],[30,1],[3,-31],[81,-18],[152,83],[266,146],[12,-24],[96,-110],[258,14],[152,8],[42,-21],[20,-50],[36,-17],[53,33],[59,23],[37,-11],[-9,-33],[44,-26],[-90,-70],[37,-38],[16,-36],[36,-11],[21,-80],[22,-13],[-27,-66],[38,-3],[-51,-76],[-34,-98],[-35,18],[-115,13],[-34,28],[-20,37],[-251,-12],[-14,-7],[6,-52],[38,-15],[15,-55],[-43,-17],[-96,-5],[-54,-11],[2,-19],[-68,-15],[-3,40],[-43,-10],[-42,-33]]],"transform":{"scale":[0.00011292892090433761,0.0001047902334617236],"translate":[138.5037255254204,-35.05980683607776]},"objects":{"auspol-maps-2019-p100-alldivisions":{"type":"GeometryCollection","geometries":[{"arcs":[[0]],"type":"Polygon","properties":{"E_div_numb":3,"Elect_div":"Boothby","Numccds":406,"Actual":122901,"Projected":125502,"Total_Popu":0,"Australian":0,"Area_SqKm":115.62,"Sortname":"Boothby"}}]}}}