{"type":"Topology","arcs":[[[1950,955],[-1,-35],[-55,-327],[-35,-192],[-212,25],[-72,-426],[-757,92],[-71,-5],[-9,-49],[-36,16],[-32,29],[-3,94],[-18,25],[-63,22],[-52,7],[-62,-9],[-62,60],[43,29],[20,31],[-84,53],[-29,50],[-49,-18],[-37,34],[-6,50],[-22,89],[0,28],[23,71],[-103,7],[-10,44],[-26,14],[-107,-1],[-23,39],[37,14],[45,-20],[52,23],[-5,19],[-74,59],[-48,27],[-5,20],[40,7],[33,9],[23,-33],[41,29],[-23,-74],[20,-6],[61,33],[55,-20],[26,-50],[49,-12],[27,20],[-39,45],[30,32],[-45,15],[1,32],[-57,22],[-5,34],[89,-10],[-1,18],[-48,58],[-49,40],[32,10],[91,-21],[25,9],[99,-11],[15,-25],[44,-26],[136,3],[74,86],[-63,-10],[-14,23],[61,68],[22,4],[101,-31],[26,-47],[23,59],[18,-23],[84,45],[58,-52],[37,-15],[21,20],[-11,30],[40,-6],[33,27],[50,3],[30,38],[19,9],[46,-10],[17,-30],[29,-17],[173,4],[30,-4],[50,-36],[21,-61],[25,-30],[47,-34],[6,-36],[60,-21],[21,-42],[51,-6],[37,-15],[26,6],[30,-13]]],"transform":{"scale":[0.00006106326160921783,0.000056513662658489874],"translate":[144.99937975589398,-37.85036716749942]},"objects":{"auspol-maps-2019-p100-alldivisions":{"type":"GeometryCollection","geometries":[{"arcs":[[0]],"type":"Polygon","properties":{"E_div_numb":25,"Elect_div":"Kooyong","Numccds":361,"Actual":107353,"Projected":109549,"Total_Popu":0,"Australian":0,"Area_SqKm":55.89,"Sortname":"Kooyong"}}]}}}