{"type":"Topology","arcs":[[[3013,1629],[-20,-54],[-135,-26],[-27,-12],[-101,-68],[-58,-62],[-35,-72],[-50,-9],[23,-111],[-9,-73],[-19,-73],[-15,-84],[5,-21],[51,-37],[114,-48],[38,-29],[46,-52],[-60,-15],[-27,-13],[-28,-39],[-19,-13],[-58,-50],[-22,-46],[-57,-73],[-46,-70],[-20,-63],[-38,-89],[-4,-8],[-2,-7],[-3,-7],[-6,-17],[-3,-9],[-3,-9],[-3,-11],[-2,-5],[-6,-16],[-2,-6],[-32,-2],[-207,33],[-309,49],[-29,-147],[-18,-26],[-184,-139],[-84,72],[-75,99],[-4,9],[-210,-46],[-58,-8],[-69,13],[-91,32],[-48,6],[-102,-5],[-70,21],[-105,58],[-55,22],[-42,8],[-81,-7],[-100,126],[-158,201],[-75,99],[-16,17],[-132,166],[-58,133],[80,25],[127,56],[50,16],[68,3],[80,-8],[46,1],[82,8],[81,11],[45,11],[75,28],[-58,286],[-7,30],[-46,116],[-68,122],[120,55],[388,172],[134,59],[62,16],[45,33],[28,-16],[42,-15],[37,-1],[110,14],[73,19],[169,90],[49,12],[42,-4],[29,-9],[77,-43],[28,-10],[62,-6],[104,2],[45,-9],[104,-53],[60,-25],[102,-30],[176,-48],[42,0],[33,14],[36,-70],[12,-16],[97,-102],[152,-121]]],"transform":{"scale":[0.000032279279371879147,0.000029882754537497495],"translate":[151.0769664541905,-33.973622525111345]},"objects":{"auspol-maps-2019-p100-alldivisions":{"type":"GeometryCollection","geometries":[{"arcs":[[0]],"type":"Polygon","properties":{"E_div_numb":2,"Elect_div":"Barton","Numccds":380,"Actual":0,"Projected":0,"Total_Popu":0,"Australian":0,"Area_SqKm":39.608255317977,"Sortname":"Barton"}}]}}}