{"type":"Topology","arcs":[[[2706,1026],[-76,-64],[-12,-16],[-91,-356],[-105,-14],[-207,4],[-55,-12],[-32,-20],[-153,-128],[-68,-63],[-32,-41],[-101,-94],[-78,-87],[-51,-43],[-19,0],[-135,-43],[-83,-42],[-60,-7],[-149,15],[1,143],[-130,-18],[-100,0],[-45,26],[-44,44],[-42,25],[-49,7],[-3,95],[-166,-2],[-32,5],[-57,25],[-83,20],[-1,166],[-158,-4],[2,132],[-2,266],[-287,-74],[-3,210],[70,96],[39,41],[14,38],[-12,38],[-41,55],[-5,44],[8,29],[54,9],[49,-9],[92,-26],[46,-14],[131,-35],[98,-13],[71,-33],[73,-3],[22,21],[18,44],[6,87],[11,38],[26,35],[77,66],[63,41],[77,33],[32,43],[83,-43],[44,-30],[43,-46],[21,-66],[7,-51],[49,-115],[10,-51],[0,-74],[12,-56],[28,-38],[8,-48],[-19,-50],[-2,-52],[18,-32],[35,-27],[45,-4],[38,17],[19,54],[24,25],[40,2],[74,-31],[26,0],[42,61],[43,78],[126,43],[25,22],[77,12],[52,-34],[71,-27],[7,-55],[-12,-36],[28,-14],[29,-32],[44,-29],[49,-1],[31,15],[19,79],[48,45],[-8,37],[44,22],[51,-17],[-2,-36],[39,-24],[29,6],[21,39],[-19,19],[9,24],[41,6],[30,-15],[77,-78],[29,-5],[39,-31],[25,-38]]],"transform":{"scale":[0.00006108403941721466,0.000056544221713287865],"translate":[115.775886931976,-32.087597972055114]},"objects":{"auspol-maps-2019-p100-alldivisions":{"type":"GeometryCollection","geometries":[{"arcs":[[0]],"type":"Polygon","properties":{"E_div_numb":16,"Elect_div":"Tangney","Numccds":320,"Actual":93090,"Projected":97967,"Total_Popu":0,"Australian":0,"Area_SqKm":83.092372117187,"Sortname":"Tangney"}}]}}}