{"type":"Topology","arcs":[[[1970,457],[-101,10],[-55,-13],[0,-52],[-78,10],[-12,-67],[-39,5],[-12,-69],[-161,20],[-17,-105],[-117,12],[-6,-33],[-43,14],[-30,-189],[-45,18],[-29,30],[-134,1],[-50,28],[-57,-13],[-152,20],[-65,15],[-27,15],[-35,-11],[-16,23],[-49,-5],[-58,25],[-71,-32],[-57,23],[-76,15],[-13,22],[-75,66],[-10,32],[-27,20],[-111,0],[-49,30],[-27,-25],[-66,-13],[50,137],[29,-8],[28,49],[-15,11],[8,68],[61,11],[69,-7],[22,41],[26,1],[29,-31],[48,-24],[51,-3],[22,21],[57,13],[-16,68],[22,38],[25,4],[69,-25],[22,18],[-13,25],[6,59],[40,225],[32,208],[314,-42],[11,48],[31,-34],[76,1],[59,67],[15,72],[-16,16],[15,64],[75,45],[17,48],[86,-11],[-1,-81],[35,-7],[8,36],[103,-19],[60,27],[72,-23],[-2,-48],[47,-19],[78,-61],[-7,-50],[17,-26],[-8,-70],[28,-48],[-26,-14],[16,-31],[41,-3],[4,-39],[27,-24],[-27,-54],[40,5],[69,37],[-20,30],[37,51],[48,7],[-14,-70],[25,-23],[-10,-68],[13,-34],[-21,-52],[-62,-30],[-13,-17],[-12,-89],[23,-50],[41,-37],[16,-37],[-10,-69]]],"transform":{"scale":[0.0001129552768110962,0.00010479760202872458],"translate":[145.06708765907902,-37.81069243831265]},"objects":{"auspol-maps-2019-p100-alldivisions":{"type":"GeometryCollection","geometries":[{"arcs":[[0]],"type":"Polygon","properties":{"E_div_numb":33,"Elect_div":"Menzies","Numccds":378,"Actual":107503,"Projected":109176,"Total_Popu":0,"Australian":0,"Area_SqKm":184.73,"Sortname":"Menzies"}}]}}}