{"type":"Topology","arcs":[[[2151,2035],[-63,-43],[-17,-39],[-7,-116],[5,-66],[16,-18],[-14,-59],[-22,-37],[9,-104],[-28,-52],[-66,-16],[-45,-23],[-68,0],[-36,-48],[9,-21],[-27,-50],[-72,-59],[-21,20],[-68,-7],[-36,-42],[39,-71],[-19,-19],[-44,10],[5,-46],[49,2],[57,-46],[-58,-44],[-25,-36],[0,-31],[60,1],[43,-24],[-69,-113],[-68,-106],[-50,16],[-54,-18],[-33,-48],[-66,95],[-164,58],[-60,-28],[-52,-124],[0,-87],[-30,-18],[-8,-145],[-47,-76],[-44,-29],[-26,-45],[9,-23],[46,-18],[-13,-34],[-111,-68],[-74,-40],[-65,-67],[-52,-33],[-29,30],[-47,1],[-72,23],[-40,71],[-38,7],[-12,37],[-51,-19],[-30,104],[-50,29],[-52,-14],[-36,-35],[-66,-45],[-84,16],[-24,-9],[-45,40],[43,63],[-35,27],[24,50],[-18,17],[13,49],[27,8],[10,44],[-33,31],[67,42],[-8,28],[18,93],[32,-2],[26,89],[47,-8],[10,46],[-66,70],[6,27],[-31,25],[2,26],[54,6],[16,94],[-2,58],[128,-24],[-6,-38],[45,-5],[36,32],[18,55],[31,-11],[50,8],[21,24],[45,-12],[54,1],[8,54],[48,49],[39,145],[42,-3],[42,20],[102,30],[15,15],[11,63],[-70,17],[28,30],[-32,80],[18,36],[-42,7],[-32,33],[15,68],[-13,42],[54,24],[4,51],[60,-14],[11,40],[42,11],[12,29],[-26,24],[46,35],[-19,27],[0,78],[42,18],[196,-24],[-41,63],[-39,-6],[-22,43],[11,32],[37,41],[20,-34],[93,-23],[35,13],[7,34],[90,-14],[31,-42],[72,-47],[17,-121],[35,-50],[57,-15],[36,23],[57,-27],[67,-18],[48,19],[22,-8],[70,16],[10,53],[28,41],[70,11],[45,-4],[21,-32],[28,-4],[21,-43]]],"transform":{"scale":[0.00045095927858556414,0.0004193618200774898],"translate":[150.16590352716037,-33.96352107510997]},"objects":{"auspol-maps-2019-p100-alldivisions":{"type":"GeometryCollection","geometries":[{"arcs":[[0]],"type":"Polygon","properties":{"E_div_numb":27,"Elect_div":"Macquarie","Numccds":374,"Actual":0,"Projected":0,"Total_Popu":0,"Australian":0,"Area_SqKm":4373.9920819497,"Sortname":"Macquarie"}}]}}}