{"type":"Topology","arcs":[[[247,141],[-11,-71],[-12,-70],[-70,9],[-19,38],[10,21],[-104,66],[-41,7],[8,50],[81,-11],[56,-26],[102,-13]]],"transform":{"scale":[0.0004502943103694368,0.0004191721296988999],"translate":[144.9842344582365,-37.90961085747246]},"objects":{"auspol-maps-2019-p100-alldivisions":{"type":"GeometryCollection","geometries":[{"arcs":[[0]],"type":"Polygon","properties":{"E_div_numb":19,"Elect_div":"Higgins","Numccds":345,"Actual":108550,"Projected":111855,"Total_Popu":0,"Australian":0,"Area_SqKm":41.85,"Sortname":"Higgins"}}]}}}