{"type":"Topology","arcs":[[[646,0],[-399,45],[-24,-15],[-66,5],[-35,24],[-122,15],[28,180],[64,-3],[-14,75],[13,12],[1,101],[18,23],[-9,36],[33,64],[40,42],[11,15],[146,-18],[99,-18],[95,-125],[20,-13],[51,-90],[26,-42],[-3,-61],[25,-8],[-11,-73],[36,-4],[-23,-167]]],"transform":{"scale":[0.0004508882094862058,0.000419063781490903],"translate":[144.47770633487215,-37.81193536781002]},"objects":{"auspol-maps-2019-p100-alldivisions":{"type":"GeometryCollection","geometries":[{"arcs":[[0]],"type":"Polygon","properties":{"E_div_numb":18,"Elect_div":"Gorton","Numccds":274,"Actual":103698,"Projected":110665,"Total_Popu":0,"Australian":0,"Area_SqKm":540.86,"Sortname":"Gorton"}}]}}}