{"type":"Topology","arcs":[[[148,16],[-46,-16],[-45,55],[0,21],[-39,43],[-16,42],[-2,84],[16,18],[117,-15],[19,-39],[-11,-68],[-22,-22],[37,-57],[-8,-46]]],"transform":{"scale":[0.0004502943103693505,0.0004188788685891425],"translate":[144.98492314365237,-37.99351570433003]},"objects":{"auspol-maps-2019-p100-alldivisions":{"type":"GeometryCollection","geometries":[{"arcs":[[0]],"type":"Polygon","properties":{"E_div_numb":17,"Elect_div":"Goldstein","Numccds":339,"Actual":106548,"Projected":108916,"Total_Popu":0,"Australian":0,"Area_SqKm":50.66,"Sortname":"Goldstein"}}]}}}