{"type":"Topology","arcs":[[[882,521],[-10,-4],[-9,1],[-503,-141],[-3,-47],[-35,1],[-28,-38],[-8,-45],[10,-36],[-37,-42],[21,-14],[0,-51],[-13,-105],[-44,35],[-72,11],[-28,-15],[-24,39],[-49,35],[-39,47],[-11,41],[36,-9],[27,18],[23,-22],[16,95],[-13,23],[10,87],[97,71],[20,41],[29,78],[433,726],[94,66],[74,3],[39,20],[31,-11],[-52,-152],[-47,-191],[-13,-106],[-1,-138],[14,-68],[23,-35],[6,-57],[-16,-55],[52,-56]]],"transform":{"scale":[0.0004507280642003522,0.0004193168797868524],"translate":[153.05562753210515,-27.606608059374274]},"objects":{"auspol-maps-2019-p100-alldivisions":{"type":"GeometryCollection","geometries":[{"arcs":[[0]],"type":"Polygon","properties":{"E_div_numb":2,"Elect_div":"Bonner","Numccds":352,"Actual":100770,"Projected":107808,"Total_Popu":0,"Australian":0,"Area_SqKm":371.33719549778,"Sortname":"BONNER"}}]}}}