{"type":"Topology","arcs":[[[1317,203],[-80,21],[-137,73],[-114,8],[-11,-23],[-83,-3],[-21,-9],[-100,10],[-51,-18],[-102,-8],[-62,-15],[-78,21],[-57,-2],[-20,-12],[-39,-64],[-22,-95],[-105,-87],[-235,30],[0,65],[28,184],[32,160],[20,146],[57,12],[50,-28],[134,-1],[29,-30],[45,-18],[30,189],[44,-13],[5,32],[117,-11],[17,104],[161,-20],[12,69],[39,-4],[12,66],[78,-10],[0,53],[55,12],[101,-9],[61,-7],[-5,-28],[41,-67],[57,-30],[-16,-74],[4,-47],[31,-59],[-43,-249],[111,32],[17,-130],[-7,-116]]],"transform":{"scale":[0.00011296575463339936,0.00010471831154444895],"translate":[145.16919154600976,-37.86515361280776]},"objects":{"auspol-maps-2019-p100-alldivisions":{"type":"GeometryCollection","geometries":[{"arcs":[[0]],"type":"Polygon","properties":{"E_div_numb":11,"Elect_div":"Deakin","Numccds":378,"Actual":106996,"Projected":109339,"Total_Popu":0,"Australian":0,"Area_SqKm":79.76,"Sortname":"Deakin"}}]}}}