{"type":"Topology","arcs":[[[1433,44],[18,116],[0,87],[18,55],[2,39],[-11,166],[-18,92],[-20,67],[-16,194],[-37,107],[-63,96],[-75,87],[-28,60],[-36,49],[-160,166],[-76,67],[-67,34],[7,41],[83,-3],[70,18],[62,39],[81,8],[46,32],[77,96],[34,67],[27,97],[11,88],[4,131],[-13,122],[-32,116],[-38,82],[-54,82],[-76,73],[-65,29],[-68,3],[-101,51],[-41,10],[-134,-11],[-65,2],[-9,25],[33,63],[4,46],[-11,36],[-29,48],[30,89],[-3,59],[-10,38],[-52,86],[-41,35],[-42,15],[-13,35],[-33,25],[-50,-6],[-37,11],[7,56],[-22,19],[18,32],[30,-13],[27,-31],[51,-18],[63,-8],[26,-12],[25,-70],[37,-6],[45,-22],[42,-9],[78,15],[70,-4],[76,-26],[66,1],[69,33],[55,34],[136,115],[168,180],[85,110],[40,92],[21,77],[2,70],[-15,44],[-2,52],[-20,52],[-41,40],[9,40],[72,104],[44,39],[96,137],[66,131],[5,33],[26,83],[10,89],[-4,130],[67,5],[249,6],[871,1],[198,3],[639,6],[35,-31],[1,-197],[-34,-17],[-28,-144],[-66,-51],[-54,-2],[-70,23],[-42,-15],[23,-70],[2,-435],[3,-130],[35,-42],[7,-27],[0,-250],[-22,-47],[-33,-7],[34,-59],[-26,-38],[-56,-11],[-20,-44],[36,-91],[-69,-76],[-45,2],[33,-37],[88,-120],[38,-38],[84,-21],[-238,-714],[-187,-151],[-142,-93],[-50,-94],[-7,-68],[20,-132],[-14,-87],[-23,-38],[-66,-45],[-50,-8],[-46,-23],[-86,-71],[-6,-12],[-1,-293],[-62,-87],[-8,-72],[-66,-36],[395,0],[113,3],[1,-679],[-429,0],[-66,-239],[-426,99],[0,-54],[-878,-1]],[[657,4099],[-40,-34],[-44,11],[-45,29],[-77,-57],[-12,-28],[2,-57],[40,-70],[30,-35],[47,-36],[-56,-35],[-5,-37],[-122,36],[-39,-2],[-20,51],[8,41],[-16,30],[9,33],[-31,87],[1,35],[-12,51],[-48,124],[-17,14],[-2,39],[-41,103],[7,38],[-10,48],[-16,19],[-1,46],[15,64],[-9,51],[-20,41],[-23,14],[-29,40],[4,65],[-8,29],[-29,25],[5,23],[-9,74],[-24,22],[-20,55],[18,42],[-9,49],[14,47],[-7,90],[-13,15],[-1,45],[64,-2],[53,19],[26,-9],[-12,-27],[19,-51],[25,-33],[60,-59],[2,-46],[38,-70],[-2,-48],[-31,-103],[-6,-45],[6,-40],[25,-32],[7,-32],[35,-45],[9,-32],[41,-69],[7,-104],[12,-53],[40,-57],[5,-43],[66,-93],[37,-28],[51,-26],[56,-99],[22,-8]],[[85,5900],[-36,33],[-38,-11],[-10,53],[49,21],[14,-19],[21,-77]],[[563,2701],[-33,-7],[-29,-24],[-22,40],[84,-9]]],"transform":{"scale":[0.00006108093409969959,0.000056552781961400474],"translate":[115.660277089836,-32.45814304732959]},"objects":{"auspol-maps-2019-p100-alldivisions":{"type":"GeometryCollection","geometries":[{"arcs":[[[0]],[[1]],[[2]],[[3]]],"type":"MultiPolygon","properties":{"E_div_numb":1,"Elect_div":"Brand","Numccds":301,"Actual":90093,"Projected":96631,"Total_Popu":0,"Australian":0,"Area_SqKm":377.34061216559,"Sortname":"Brand"}}]}}}