{"type":"Topology","arcs":[[[740,0],[0,5],[-33,115],[-62,24],[-507,8],[-92,37],[-38,23],[-8,51],[0,2],[3,58],[15,52],[1,1],[12,47],[27,54],[0,2],[2,5],[1,1],[1,3],[1,2],[0,3],[1,5],[1,2],[1,2],[1,3],[16,42],[54,69],[4,3],[33,19],[-73,54],[20,100],[28,38],[80,45],[43,43],[15,12],[270,-40],[0,33],[34,182],[69,-5],[72,-45],[147,-21],[48,-29],[96,-15],[23,-9],[-33,-9],[1,-24],[-45,-40],[21,-98],[14,-20],[-9,-45],[43,-27],[-34,-34],[-33,-15],[-9,-48],[76,-74],[-6,-37],[6,-51],[-54,11],[-26,24],[-43,-1],[51,-63],[4,-52],[-60,-18],[26,-41],[-18,-31],[9,-46],[-35,-68],[1,-32],[-153,-142]]],"transform":{"scale":[0.0001129778231614212,0.00010477799697262828],"translate":[151.1483223098538,-34.016696457426846]},"objects":{"auspol-maps-2019-p100-alldivisions":{"type":"GeometryCollection","geometries":[{"arcs":[[0]],"type":"Polygon","properties":{"E_div_numb":22,"Elect_div":"Kingsford Smith","Numccds":384,"Actual":0,"Projected":0,"Total_Popu":0,"Australian":0,"Area_SqKm":91.027220546961,"Sortname":"Kingsford Smith"}}]}}}