{"type":"Topology","arcs":[[[814,844],[-94,-11],[-80,0],[-23,-56],[-1,-56],[10,-38],[-54,-97],[21,-32],[41,-97],[19,-66],[-1,-51],[-42,-8],[-67,-81],[13,-33],[-11,-24],[-35,-18],[-1,-39],[-38,-28],[-32,2],[6,-40],[-13,-71],[-155,24],[-72,39],[-12,16],[-79,43],[-86,25],[-15,20],[35,74],[53,38],[45,20],[6,51],[23,44],[22,9],[24,46],[-19,58],[-32,29],[2,62],[90,14],[40,39],[25,82],[41,-27],[10,85],[-24,87],[12,195],[-7,34],[-18,32],[-78,66],[-18,28],[-71,154],[-50,84],[-17,49],[-28,156],[-70,265],[-9,93],[42,8],[53,-13],[57,30],[81,-17],[58,-1],[13,28],[46,-25],[57,16],[14,-29],[25,10],[36,-16],[-13,-53],[38,-47],[15,-18],[-54,-98],[-8,-67],[30,-79],[40,-54],[50,4],[37,21],[111,-38],[43,-7],[55,-23],[56,-1],[41,-13],[33,-28],[48,9],[105,46],[17,22],[-12,34],[26,29],[75,-8],[15,-62],[-11,-32],[13,-25],[-4,-48],[23,-28],[-21,-39],[1,-33],[-13,-74],[24,-42],[-28,-42],[-32,-100],[-13,-60],[9,-17],[-25,-66],[-39,-15],[-14,33],[-78,37],[-87,-27],[-39,-40],[-82,-132]]],"transform":{"scale":[0.00011296316723043746,0.00010480951228981138],"translate":[152.97762111935572,-27.365277686242727]},"objects":{"auspol-maps-2019-p100-alldivisions":{"type":"GeometryCollection","geometries":[{"arcs":[[0]],"type":"Polygon","properties":{"E_div_numb":26,"Elect_div":"Petrie","Numccds":334,"Actual":106757,"Projected":113340,"Total_Popu":0,"Australian":0,"Area_SqKm":148.66558843655,"Sortname":"PETRIE"}}]}}}