{"type":"Topology","arcs":[[[420,286],[-17,-46],[12,-49],[-59,-14],[-20,20],[-62,-30],[-34,1],[-37,-23],[-23,-59],[3,-42],[-131,-44],[29,98],[-81,10],[5,44],[39,10],[-13,50],[35,-3],[42,36],[7,64],[129,-11],[74,7],[4,34],[0,1],[7,-1],[12,-1],[35,-5],[59,16],[-15,-63]]],"transform":{"scale":[0.00045041609382045095,0.0004184322728739959],"translate":[144.71702451688319,-37.941315360674366]},"objects":{"auspol-maps-2019-p100-alldivisions":{"type":"GeometryCollection","geometries":[{"arcs":[[0]],"type":"Polygon","properties":{"E_div_numb":15,"Elect_div":"Gellibrand","Numccds":331,"Actual":107465,"Projected":112513,"Total_Popu":0,"Australian":0,"Area_SqKm":124.62,"Sortname":"Gellibrand"}}]}}}