{"type":"Topology","arcs":[[[1593,0],[-51,9],[4,27],[-51,8],[-5,-36],[-341,48],[-17,26],[15,41],[27,34],[-46,13],[-199,81],[-100,72],[-506,81],[0,34],[41,6],[15,33],[-26,47],[18,33],[48,43],[28,137],[-101,17],[-16,34],[79,49],[17,33],[-8,29],[31,23],[10,47],[-21,22],[16,36],[-27,55],[24,44],[-13,42],[46,95],[-292,45],[-13,17],[-58,-22],[-39,5],[-31,23],[-46,7],[-5,33],[10,143],[11,78],[33,0],[-1,-56],[11,-19],[-5,-52],[37,-19],[78,23],[-33,67],[-5,40],[30,30],[67,36],[-35,35],[-6,60],[30,114],[19,142],[-11,88],[13,41],[45,58],[2,46],[53,67],[29,50],[72,-29],[51,6],[237,8],[-2,-25],[-10,-17],[10,-51],[-22,-52],[40,-32],[28,-49],[39,-8],[41,-35],[-22,-53],[7,-26],[76,-15],[37,-50],[37,-33],[-31,-26],[13,-37],[27,-11],[45,34],[15,-30],[54,-11],[32,16],[33,40],[30,11],[28,-14],[78,14],[31,-58],[-47,-10],[-8,-29],[24,-46],[152,-13],[22,11],[37,44],[24,5],[51,-29],[15,-35],[34,-23],[71,11],[102,-5],[20,-25],[11,-57],[-32,-27],[-3,-22],[-45,-67],[-4,-27],[36,-20],[-14,-34],[-92,-64],[24,-9],[-30,-138],[-6,-66],[9,-23],[49,-10],[22,19],[48,-36],[44,22],[51,-60],[67,-104],[28,-21],[169,50],[55,-66],[123,-4],[75,25],[18,26],[57,-23],[23,-63],[2,-47],[-54,-84],[-57,-47],[-24,-53],[-42,-40],[1,-44],[-78,-25],[-15,9],[-36,-37],[-26,-62],[-45,-39],[-13,-70],[-37,11],[-14,-27],[-35,-19],[-15,-27],[-96,-71],[-76,-30],[-11,-29],[-129,-83],[-86,-20],[-47,-33]]],"transform":{"scale":[0.00011298803352394123,0.00010476859242387701],"translate":[150.88615209860563,-34.17232820790011]},"objects":{"auspol-maps-2019-p100-alldivisions":{"type":"GeometryCollection","geometries":[{"arcs":[[0]],"type":"Polygon","properties":{"E_div_numb":19,"Elect_div":"Hughes","Numccds":375,"Actual":0,"Projected":0,"Total_Popu":0,"Australian":0,"Area_SqKm":369.32581944304,"Sortname":"Hughes"}}]}}}