{"type":"Topology","arcs":[[[201,1],[-102,-1],[-6,26],[-46,69],[10,71],[-29,107],[-28,46],[93,1],[3,-25],[53,12],[42,-61],[-10,-21],[64,-114],[-11,-49],[-59,-12],[26,-49]]],"transform":{"scale":[0.00044975374096918814,0.0004193240795959174],"translate":[115.70649571652656,-31.84604455823116]},"objects":{"auspol-maps-2019-p100-alldivisions":{"type":"GeometryCollection","geometries":[{"arcs":[[0]],"type":"Polygon","properties":{"E_div_numb":9,"Elect_div":"Moore","Numccds":350,"Actual":98158,"Projected":102958,"Total_Popu":0,"Australian":0,"Area_SqKm":90.051131839836,"Sortname":"Moore"}}]}}}