{"type":"Topology","arcs":[[[658,150],[-92,-75],[-24,-2],[-81,-66],[-64,3],[-69,-10],[-32,7],[-24,37],[-55,35],[-54,-23],[-49,17],[-3,27],[-43,62],[11,99],[-37,47],[-42,26],[11,65],[39,-5],[25,139],[122,-15],[35,-24],[66,-5],[24,15],[399,-45],[-8,-64],[-42,-36],[-34,3],[13,-50],[-40,-10],[-4,-44],[81,-10],[-29,-98]]],"transform":{"scale":[0.00045084537626283817,0.00041938604117971643],"translate":[144.44396074949503,-38.004404119571085]},"objects":{"auspol-maps-2019-p100-alldivisions":{"type":"GeometryCollection","geometries":[{"arcs":[[0]],"type":"Polygon","properties":{"E_div_numb":27,"Elect_div":"Lalor","Numccds":284,"Actual":100171,"Projected":107655,"Total_Popu":0,"Australian":0,"Area_SqKm":493.6,"Sortname":"Lalor"}}]}}}