{"type":"Topology","arcs":[[[2699,969],[-181,122],[-115,37],[-170,-187],[-222,-327],[-220,-254],[-334,-360],[-743,94],[-155,268],[-42,87],[-52,40],[-47,29],[-40,37],[18,16],[-27,16],[-26,33],[-25,7],[-12,20],[26,57],[16,23],[5,27],[14,9],[28,42],[-15,32],[3,32],[21,17],[6,24],[53,1],[113,-47],[31,-3],[120,51],[41,33],[79,42],[43,236],[19,81],[-58,52],[-33,37],[44,22],[82,28],[8,23],[-34,65],[8,24],[42,88],[12,44],[-16,37],[-34,32],[-18,23],[2,39],[10,57],[28,61],[0,35],[-34,80],[-14,45],[6,69],[29,23],[26,55],[6,45],[-35,70],[-34,48],[-55,37],[-24,3],[-80,-6],[-89,-18],[-63,-5],[-23,16],[-41,13],[-41,3],[-74,37],[-56,-5],[-44,12],[-10,21],[10,33],[-3,19],[-34,68],[-38,27],[-53,14],[-55,49],[-129,92],[28,25],[18,30],[16,38],[2,36],[-33,58],[-8,24],[4,33],[103,153],[45,36],[42,9],[57,1],[32,-5],[62,-22],[38,-3],[35,11],[32,33],[62,119],[14,15],[107,76],[50,51],[48,13],[202,-32],[176,-31],[37,1],[46,12],[50,25],[33,10],[54,1],[81,-12],[267,-42],[38,-14],[41,-31],[39,-16],[36,-1],[81,27],[36,-1],[232,-31],[23,-11],[105,-90],[52,-8],[19,18],[98,125],[7,-4],[456,-68],[16,-5],[30,-83],[34,-34],[1,-75],[8,-15],[1,-66],[13,-41],[-9,-62],[-25,0],[-8,22],[-31,13],[-71,-38],[-47,-47],[-27,-39],[-61,-73],[-17,-29],[1,-23],[22,-7],[11,-89],[-4,-44],[32,-38],[25,-43],[2,-38],[-41,-1],[-22,29],[-36,15],[-35,-8],[-28,-22],[-29,-44],[50,-81],[-5,-31],[-35,-10],[-23,11],[-16,-24],[-20,-59],[-8,-108],[6,-88],[22,-79],[31,-55],[40,-27],[28,12],[38,-46],[25,-16],[70,5],[34,-5],[11,23],[-18,11],[4,20],[20,2],[51,-27],[28,-37],[43,-38],[15,-28],[2,-44],[15,-30],[20,-1],[2,-35],[22,-18],[82,3],[21,-29],[-16,-25],[-15,-39],[-3,-49],[-11,-23],[-44,-12],[-18,9],[-24,-31],[-1,-38],[14,-23],[-10,-26],[4,-18],[-18,-41],[-22,-20],[-36,-19],[-6,-46],[9,-28],[19,-26],[2,-46],[-13,-22],[-25,-14],[-310,-154]]],"transform":{"scale":[0.00003227466784913797,0.000029885738481194252],"translate":[151.2035870875302,-33.85729036373963]},"objects":{"auspol-maps-2019-p100-alldivisions":{"type":"GeometryCollection","geometries":[{"arcs":[[0]],"type":"Polygon","properties":{"E_div_numb":43,"Elect_div":"Warringah","Numccds":351,"Actual":0,"Projected":0,"Total_Popu":0,"Australian":0,"Area_SqKm":68.228120360877,"Sortname":"Warringah"}}]}}}