{"type":"Topology","arcs":[[[3051,3579],[-103,-129],[-75,-111],[-56,-126],[-14,-72],[4,-26],[36,-17],[-6,-74],[-65,-65],[-59,-87],[-91,-156],[-24,-98],[7,-52],[18,-30],[51,-38],[-25,-120],[11,-41],[-22,-65],[15,-39],[-10,-108],[-25,-30],[-24,-57],[-16,-71],[22,-39],[-41,-81],[-4,-53],[29,-19],[-64,-98],[-29,-90],[25,-53],[-26,-35],[-6,-41],[12,-42],[-37,-40],[-22,-56],[-2,-40],[17,-30],[-6,-58],[-23,-27],[-2,-43],[-60,-75],[-80,-141],[0,-41],[16,-33],[-11,-69],[27,-23],[-27,-78],[5,-34],[-78,-101],[-38,-102],[-4,15],[-116,-13],[-28,-41],[5,-37],[-48,-34],[-38,35],[-57,11],[-21,45],[-36,5],[10,60],[-46,16],[-26,-19],[-32,17],[-54,-28],[-96,4],[-37,37],[-86,-29],[-57,78],[-108,21],[-9,-38],[-128,18],[12,-27],[-1,-55],[-61,-39],[-33,-37],[-45,9],[-21,-16],[-50,14],[-37,27],[-60,-6],[-17,-37],[7,-35],[-62,-85],[-46,-26],[-69,-86],[7,-96],[-83,-5],[-28,-48],[-90,85],[-13,49],[-67,18],[7,36],[-21,17],[-7,46],[13,51],[-20,32],[-4,62],[25,38],[-8,21],[-66,47],[-1,50],[-23,66],[11,29],[-30,81],[-34,29],[3,35],[28,4],[0,86],[42,50],[8,64],[-27,53],[-29,4],[-39,42],[-11,66],[5,51],[32,8],[-2,54],[-24,92],[-51,-45],[-63,-13],[-50,5],[-17,-20],[-53,16],[17,64],[7,85],[52,48],[5,32],[56,45],[61,-8],[15,18],[-20,43],[22,16],[-8,68],[32,38],[79,44],[53,53],[41,228],[9,12],[104,55],[16,24],[-53,147],[35,30],[12,77],[41,21],[50,80],[-265,39],[-1,31],[-68,36],[32,36],[-19,37],[71,49],[34,33],[60,8],[72,36],[-17,48],[43,75],[-24,35],[6,26],[61,21],[24,131],[-75,12],[45,76],[5,30],[47,75],[1,42],[47,49],[51,-7],[16,-26],[92,-15],[-10,80],[-22,49],[52,23],[29,33],[-30,20],[-3,46],[18,51],[-80,39],[43,54],[-39,22],[9,65],[-28,16],[-20,-28],[-29,31],[-27,-13],[-36,12],[42,93],[-18,14],[-59,0],[-84,28],[-43,3],[-5,29],[-66,25],[34,85],[26,11],[16,72],[27,53],[44,35],[-3,39],[17,116],[119,-3],[3,41],[67,-6],[-13,39],[48,65],[30,11],[9,64],[62,73],[18,70],[23,50],[40,47],[-29,43],[-44,13],[0,57],[44,18],[45,-66],[65,-2],[14,-34],[108,-43],[40,-37],[39,-7],[8,26],[33,12],[37,-18],[32,22],[57,60],[39,21],[64,3],[43,-37],[93,-22],[72,6],[21,-14],[79,-3],[103,-12],[22,-20],[76,-12],[3,-73],[38,-45],[-8,-56],[39,-13],[-13,-51],[39,-64],[-9,-45],[24,-50],[58,6],[25,-13],[69,24],[40,3],[17,-27],[41,12],[41,-47],[78,-2],[46,-53],[27,-8],[45,-39],[-15,-71],[88,-10],[10,-141],[-20,-37],[-4,-119],[92,-9],[-14,-38],[25,-52],[-18,-62],[-8,-30],[82,-59],[21,-40],[-27,-143],[153,17]]],"transform":{"scale":[0.0004509975289696698,0.000419511024314072],"translate":[152.16860071647864,-30.419021666638297]},"objects":{"auspol-maps-2019-p100-alldivisions":{"type":"GeometryCollection","geometries":[{"arcs":[[0]],"type":"Polygon","properties":{"E_div_numb":33,"Elect_div":"Page","Numccds":503,"Actual":0,"Projected":0,"Total_Popu":0,"Australian":0,"Area_SqKm":19342.197652207,"Sortname":"Page"}}]}}}