{"type":"Topology","arcs":[[[1978,384],[0,-15]],[[1978,369],[0,2],[0,-2]],[[1978,369],[-3,-66],[-73,-11],[-68,-54],[48,-56],[34,-22],[-10,-12],[-50,-62],[-22,-17],[-48,-25],[-29,-44],[-152,121],[-97,102],[-12,16],[-36,70],[-33,-14],[-42,0],[-176,49],[-102,29],[-60,25],[-104,53],[-45,10],[-104,-3],[-62,7],[-28,10],[-77,42],[-29,9],[-42,4],[-49,-12],[-169,-90],[-73,-19],[-110,-14],[-37,1],[-43,15],[-27,16],[165,118],[48,37],[79,91],[109,131],[12,161],[1,157],[-4,54],[-28,3],[-48,-19],[-62,3],[-62,23],[-52,39],[-47,22],[-47,1],[-62,-27],[-50,-2],[39,64],[18,37],[95,154],[35,31],[188,101],[-60,91],[44,21],[62,13],[45,-1],[18,10],[104,-9],[29,11],[29,29],[115,54],[-30,22],[-1,24],[20,23],[40,15],[5,1],[26,8],[8,3],[22,12],[6,2],[8,3],[6,3],[17,5],[7,3],[15,7],[2,3],[17,11],[30,0],[6,-1],[27,-2],[4,21],[-18,13],[-5,0],[-29,-10],[-36,1],[-4,1],[-30,12],[-5,3],[-24,30],[-10,27],[36,25],[75,0],[49,12],[20,21],[5,7],[6,6],[6,6],[13,12],[5,2],[6,4],[5,2],[36,20],[19,25],[48,-20],[40,4],[5,2],[9,17],[-1,5],[0,6],[0,5],[-1,5],[0,4],[3,25],[29,2],[24,-23],[42,-12],[19,2],[3,0],[10,6],[0,3],[9,26],[85,48],[27,21],[-23,27],[-17,-11],[-28,38],[-54,58],[-36,71],[-31,34],[-59,37],[-13,23],[27,34],[61,18],[83,-45],[82,3],[85,28],[105,24],[91,14],[162,6],[119,10],[138,-24],[135,-154],[137,-9],[-57,-133],[109,-106],[33,-73],[-16,-66],[-100,-1],[-54,4],[-81,-51],[-52,-54],[-88,-136],[-27,-50],[-119,-22],[-39,6],[-141,-48],[-2,-24],[-16,-11],[0,-99],[43,-39],[15,-50],[-28,-36],[-7,-32],[12,-73],[-27,-18],[40,-127],[-92,-21],[-14,-16],[-36,-229],[-15,-21],[41,-18],[39,-26],[42,-21],[39,-9],[63,-4],[-27,-38],[12,-54],[37,-81],[12,-18],[55,-114],[-14,-74],[4,-144],[3,-4]]],"transform":{"scale":[0.00003227245016697351,0.000029885252335046388],"translate":[151.11751711271575,-33.92495294739461]},"objects":{"auspol-maps-2019-p100-alldivisions":{"type":"GeometryCollection","geometries":[{"arcs":[[0,1,2]],"type":"Polygon","properties":{"E_div_numb":17,"Elect_div":"Grayndler","Numccds":363,"Actual":0,"Projected":0,"Total_Popu":0,"Australian":0,"Area_SqKm":32.298701553755,"Sortname":"Grayndler"}}]}}}