{"type":"Topology","arcs":[[[76,0],[-24,49],[-52,17],[6,61],[61,83],[10,76],[-27,71],[111,5],[41,-10],[36,-26],[45,-2],[1,33],[105,112],[58,-30],[17,93],[-39,27],[47,42],[-18,32],[101,-22],[25,-49],[122,57],[51,46],[65,28],[52,-4],[47,31],[88,-8],[55,-19],[17,-47],[40,-35],[58,-12],[28,-38],[-6,-79],[23,-36],[-12,-72],[10,-92],[-2,-57],[11,-60],[-25,-21],[45,-58],[-21,-43],[-91,11],[-45,-29],[-42,23],[-45,54],[-6,25],[-48,2],[-87,59],[-74,4],[-18,-23],[-32,5],[-14,-26],[-55,7],[-21,-20],[-108,15],[-5,61],[-106,20],[-36,-54],[-33,58],[-41,30],[-69,15],[-39,-47],[-5,-30],[-36,-26],[-10,-32],[58,0],[-4,-46],[-38,-5],[-47,-83],[-53,-11]]],"transform":{"scale":[0.00045093154935761,0.00041899048844269677],"translate":[152.552887178528,-26.73361335504704]},"objects":{"auspol-maps-2019-p100-alldivisions":{"type":"GeometryCollection","geometries":[{"arcs":[[0]],"type":"Polygon","properties":{"E_div_numb":9,"Elect_div":"Fairfax","Numccds":323,"Actual":104944,"Projected":110917,"Total_Popu":0,"Australian":0,"Area_SqKm":1004.1651003599,"Sortname":"FAIRFAX"}}]}}}