{"type":"Topology","arcs":[[[4576,67],[-356,46],[-372,51],[-532,70],[-200,29],[-42,3],[-127,17],[-48,-283],[-177,24],[-25,41],[-40,50],[-49,54],[-68,66],[-70,52],[-32,29],[4,29],[-8,88],[-31,63],[-8,32],[-5,82],[-29,34],[68,31],[5,15],[-9,43],[-60,74],[-67,63],[-48,36],[37,11],[5,56],[-25,63],[-52,38],[-24,8],[-60,55],[-47,51],[-33,26],[-154,83],[-105,50],[-63,34],[-114,50],[-43,24],[-102,49],[-143,53],[-26,27],[-47,23],[-62,38],[-49,12],[-20,-54],[-46,18],[-40,-130],[-23,-4],[45,144],[-17,22],[-48,11],[3,12],[-66,10],[-40,-127],[-20,5],[53,166],[-33,6],[-49,-11],[-29,16],[-91,3],[-59,-2],[-101,-39],[-58,-38],[0,-10],[41,-73],[-58,-32],[-7,-15],[38,-54],[20,-37],[-61,-29],[-17,15],[-97,138],[-17,12],[-13,44],[-12,0],[-23,41],[-7,26],[-24,35],[-66,-26],[-9,-23],[90,-169],[3,-10],[-35,-19],[-95,105],[-37,57],[-19,10],[-30,43],[-30,-3],[-22,49],[-14,47],[-3,66],[1,124],[8,41],[46,85],[23,32],[63,62],[79,63],[60,65],[12,22],[146,44],[208,39],[303,-6],[150,-27],[107,-24],[126,-32],[147,-37],[64,-13],[164,-16],[35,1],[59,12],[166,87],[118,33],[86,14],[122,7],[45,-4],[58,-33],[47,-58],[45,-44],[59,-74],[56,-43],[43,-15],[75,-14],[49,-22],[43,-46],[0,-57],[-90,-478],[-25,-167],[270,-37],[295,-44],[-34,-198],[427,-61],[441,-208],[62,-43],[38,-3],[118,-123],[69,-66],[47,-35],[94,-15],[57,-16],[30,-16],[25,-23],[88,-128],[-150,-288],[1,-3]]],"transform":{"scale":[0.00003227973871435939,0.000029884185655138815],"translate":[144.89711020665737,-37.89173126731126]},"objects":{"auspol-maps-2019-p100-alldivisions":{"type":"GeometryCollection","geometries":[{"arcs":[[0]],"type":"Polygon","properties":{"E_div_numb":28,"Elect_div":"Macnamara","Numccds":374,"Actual":110119,"Projected":113562,"Total_Popu":0,"Australian":0,"Area_SqKm":41.21,"Sortname":"Macnamara"}}]}}}