{"type":"Topology","arcs":[[[2572,489],[-32,-13],[-66,-97],[-136,1],[-83,-53],[-22,-75],[-1,-1],[-17,-20],[-29,-72],[-99,-70],[-38,5],[-193,-94],[-45,12],[-49,54],[-150,119],[-92,89],[-44,54],[-53,80],[-32,79],[-18,107],[-39,85],[-11,12],[-71,144],[-53,139],[-22,39],[-157,393],[-59,135],[-24,35],[-14,67],[-57,135],[-67,91],[-107,135],[-36,59]],[[656,2063],[21,-37],[-21,37]],[[656,2063],[-31,64],[-24,29],[-72,39],[-50,33],[-49,67],[-91,69],[-38,15],[-132,37],[-78,-4],[-53,14],[-38,47],[57,88],[11,26],[56,83],[15,45],[23,23],[43,73],[93,139],[199,318],[180,-92],[25,0],[102,-51],[33,68],[42,-12],[30,16],[45,-27],[51,-16],[-8,-47],[27,-41],[-45,-57],[24,-37],[-59,-25],[-32,7],[-40,27],[-24,-7],[-44,9],[6,-28],[47,-62],[3,-31],[21,-31],[-1,-32],[-47,11],[-3,-36],[40,-39],[60,8],[36,-13],[14,17],[31,-4],[33,-50],[-23,-65],[3,-29],[-47,-18],[-8,28],[-45,14],[-43,-17],[0,-45],[-16,-47],[48,-30],[-19,-20],[27,-22],[-5,-24],[72,-2],[52,-34],[6,-40],[32,-31],[50,-27],[63,-11],[8,-61],[30,-43],[43,-3],[17,-25],[57,-11],[18,-28],[32,1],[24,-36],[21,-2],[3,-42],[26,-23],[10,-30],[54,-49],[-6,-54],[38,-48],[38,-8],[31,-42],[87,-52],[40,6],[8,-27],[34,-39],[1,-3]],[[1805,1654],[0,1],[0,-1]],[[1805,1654],[78,-9],[23,-47],[51,-31],[36,-40],[25,-11],[-3,-41],[73,-24],[105,2],[61,-13],[72,8],[49,-44],[-16,-72],[7,-35],[-6,-77],[-23,-55],[109,-27],[57,-9],[-64,-87],[-2,-26],[18,-51],[5,-81],[-25,-49],[-32,-44],[0,-25],[-26,-65],[135,-78],[47,-72],[13,-62]]],"transform":{"scale":[0.00006108566963001554,0.00005654915958831636],"translate":[150.874043722943,-33.79659409350975]},"objects":{"auspol-maps-2019-p100-alldivisions":{"type":"GeometryCollection","geometries":[{"arcs":[[0,1,2,3,4]],"type":"Polygon","properties":{"E_div_numb":29,"Elect_div":"Mitchell","Numccds":324,"Actual":0,"Projected":0,"Total_Popu":0,"Australian":0,"Area_SqKm":101.06674490261,"Sortname":"Mitchell"}}]}}}