{"type":"Topology","arcs":[[[160,0],[-4,28],[-45,48],[-65,-6],[-38,-22],[-8,115],[102,1],[65,8],[27,-15],[88,-6],[1,-40],[3,-28],[40,-36],[-44,-41],[-122,-6]]],"transform":{"scale":[0.0004499693054539678,0.000418928424972306],"translate":[115.75091592584947,-31.91425727724132]},"objects":{"auspol-maps-2019-p100-alldivisions":{"type":"GeometryCollection","geometries":[{"arcs":[[0]],"type":"Polygon","properties":{"E_div_numb":14,"Elect_div":"Stirling","Numccds":333,"Actual":95584,"Projected":101801,"Total_Popu":0,"Australian":0,"Area_SqKm":74.147083660318,"Sortname":"Stirling"}}]}}}