{"type":"Topology","arcs":[[[3105,2117],[-37,-45],[-42,-34],[-46,-49],[-29,-67],[1,-100],[19,-51],[-20,-25],[24,-42],[-10,-48],[-44,-13],[17,-27],[86,-69],[25,-66],[-7,-32],[20,-42],[29,-8],[66,12],[30,-10],[65,-61],[-39,-34],[-96,-62],[-33,-7],[-39,-25],[-54,20],[-17,17],[-47,12],[-50,40],[-40,4],[-17,-15],[-65,1],[-21,37],[-48,9],[-56,-28],[-9,24],[-41,42],[3,33],[-24,23],[-75,30],[-65,-25],[-57,-10],[-81,-48],[-37,3],[-58,-13],[-53,-42],[-24,-33],[-53,-23],[-33,-34],[-93,-2],[-33,8],[-124,3],[-92,-29],[-85,-46],[-96,-92],[-17,-78],[0,-46],[16,-23],[-14,-48],[-73,-79],[-52,-93],[-8,-37],[-24,-37],[-21,-136],[9,-106],[32,-68],[-60,-25],[-24,-42],[-21,-13],[-79,-8],[-54,5],[-106,-9],[-59,-16],[-83,-41],[-82,-58],[-57,-50],[-139,-34],[-34,7],[-105,-7],[-58,-36],[37,221],[11,86],[34,22],[65,-8],[67,405],[-601,73],[40,258],[-6,62],[293,82],[-38,107],[-45,77],[-19,89],[11,92],[250,-22],[237,177],[76,94],[56,472],[944,-87],[-27,-24],[17,-55],[20,-26],[538,162],[28,187],[-29,8],[9,58],[21,-2],[1,6],[48,-5],[89,-14],[265,-30],[217,124],[11,8],[156,-19],[46,7],[56,-43],[-2,-26],[-22,-21],[-40,12],[-45,-40],[-52,-124],[-17,-82],[0,-32],[18,-68],[0,-44]]],"transform":{"scale":[0.00006108755406508704,0.00005653637348738326],"translate":[144.7168641757471,-37.94130356147622]},"objects":{"auspol-maps-2019-p100-alldivisions":{"type":"GeometryCollection","geometries":[{"arcs":[[0]],"type":"Polygon","properties":{"E_div_numb":15,"Elect_div":"Gellibrand","Numccds":331,"Actual":107465,"Projected":112513,"Total_Popu":0,"Australian":0,"Area_SqKm":124.62,"Sortname":"Gellibrand"}}]}}}