{"type":"Topology","arcs":[[[5012,19],[-61,-19],[-15,28],[-102,16],[-234,39],[-6,-38],[-89,14],[6,41],[-213,35],[28,154],[-133,24],[-13,-34],[-23,-37],[-69,241],[-15,29],[-101,141],[-33,35],[-74,51],[-42,44],[-33,67],[-37,127],[-6,37],[5,44],[38,188],[18,104],[2,36],[-57,32],[-64,49],[-53,21],[-64,10],[-165,29],[-160,-38],[-121,-6],[-72,-19],[-118,-54],[-38,-27],[-90,-113],[-47,-82],[-55,-58],[-96,-85],[-50,-25],[-60,-16],[-123,-24],[-93,-28],[-71,-16],[-48,-28],[-37,115],[-34,116],[-10,65],[-22,186],[-17,126],[-21,-2],[-34,16],[-26,26],[-29,5],[-31,17],[-35,8],[-78,27],[-14,19],[-25,81],[-13,2],[-41,29],[-72,65],[-88,-1],[-67,-4],[-61,42],[-49,3],[-37,-24],[-84,-14],[-58,9],[-17,24],[-20,61],[72,72],[12,72],[0,27],[-45,21],[12,11],[-308,51],[-5,-25],[-96,15],[-26,-11],[-27,27],[-48,28],[-22,5],[-91,-21],[7,-52],[-185,32],[-395,63],[40,60],[50,33],[31,9],[25,25],[59,76],[54,33],[83,17],[66,25],[56,48],[79,97],[63,39],[64,15],[54,27],[29,23],[40,47],[39,29],[55,19],[5,19],[34,7],[25,19],[-20,25],[18,8],[32,164],[48,-1],[64,33],[7,18],[39,9],[10,17],[40,1],[13,-7],[133,-21],[-14,-78],[17,-9],[78,-14],[36,-1],[15,26],[111,5],[19,105],[34,-7],[19,38],[62,63],[95,80],[11,-2],[46,65],[28,73],[7,52],[-1,69],[-9,60],[-29,106],[-18,94],[-5,56],[29,-24],[31,-13],[248,-38],[114,-19],[180,-28],[194,-33],[177,-16],[13,90],[26,51],[70,82],[74,73],[27,30],[16,34],[61,-9],[393,-63],[4,5],[161,-25],[193,-30],[23,-34],[69,23],[5,-8],[252,310],[-7,112],[2,105],[5,53],[15,35],[31,54],[49,52],[65,28],[91,35],[134,33],[14,-21],[-36,-11],[-63,-8],[-44,-25],[-13,-80],[5,-67],[1,-206],[-3,-65],[2,-75],[5,-18],[-7,-56],[7,-115],[-3,-55],[4,-77],[-4,-70],[-1,-143],[2,-271],[6,-95],[6,-45],[2,-126],[14,-87],[4,-71],[-3,-50],[1,-66],[8,-63],[16,-215],[8,-70],[3,-62],[17,-98],[11,-102],[8,-53],[18,-167],[40,-262],[9,-40],[9,-71],[12,-59],[17,-107],[19,-116],[24,-113],[9,-60],[23,-108],[43,-186],[20,-75],[16,-96],[7,-19],[46,-194],[2,-28],[31,-128],[31,-108],[35,-96],[28,-15],[7,-28],[-19,-10],[36,-108]]],"transform":{"scale":[0.00003227971028848902,0.000029881494747465395],"translate":[153.2858073050522,-28.07662062357756]},"objects":{"auspol-maps-2019-p100-alldivisions":{"type":"GeometryCollection","geometries":[{"arcs":[[0]],"type":"Polygon","properties":{"E_div_numb":23,"Elect_div":"Moncrieff","Numccds":381,"Actual":107345,"Projected":113028,"Total_Popu":0,"Australian":0,"Area_SqKm":99.922918387364,"Sortname":"MONCRIEFF"}}]}}}