{"type":"Topology","arcs":[[[2084,2333],[-24,-26],[19,-27],[-23,-37],[16,-66],[-8,-58],[-18,-46],[-28,-135],[-61,-372],[-32,-227],[-37,-304],[-11,-127],[-9,-167],[0,-77],[15,-102],[19,-70],[44,-82],[-83,-28],[-28,-40],[0,-76],[-72,-90],[-260,41],[-53,-62],[-11,-40],[-50,4],[-211,34],[-2,-114],[-23,-39],[-74,9],[10,52],[-135,21],[22,125],[-29,12],[-26,-24],[-165,26],[-7,45],[9,46],[45,34],[-9,83],[-26,49],[53,22],[10,39],[-7,40],[-124,20],[67,104],[-1,27],[-35,-3],[-39,-33],[35,36],[-22,31],[-29,-33],[-22,6],[-19,31],[21,27],[49,15],[22,62],[69,30],[48,39],[47,15],[-19,107],[-25,64],[-45,148],[-23,100],[-25,51],[-59,52],[-151,80],[-47,33],[-46,52],[-36,73],[-12,46],[-62,122],[-11,79],[-29,69],[-76,77],[-92,183],[-71,101],[42,28],[35,-33],[28,31],[-18,18],[-100,34],[-39,0],[-10,38],[55,-1],[56,-11],[64,52],[-15,28],[37,38],[-21,35],[5,52],[58,-19],[21,-23],[81,9],[36,53],[21,-10],[65,1],[63,-50],[41,21],[78,17],[46,20],[14,-29],[-3,-31],[47,-84],[31,-15],[56,-4],[82,25],[46,30],[23,59],[55,17],[69,-15],[58,42],[62,21],[51,-7],[28,-80],[30,-51],[37,-18],[84,-14],[57,-15],[42,31],[99,-108],[30,-57],[8,-91],[35,-47],[75,-31],[57,0],[46,13],[42,31],[52,24],[80,19]]],"transform":{"scale":[0.00011294882489825145,0.00010479789917009524],"translate":[153.21397072540944,-27.976773318849347]},"objects":{"auspol-maps-2019-p100-alldivisions":{"type":"GeometryCollection","geometries":[{"arcs":[[0]],"type":"Polygon","properties":{"E_div_numb":8,"Elect_div":"Fadden","Numccds":327,"Actual":103053,"Projected":110152,"Total_Popu":0,"Australian":0,"Area_SqKm":387.39978138316,"Sortname":"FADDEN"}}]}}}