{"type":"Topology","arcs":[[[4253,0],[-257,78],[-240,56],[-144,29],[-310,50],[-102,26],[-5,8],[-96,25],[-114,22],[-73,18],[-116,31],[-26,1],[-135,36],[-8,7],[-121,29],[-277,71],[-181,50],[-148,34],[-159,41],[-167,48],[-143,29],[-77,18],[0,25],[-12,14],[-10,39],[-18,8],[26,41],[-37,36],[-10,35],[19,28],[-38,3],[-20,42],[-25,17],[-30,36],[-12,35],[-26,22],[-13,36],[-32,3],[-23,68],[-22,20],[13,28],[-20,14],[1,30],[-39,32],[3,19],[-16,39],[-16,15],[-7,27],[28,11],[-1,43],[13,19],[-60,52],[-68,24],[19,31],[5,26],[-22,47],[13,26],[-21,29],[-21,-11],[-36,10],[-39,58],[-17,10],[-35,118],[-39,25],[-31,-14],[-27,21],[-78,1],[-27,26],[-8,55],[-44,37],[-427,36],[5,47],[-11,52],[-33,44],[-28,29],[1,15],[25,39],[33,15],[49,14],[27,42],[-2,22],[-34,115],[-12,14],[8,40],[46,41],[-9,19],[18,13],[36,-17],[-4,29],[16,29],[2,35],[18,25],[9,39],[22,19],[-3,64],[-27,47],[-12,93],[-10,20],[0,40],[16,12],[25,-11],[17,8],[33,45],[19,38],[50,42],[27,13],[25,-1],[64,-67],[28,-20],[33,35],[24,2],[9,14],[26,12],[24,30],[11,34],[-13,29],[5,40],[-24,32],[34,31],[0,13],[41,39],[63,10],[53,35],[23,31],[-29,9],[-2,14],[32,19],[68,18],[53,25],[14,22],[31,16],[10,31],[-24,12],[-12,28],[66,31],[81,26],[12,11],[8,49],[33,135],[30,52],[48,66],[38,34],[27,10],[7,-29],[48,-12],[23,9],[-4,21],[25,5],[12,-12],[27,-56],[24,-32],[28,-21],[82,-15],[24,7],[19,18],[24,7],[52,-5],[40,6],[87,27],[30,32],[1,20],[-21,43],[-32,4],[-49,-5],[-33,20],[-27,40],[-5,28],[-21,62],[11,63],[59,61],[57,104],[18,23],[69,47],[121,29],[39,19],[41,31],[22,31],[163,6],[85,-31],[135,74],[139,75],[97,49],[120,65],[25,-72],[3,-32],[8,-199],[5,-42],[14,-56],[27,-63],[23,-35],[52,-65],[20,-44],[9,-60],[58,-202],[26,-65],[28,-60],[144,-283],[233,-466],[26,-39],[19,-48],[31,-143],[7,-55],[17,-45],[178,-344],[83,-103],[14,-23],[166,-215],[39,-41],[30,-24],[18,-1],[41,-38],[113,-91],[52,-62],[15,-46],[2,-172],[9,-56],[15,-44],[62,-149],[41,-131],[57,-232],[3,-19],[-42,-50],[-52,-150],[-53,-168],[-71,-379],[-11,-9],[-62,-324]]],"transform":{"scale":[0.00003228160201029315,0.000029886618292604017],"translate":[150.75964553028433,-33.79793722018263]},"objects":{"auspol-maps-2019-p100-alldivisions":{"type":"GeometryCollection","geometries":[{"arcs":[[0]],"type":"Polygon","properties":{"E_div_numb":8,"Elect_div":"Chifley","Numccds":387,"Actual":0,"Projected":0,"Total_Popu":0,"Australian":0,"Area_SqKm":125.94218267579,"Sortname":"Chifley"}}]}}}