{"type":"Topology","arcs":[[[3559,2977],[-86,-91],[-53,-71],[-27,-70],[18,-23],[-31,-58],[14,-42],[-79,-96],[-26,-76],[12,-45],[-75,-83],[-44,-62],[-26,-71],[30,-52],[-124,-78],[-122,-102],[-60,-64],[-33,-55],[-35,-36],[-26,-58],[-50,-63],[9,-89],[-56,-59],[-30,-70],[-7,-88],[18,-33],[45,-8],[20,-48],[61,-32],[-10,-32],[-52,-51],[-36,-71],[-8,-76],[48,-62],[-52,-126],[-11,-46],[8,-45],[35,-33],[-46,-23],[-148,-44],[-186,-90],[-64,-44],[-52,-50],[-29,-41],[-26,-64],[-117,-52],[-39,-28],[-47,-52],[-20,-52],[10,-59],[30,-18],[-37,-8],[-141,12],[-160,28],[-28,-9],[-141,18],[-48,17],[-13,0],[-37,38],[-79,5],[-3,-23],[-112,17],[-77,-59],[-119,19],[-19,-101],[-49,-44],[-87,29],[-27,-34],[-72,54],[-36,-13],[-27,22],[-52,-18],[-25,-31],[-52,21],[32,70],[-6,21],[-52,3],[-54,-14],[-19,13],[0,61],[-28,55],[-28,6],[-29,-61],[-37,13],[-7,-33],[-58,-50],[-41,30],[-9,42],[47,36],[23,78],[80,-11],[19,150],[37,-5],[13,67],[-15,12],[11,49],[-96,74],[-5,19],[31,39],[-2,67],[-48,31],[-78,138],[-61,60],[-26,78],[-22,5],[-49,65],[-6,59],[25,43],[-12,102],[-34,11],[1,41],[-40,37],[1,42],[55,93],[117,-3],[42,59],[4,62],[54,39],[48,49],[-27,111],[30,63],[64,72],[14,35],[53,31],[3,30],[44,17],[90,-22],[19,50],[19,105],[-57,-2],[-112,52],[32,170],[-21,42],[3,48],[26,152],[75,-34],[70,34],[20,-26],[54,-19],[34,29],[23,-23],[44,7],[23,-32],[51,5],[58,-37],[38,-5],[1,87],[100,66],[-33,58],[-52,21],[-23,39],[18,32],[61,-9],[29,24],[90,-10],[4,22],[158,-25],[-7,80],[379,-57],[-9,90],[12,31],[-46,27],[3,70],[48,42],[27,-1],[54,269],[52,-2],[35,116],[-30,18],[10,34],[-15,32],[22,23],[40,-29],[54,12],[52,-34],[66,5],[4,26],[137,-20],[31,181],[42,24],[42,-46],[3,-48],[27,-20],[68,-1],[96,23],[33,-25],[96,-4],[57,12],[37,35],[11,43],[28,-3],[52,19],[38,-30],[38,-5],[20,-29],[85,4],[31,18],[30,-25],[-1,-69],[76,-16],[24,-18],[-11,-52],[-94,19],[-54,-45],[-12,-63],[40,-29],[44,-83],[45,-34],[10,-59],[109,-7],[41,-95],[45,-74],[-2,-78],[-20,-72],[63,-7],[69,-20],[90,-11]]],"transform":{"scale":[0.0004510608891170397,0.0004194977675517248],"translate":[151.30981000290234,-32.74145658805469]},"objects":{"auspol-maps-2019-p100-alldivisions":{"type":"GeometryCollection","geometries":[{"arcs":[[0]],"type":"Polygon","properties":{"E_div_numb":24,"Elect_div":"Lyne","Numccds":433,"Actual":0,"Projected":0,"Total_Popu":0,"Australian":0,"Area_SqKm":16099.473298558,"Sortname":"Lyne"}}]}}}