{"type":"Topology","arcs":[[[2700,144],[-22,-23],[-49,37],[-51,-17],[-14,-28],[35,-60],[-29,-31],[-56,8],[-30,-30],[-78,22],[-43,43],[9,51],[-34,16],[8,25],[-30,10],[2,26],[-44,16],[-77,-16],[-42,-26],[-22,23],[-58,-1],[-54,-33],[-31,25],[-277,49],[23,35],[26,96],[-7,72],[31,178],[-70,11],[9,51],[-5,44],[-16,35],[-35,9],[0,24],[-25,23],[23,46],[69,92],[-67,114],[-59,45],[-4,-27],[-79,12],[27,165],[-61,9],[23,117],[1,48],[-98,20],[-4,24],[-72,11],[15,81],[-20,24],[-65,11],[-70,22],[-25,22],[-44,0],[-28,-31],[-75,-46],[-19,-25],[11,-105],[-50,-31],[-12,37],[-31,22],[-58,-42],[-89,32],[-22,27],[-32,9],[-45,41],[2,76],[-60,-22],[-23,-77],[-30,-67],[-24,-29],[-47,-32],[-21,10],[-6,38],[-47,72],[-21,-1],[-13,-52],[7,-51],[-25,-52],[-55,-23],[-2,-64],[-45,-10],[-19,54],[-39,1],[10,49],[60,147],[22,23],[31,67],[8,120],[34,137],[-104,21],[-52,-8],[-225,37],[50,41],[13,22],[72,63],[33,195],[27,30],[66,45],[44,0],[86,-15],[3,-58],[222,-35],[-1,-7],[186,-29],[-4,-27],[196,-32],[27,46],[4,39],[42,55],[123,80],[9,64],[24,22],[116,26],[151,-15],[43,25],[5,37],[20,18],[4,36],[-54,50],[6,17],[47,14],[-4,59],[27,24],[62,-10],[7,41],[75,2],[7,-40],[39,-23],[54,-7],[3,20],[116,-17],[13,-38],[270,-39],[0,18],[142,-21],[-5,-31],[68,-11],[7,-20],[151,-22],[5,-49],[19,-35],[-13,-14],[12,-51],[-15,-88],[18,-2],[49,-77],[-15,-24],[-77,-17],[-41,-21],[-64,50],[-64,-1],[-22,10],[-36,-53],[-81,-9],[-20,23],[-58,19],[-5,-52],[21,-35],[-37,-38],[15,-28],[-65,-52],[-55,12],[-55,1],[10,-38],[39,-1],[99,-34],[18,-18],[-27,-31],[-35,33],[-43,-28],[71,-101],[92,-183],[76,-77],[30,-69],[11,-79],[62,-122],[11,-46],[36,-73],[46,-52],[48,-33],[151,-80],[58,-52],[25,-51],[24,-100],[44,-148],[25,-64],[19,-107],[-46,-15],[-49,-39],[-69,-30],[-22,-62],[-48,-15],[-22,-27],[19,-31],[23,-6],[28,33],[22,-31],[-34,-36]]],"transform":{"scale":[0.0001129807213935236,0.00010479122804211558],"translate":[152.98715652957276,-27.919131929785173]},"objects":{"auspol-maps-2019-p100-alldivisions":{"type":"GeometryCollection","geometries":[{"arcs":[[0]],"type":"Polygon","properties":{"E_div_numb":12,"Elect_div":"Forde","Numccds":352,"Actual":100120,"Projected":108502,"Total_Popu":0,"Australian":0,"Area_SqKm":417.6874410179,"Sortname":"FORDE"}}]}}}