{"type":"Topology","arcs":[[[1475,6],[-303,2],[-159,14],[-144,-22],[-143,0],[-9,44],[-3,71],[-25,48],[-3,33],[-83,135],[-21,24],[-42,-17],[-50,12],[-73,50],[79,56],[-85,134],[-69,114],[4,32],[43,71],[22,68],[18,110],[5,90],[-15,79],[-1,84],[-20,61],[-24,133],[-35,32],[-19,51],[20,2],[-34,179],[-31,111],[-73,222],[-47,87],[-112,148],[-21,39],[-22,70],[14,1],[665,0],[11,-39],[16,-145],[80,17],[230,69],[31,-10],[52,14],[10,-102],[262,-313],[31,-40],[-73,-157],[31,-83],[98,-103],[56,-141],[-48,-112],[54,-23],[68,-65],[41,-22],[40,-7],[123,-267],[12,-23],[-143,-53],[-16,-10],[49,-107],[2,-66],[27,-92],[-1,-32],[-73,-3],[-71,-26],[-63,-5],[-237,77],[-24,4],[6,-76],[21,-55],[131,-214],[40,-84],[23,-74]]],"transform":{"scale":[0.0000610730054505552,0.0000565379157119248],"translate":[115.70661657201609,-31.846188104275967]},"objects":{"auspol-maps-2019-p100-alldivisions":{"type":"GeometryCollection","geometries":[{"arcs":[[0]],"type":"Polygon","properties":{"E_div_numb":9,"Elect_div":"Moore","Numccds":350,"Actual":98158,"Projected":102958,"Total_Popu":0,"Australian":0,"Area_SqKm":90.051131839836,"Sortname":"Moore"}}]}}}