{"type":"Topology","arcs":[[[16,203],[-16,21],[8,42],[97,-9],[0,42],[46,58],[54,-43],[13,-28],[58,1],[63,27],[47,34],[27,-35],[57,-5],[18,-17],[-27,-34],[82,-65],[60,-3],[109,-47],[6,-18],[73,-17],[31,-43],[-105,-64],[-30,27],[-93,16],[-29,-12],[-77,17],[-35,-27],[-55,-9],[-66,20],[-64,-18],[-75,1],[-30,-14],[-25,33],[-43,-27],[-14,40],[3,70],[48,52],[-116,34]]],"transform":{"scale":[0.0004507454424966109,0.00041892320955464434],"translate":[149.0268178493294,-35.351153523330765]},"objects":{"auspol-maps-2019-p100-alldivisions":{"type":"GeometryCollection","geometries":[{"arcs":[[0]],"type":"Polygon","properties":{"E_div_numb":2,"Elect_div":"Canberra","Numccds":311,"Actual":93379,"Projected":96894,"Total_Popu":0,"Australian":0,"Area_SqKm":312.26314223983,"Sortname":"Canberra"}}]}}}