{"type":"Topology","arcs":[[[1408,212],[-139,-99],[-67,8],[-107,-55],[-19,-20],[-1,-39],[-102,4],[-71,-11],[-34,24],[-15,34],[-50,29],[-25,-4],[-37,-45],[-22,-10],[-152,13],[-24,45],[8,30],[48,9],[-32,58],[-78,-13],[-28,13],[-30,-10],[-33,-41],[-32,-15],[-54,10],[-15,30],[-45,-34],[-27,12],[-13,37],[31,25],[-37,34],[-37,50],[-76,14],[-8,27],[23,53],[-42,34],[-38,8],[-28,50],[57,14],[105,17],[77,0],[67,31],[44,6],[94,-13],[95,10],[36,-4],[203,-27],[139,-4],[24,5],[16,-38],[139,-174],[23,2],[77,-31],[89,-13],[77,15],[46,-51]]],"transform":{"scale":[0.00011292253544816575,0.00010476875098999069],"translate":[150.97068511727127,-33.99582629931741]},"objects":{"auspol-maps-2019-p100-alldivisions":{"type":"GeometryCollection","geometries":[{"arcs":[[0]],"type":"Polygon","properties":{"E_div_numb":1,"Elect_div":"Banks","Numccds":370,"Actual":0,"Projected":0,"Total_Popu":0,"Australian":0,"Area_SqKm":53.007212355657,"Sortname":"Banks"}}]}}}