{"type":"Topology","arcs":[[[192,69],[-20,11],[-68,-80],[-54,7],[-29,39],[39,24],[5,84],[-65,46],[12,32],[41,21],[160,-13],[-22,-100],[32,-20],[-6,-39],[-25,-12]]],"transform":{"scale":[0.00045088820948624826,0.00041897994010584825],"translate":[151.20375244886003,-33.85719890275611]},"objects":{"auspol-maps-2019-p100-alldivisions":{"type":"GeometryCollection","geometries":[{"arcs":[[0]],"type":"Polygon","properties":{"E_div_numb":43,"Elect_div":"Warringah","Numccds":351,"Actual":0,"Projected":0,"Total_Popu":0,"Australian":0,"Area_SqKm":68.228120360877,"Sortname":"Warringah"}}]}}}