{"type":"Topology","arcs":[[[5525,4925],[-76,-426],[-107,-555],[-93,-501],[-73,-400],[-11,-85],[-149,-842],[-6,-46],[-38,-197],[-33,-187],[3,-11],[-22,-98],[-41,-240],[-92,-527],[-191,25],[-399,13],[-455,15],[-4,15],[-36,10],[-306,253],[-229,187],[-53,52],[-83,69],[-47,-79],[-100,-259],[-60,-93],[-58,8],[-78,5],[-259,-107],[-190,53],[-142,-144],[-340,-172],[-232,-176],[-36,-124],[-134,-164],[-129,-150],[-45,-47],[-113,169],[-65,103],[-74,-15],[-90,-9],[-328,-63],[-3,4],[-443,137],[18,17],[-4,88],[-8,58],[-33,56],[-11,59],[-12,20],[18,91],[-21,64],[-12,5],[23,18],[42,58],[19,36],[34,15],[30,41],[53,90],[52,67],[35,68],[23,32],[51,120],[9,61],[15,36],[7,65],[35,32],[14,24],[55,54],[15,32],[26,31],[-10,42],[41,32],[38,4],[14,12],[3,27],[31,-9],[51,30],[23,29],[9,33],[42,79],[21,27],[1,27],[13,32],[23,17],[28,0],[35,13],[22,23],[33,-14],[6,-15],[30,-23],[37,8],[37,20],[31,1],[65,47],[36,42],[40,62],[29,24],[36,57],[56,31],[57,41],[48,9],[63,38],[54,25],[55,82],[24,52],[44,78],[29,32],[18,31],[51,137],[19,63],[14,64],[27,88],[18,100],[18,74],[21,146],[12,142],[7,39],[12,158],[-2,30],[9,79],[-3,27],[6,53],[-3,58],[4,49],[-6,28],[3,41],[-1,129],[-5,27],[1,67],[-6,39],[-5,97],[-8,63],[-17,80],[-10,93],[51,8],[-19,86],[97,16],[30,-4],[107,-63],[26,-1],[126,43],[72,-23],[90,23],[186,-25],[35,-7],[-2,31],[6,71],[32,178],[150,-21],[49,277],[41,-6],[1151,-153],[559,-75],[574,-80],[257,-31]]],"transform":{"scale":[0.000032282133176102857,0.00002988492721603268],"translate":[145.06123619215083,-38.224880462096685]},"objects":{"auspol-maps-2019-p100-alldivisions":{"type":"GeometryCollection","geometries":[{"arcs":[[0]],"type":"Polygon","properties":{"E_div_numb":12,"Elect_div":"Dunkley","Numccds":354,"Actual":108476,"Projected":110545,"Total_Popu":0,"Australian":0,"Area_SqKm":152.84,"Sortname":"Dunkley"}}]}}}