{"type":"Topology","arcs":[[[1695,521],[-45,-17],[-23,-53],[-22,-21],[-67,-16],[-56,-33],[-50,3],[-30,-26],[-56,-32],[-68,5],[-19,10],[-44,-41],[-35,0],[-31,-38],[-16,-69],[-6,-72],[22,-64],[-33,-35],[-69,-22],[-54,19],[-193,23],[10,38],[-129,28],[23,38],[2,2],[9,39],[-9,73],[19,37],[-218,46],[-149,34],[-4,281],[4,15],[-78,22],[-202,50],[58,187],[-47,69],[-10,32],[-13,112],[-9,52],[-33,66],[-24,34],[66,64],[12,-28],[42,-7],[16,-32],[26,-1],[54,23],[68,-13],[32,-19],[92,-89],[149,-118],[50,-55],[45,-12],[193,94],[38,-5],[99,70],[29,72],[17,20],[1,1],[22,76],[83,52],[136,-1],[66,97],[32,13],[19,-9],[95,-5],[38,5],[74,43],[43,10],[13,-32],[44,-44],[6,-92],[15,-67],[92,-64],[15,-37],[51,-46],[25,-42],[39,-13],[7,-35],[-21,-35],[2,-24],[-95,-21],[-71,-31],[-24,-69],[-7,-107],[-11,-69],[-18,-184],[-4,-10]]],"transform":{"scale":[0.00006106742035632397,0.0000565344145421517],"translate":[150.9476136224866,-33.85369883209823]},"objects":{"auspol-maps-2019-p100-alldivisions":{"type":"GeometryCollection","geometries":[{"arcs":[[0]],"type":"Polygon","properties":{"E_div_numb":35,"Elect_div":"Parramatta","Numccds":402,"Actual":0,"Projected":0,"Total_Popu":0,"Australian":0,"Area_SqKm":56.770103353206,"Sortname":"Parramatta"}}]}}}