{"type":"Topology","arcs":[[[377,28],[-36,19],[-68,-14],[-45,12],[-67,-28],[-82,-17],[-51,23],[-28,4],[25,130],[-15,15],[0,131],[7,58],[45,10],[11,37],[48,19],[1,48],[58,86],[57,-35],[36,-61],[-34,-37],[45,-45],[52,15],[44,-25],[23,-37],[-17,-26],[38,-23],[10,-40],[-21,-44],[51,-20],[15,-42],[-17,-61],[-35,-53],[-50,1]]],"transform":{"scale":[0.0004507366970184271,0.00041900475972197067],"translate":[147.1460179786182,-42.98553384484832]},"objects":{"auspol-maps-2019-p100-alldivisions":{"type":"GeometryCollection","geometries":[{"arcs":[[0]],"type":"Polygon","properties":{"E_div_numb":3,"Elect_div":"Clark","Numccds":279,"Actual":74054,"Projected":76080,"Total_Popu":0,"Australian":0,"Area_SqKm":292.26491838588,"Sortname":"Clark"}}]}}}