{"type":"Topology","arcs":[[[5338,2537],[-20,-93],[-14,-33],[-30,-159],[-27,-33],[-83,-64],[-21,-36],[-11,-44],[-3,-50],[26,-58],[63,-61],[21,-26],[18,-52],[-101,-530],[-4,-3],[-60,-332],[-12,-50],[4,-11],[-20,-93],[-4,-64],[-20,-86],[-120,-659],[-27,6],[-32,27],[-47,104],[-42,36],[-17,34],[0,74],[6,23],[38,58],[6,20],[-6,34],[-18,21],[-66,30],[-103,77],[-26,45],[-23,25],[-34,17],[-62,3],[-40,-5],[-50,-15],[23,124],[-390,43],[-385,50],[-37,2],[-55,-9],[-64,11],[-55,29],[-183,29],[71,347],[18,100],[-821,104],[19,-42],[-224,110],[-31,26],[-41,51],[-79,129],[-19,21],[-200,105],[-148,111],[-57,41],[-224,170],[-1,-55],[13,-129],[-5,-78],[-40,-196],[-110,-24],[-205,-57],[-2,-12],[-79,14],[-215,30],[-213,28],[-631,81],[-7,0],[28,196],[9,46],[117,619],[7,41],[21,92],[70,392],[9,76],[87,492],[24,-24],[545,-72],[163,-24],[401,-53],[208,-18],[355,-32],[263,-35],[-1,-14],[29,-14],[-21,-26],[44,-15],[-9,-21],[17,-13],[43,-10],[-4,-30],[18,-39],[22,-23],[20,3],[25,-45],[30,-21],[-8,-36],[34,-26],[2,-21],[58,-38],[10,-7],[2,-1],[140,313],[-15,26],[329,-42],[1,-4],[335,-43],[772,-101],[27,-55],[49,-46],[7,-103],[45,-15],[-7,-35],[39,-5],[74,-61],[84,-16],[-2,-18],[-24,-5],[-14,-29],[6,-25],[-6,-39],[13,-62],[134,-35],[238,-63],[495,-67]]],"transform":{"scale":[0.0000322780496274974,0.00002988387722348699],"translate":[145.14470964258538,-38.04367531481717]},"objects":{"auspol-maps-2019-p100-alldivisions":{"type":"GeometryCollection","geometries":[{"arcs":[[0]],"type":"Polygon","properties":{"E_div_numb":4,"Elect_div":"Bruce","Numccds":424,"Actual":109420,"Projected":111485,"Total_Popu":0,"Australian":0,"Area_SqKm":95.9,"Sortname":"Bruce"}}]}}}