{"type":"Topology","arcs":[[[1118,168],[-71,-35],[-53,-36],[-80,-71],[-14,-26],[-60,24],[-66,7],[0,19],[-46,50],[-2,25],[-46,55],[-55,54],[-59,22],[-9,36],[-66,111],[-46,55],[13,71],[-10,29],[10,23],[-12,28],[-130,173],[-83,78],[-24,10],[-16,34],[-35,22],[-12,70],[112,-30],[1,20],[-23,47],[-129,156],[-55,47],[-17,3],[10,70],[20,19],[-3,41],[-17,24],[-1,44],[-21,29],[12,93],[-28,34],[4,50],[-11,40],[41,84],[1,52],[-16,43],[93,-13],[27,150],[476,-63],[384,-51],[20,-65],[-35,-195],[156,-22],[-39,-248],[-44,-265],[-229,29],[35,-46],[-1,-51],[14,-51],[18,-37],[276,-428],[-59,-338]]],"transform":{"scale":[0.00006108568935613834,0.000056552569805438174],"translate":[144.98337591411013,-37.99630764172359]},"objects":{"auspol-maps-2019-p100-alldivisions":{"type":"GeometryCollection","geometries":[{"arcs":[[0]],"type":"Polygon","properties":{"E_div_numb":17,"Elect_div":"Goldstein","Numccds":339,"Actual":106548,"Projected":108916,"Total_Popu":0,"Australian":0,"Area_SqKm":50.66,"Sortname":"Goldstein"}}]}}}