{"type":"Topology","arcs":[[[4620,711],[-139,22],[-149,20],[6,31],[-231,126],[-245,131],[-193,25],[-43,-12],[-99,18],[-38,4],[-25,-6],[-20,-51],[-22,-29],[-41,-10],[-26,4],[-84,1],[-88,-21],[-52,16],[-27,-7],[-44,-28],[-24,-4],[-38,12],[-85,10],[-45,12],[-28,-2],[-44,-19],[-21,3],[-44,24],[-22,0],[-57,-22],[-122,-39],[-58,-5],[-78,2],[-37,-23],[-128,-9],[-53,6],[-39,-10],[-26,-25],[-57,8],[-58,-3],[-41,-21],[-117,24],[-44,2],[-112,45],[-67,1],[-130,-8],[-19,-6],[-51,-37],[-62,-89],[-15,-47],[-29,-37],[-11,-28],[-19,-20],[3,-29],[-9,-23],[1,-30],[11,-14],[-17,-42],[-18,-7],[-2,-46],[-39,-31],[-36,-6],[3,-30],[-30,-15],[28,-20],[-3,-12],[29,-30],[-49,-14],[-37,-29],[-38,12],[-35,-48],[-52,-6],[-32,-35],[43,-34],[-1,-29],[-24,5],[-27,-15],[-23,-26],[20,-12],[-11,-17],[-71,-22],[-31,-35],[-820,105],[-12,48],[4,109],[7,70],[39,224],[23,201],[32,220],[16,42],[97,521],[29,198],[41,312],[101,2],[101,38],[9,47],[28,-13],[94,-63],[43,-66],[267,-1],[63,2],[137,-2],[14,-22],[-8,-32],[20,1],[27,27],[15,-17],[7,-27],[28,-37],[44,15],[26,-9],[28,-35],[14,-31],[47,-5],[106,664],[29,-3],[65,-54],[58,9],[18,113],[112,-13],[2,10],[297,-35],[34,214],[23,149],[353,-46],[0,3],[211,-25],[42,243],[140,-18],[19,110],[-13,8],[19,27],[15,89],[271,-33],[11,55],[-32,65],[20,61],[139,32],[56,11],[352,-33],[213,-21],[-16,-99],[120,-15],[17,-18],[-96,-63],[3,-37],[56,-36],[30,-37],[13,-28],[38,-32],[15,-2],[33,-36],[42,-10],[41,-26],[32,-1],[26,-32],[-4,-26],[-40,-19],[-15,-30],[8,-62],[27,-57],[-50,7],[-6,-41],[33,-42],[-20,-121],[90,-11],[4,-16],[-45,-24],[14,-25],[-22,-35],[27,-47],[29,-2],[-8,-44],[17,-3],[-11,-81],[-56,-318],[-83,-475],[388,113],[59,-454],[1,-286],[-24,-122]]],"transform":{"scale":[0.00003227674099675792,0.00002988253988800831],"translate":[145.16884770256127,-37.8651707355695]},"objects":{"auspol-maps-2019-p100-alldivisions":{"type":"GeometryCollection","geometries":[{"arcs":[[0]],"type":"Polygon","properties":{"E_div_numb":11,"Elect_div":"Deakin","Numccds":378,"Actual":106996,"Projected":109339,"Total_Popu":0,"Australian":0,"Area_SqKm":79.76,"Sortname":"Deakin"}}]}}}