{"type":"Topology","arcs":[[[905,469],[-53,-42],[-1,0],[-9,2],[-13,-11],[1,0],[6,0]],[[836,418],[1,0],[7,1],[-16,-22],[-18,6],[0,-1],[-26,-4],[-17,-30],[-17,5],[-1,0],[-23,-10],[-9,-8],[0,-1],[-1,0],[-38,-15],[-3,-1],[-17,-3],[0,-6]],[[658,329],[-18,-21],[0,-1],[0,-1],[0,-16],[-1,-1],[-8,-12]],[[631,277],[7,-9],[-6,-7],[-32,-36],[-78,-11],[-26,-42],[-1,-45],[-20,-69],[21,-21],[-37,-26],[-52,17],[-27,-23],[-37,-5],[-27,28],[12,25],[-17,38],[5,32],[-39,6],[-38,28]],[[239,157],[-33,22],[-23,39],[-65,42],[-4,56],[19,32],[-71,26],[69,113],[-43,24],[-61,-1],[1,31],[25,36],[58,44],[-57,46],[-49,-2],[-5,46],[44,-10],[19,19],[-39,71],[36,43],[68,6],[21,-19],[72,58],[27,50],[11,-43],[80,-15],[3,-46],[70,-46],[20,-46],[1,0],[67,-51],[27,37],[56,-12],[41,-59],[2,-48],[61,17],[18,-67],[80,7],[41,-14],[-16,-62],[45,-29],[50,17]]],"transform":{"scale":[0.00045087967833868915,0.00041918295868825296],"translate":[150.87662687632695,-33.768810590799276]},"objects":{"auspol-maps-2019-p100-alldivisions":{"type":"GeometryCollection","geometries":[{"arcs":[[0,1,2,3,4]],"type":"Polygon","properties":{"E_div_numb":4,"Elect_div":"Berowra","Numccds":392,"Actual":0,"Projected":0,"Total_Popu":0,"Australian":0,"Area_SqKm":786.40134002481,"Sortname":"Berowra"}}]}}}