{"type":"Topology","arcs":[[[2441,376],[-152,22],[4,16],[-252,136],[-102,13],[-23,-6],[-86,8],[-21,-42],[-80,-2],[-46,-12],[-28,9],[-38,-18],[-116,14],[-24,-10],[-45,15],[-95,-33],[-72,-1],[-19,-13],[-96,-1],[-34,-18],[-61,2],[-23,-11],[-85,13],[-58,25],[-105,-4],[-36,-22],[-72,-118],[-16,-100],[-54,-43],[28,-34],[-129,-63],[24,-18],[-89,-80],[-434,56],[-6,25],[6,94],[20,119],[30,223],[8,22],[51,275],[38,269],[52,1],[53,21],[5,24],[65,-40],[23,-34],[246,-1],[29,-14],[26,-43],[37,4],[22,-35],[25,-3],[56,351],[50,-31],[30,5],[10,60],[60,-1],[157,-20],[30,193],[298,-36],[23,128],[73,-9],[22,124],[142,-18],[6,29],[-16,34],[10,33],[103,22],[187,-17],[111,-11],[-7,-52],[63,-8],[-42,-43],[54,-73],[46,-37],[60,-19],[12,-31],[-29,-26],[4,-33],[-16,-48],[18,-22],[-11,-64],[26,-27],[-4,-32],[35,-50],[-6,-43],[-74,-420],[206,61],[31,-241],[0,-151],[-13,-64]]],"transform":{"scale":[0.00006107853592283511,0.000056551298354019145],"translate":[145.16885327448557,-37.86518233685248]},"objects":{"auspol-maps-2019-p100-alldivisions":{"type":"GeometryCollection","geometries":[{"arcs":[[0]],"type":"Polygon","properties":{"E_div_numb":11,"Elect_div":"Deakin","Numccds":378,"Actual":106996,"Projected":109339,"Total_Popu":0,"Australian":0,"Area_SqKm":79.76,"Sortname":"Deakin"}}]}}}