{"type":"Topology","arcs":[[[465,203],[-37,-36],[-12,-35],[11,-36],[-37,-38],[-86,-58],[-19,19],[-99,16],[1,24],[-50,21],[-37,45],[-66,23],[-34,28],[18,22],[12,56],[47,-8],[84,73],[120,-18],[20,-26],[97,-26],[14,-39],[53,-7]]],"transform":{"scale":[0.00045023734714232225,0.000418630753782181],"translate":[151.6007795911028,-32.96306786296094]},"objects":{"auspol-maps-2019-p100-alldivisions":{"type":"GeometryCollection","geometries":[{"arcs":[[0]],"type":"Polygon","properties":{"E_div_numb":31,"Elect_div":"Newcastle","Numccds":379,"Actual":0,"Projected":0,"Total_Popu":0,"Australian":0,"Area_SqKm":170.78396268789,"Sortname":"Newcastle"}}]}}}