{"type":"Topology","arcs":[[[1381,445],[-42,-46],[-15,-41],[-58,-5],[-31,-39],[-33,-6],[-25,-84],[17,-46],[44,18],[57,-25],[50,-8],[-34,-62],[-278,32],[-68,-80],[-21,-53],[-154,16],[-261,33],[-348,36],[-12,33],[16,61],[0,37],[33,53],[-19,28],[8,39],[-25,18],[42,48],[-21,52],[15,22],[-41,47],[-12,44],[-42,45],[-61,14],[-10,24],[13,31],[-30,26],[5,81],[-40,66],[9,99],[334,-44],[162,-14],[322,-34],[306,-36],[22,139],[205,-26],[-19,-26],[18,-75],[38,-33],[61,-18],[58,-55],[-32,-42],[-50,-1],[-34,-39],[-17,-77],[-48,16],[9,-54],[29,-36],[-30,-25],[38,-28]]],"transform":{"scale":[0.00011293458188922623,0.00010474254415723954],"translate":[144.95159134206818,-37.69998121862733]},"objects":{"auspol-maps-2019-p100-alldivisions":{"type":"GeometryCollection","geometries":[{"arcs":[[0]],"type":"Polygon","properties":{"E_div_numb":36,"Elect_div":"Scullin","Numccds":337,"Actual":103164,"Projected":108238,"Total_Popu":0,"Australian":0,"Area_SqKm":116.28,"Sortname":"Scullin"}}]}}}