{"type":"Topology","arcs":[[[2148,613],[0,-1],[-5,-4],[-1,0],[-63,4],[0,-3],[1,-2],[0,-3],[0,-2],[0,-3],[-4,-10],[-3,-1],[-46,9],[-30,-24],[-2,-1],[-4,-2],[-2,-2],[-7,-6],[-3,-3],[-3,-3],[-3,-3],[-36,-18],[-40,0],[-18,-13],[17,-31],[3,-1],[16,-6],[2,-1],[34,5],[3,0],[-7,-17],[-4,0],[-24,-5],[-1,-1],[-8,-4],[-4,-2],[-9,-3],[-3,-1],[-5,-2],[-3,-1],[-11,-6],[-4,-2],[-14,-5],[-3,0],[-21,-8],[5,-36],[-91,-50],[-54,5],[-89,-23],[31,-48],[-100,-53],[-18,-17],[-80,-135],[-28,6],[-53,28],[-104,-4],[-42,-25],[-88,20],[-61,27],[-19,-6],[-45,-43],[-25,-54],[-30,-23],[-113,34],[-110,61],[-80,27],[4,53],[-38,133],[-19,54],[-63,83],[-60,27],[-18,28],[-26,-3],[-140,7],[-73,25],[0,1],[12,73],[-52,101],[-44,31],[111,147],[-179,96],[-54,38],[57,33],[29,26],[51,-3],[56,32],[66,17],[23,20],[22,53],[45,18],[128,4],[59,-8],[52,15],[45,25],[53,44],[37,3],[40,-17],[56,-3],[17,8],[60,-2],[46,-24],[104,-24],[70,-66],[38,-87],[21,-29],[38,5],[45,-9],[13,-52],[18,-13],[61,15],[39,-43],[92,-15],[69,-61],[64,3],[50,13],[15,-48],[50,-34],[102,40],[23,29],[65,8],[78,29],[74,-22],[0,-23],[49,-36],[-32,-9],[-7,-31],[48,-36],[18,-38],[44,-51],[21,-9],[-59,-36],[-5,-14]]],"transform":{"scale":[0.00006106564282180432,0.00005651842397121544],"translate":[151.0297826011977,-33.89272685285666]},"objects":{"auspol-maps-2019-p100-alldivisions":{"type":"GeometryCollection","geometries":[{"arcs":[[0]],"type":"Polygon","properties":{"E_div_numb":37,"Elect_div":"Reid","Numccds":385,"Actual":0,"Projected":0,"Total_Popu":0,"Australian":0,"Area_SqKm":55.106740631561,"Sortname":"Reid"}}]}}}