{"type":"Topology","arcs":[[[1637,0],[-503,83],[-72,4],[-71,82],[-73,13],[-148,-9],[-105,-20],[-44,-15],[-44,-1],[-44,23],[-49,37],[0,22],[-74,22],[-78,-29],[-65,-8],[-23,-29],[-102,-40],[-50,34],[-15,48],[-51,-13],[-4,79],[7,22],[-25,76],[-4,48],[57,38],[96,151],[28,23],[-32,50],[25,5],[4,0],[29,-9],[20,-27],[54,11],[0,3],[0,6],[-1,3],[-21,17],[-4,1],[-2,0],[-3,0],[-17,10],[-1,2],[-2,46],[-11,16],[-2,1],[-7,8],[-1,2],[22,3],[1,-1],[-1,43],[22,20],[1,-2],[29,41],[-22,45],[41,31],[62,13],[24,-9],[36,11],[18,-27],[74,5],[14,27],[-22,35],[-10,71],[44,-25],[58,4],[20,-6],[61,-46],[112,20],[47,-7],[4,-28],[93,28],[239,82],[74,22],[-35,88],[41,-23],[40,-5],[46,-18],[18,-26],[75,-4],[30,-39],[29,-6],[27,13],[88,-59],[36,0],[32,28],[63,9],[-3,-36],[25,-66],[-21,-101],[36,-49],[-32,-82],[12,-47],[-65,-27],[48,-47],[-33,-167],[-63,-40],[-65,-26],[-75,25],[-28,0],[-14,-21],[6,-34],[-23,-27],[-24,-57],[59,-68],[53,-36],[22,-46],[82,-142]]],"transform":{"scale":[0.00006106002175653493,0.000056545068865327816],"translate":[151.126701389314,-33.85447275885548]},"objects":{"auspol-maps-2019-p100-alldivisions":{"type":"GeometryCollection","geometries":[{"arcs":[[0]],"type":"Polygon","properties":{"E_div_numb":32,"Elect_div":"North Sydney","Numccds":366,"Actual":0,"Projected":0,"Total_Popu":0,"Australian":0,"Area_SqKm":52.820341591442,"Sortname":"North Sydney"}}]}}}