{"type":"Topology","arcs":[[[3862,1185],[-216,-73],[-398,34],[-306,97],[-232,69],[-264,23],[-102,-19],[-46,-32],[-32,-68],[25,-132],[57,-107],[31,-135],[3,-131],[23,-132],[51,-76],[47,-90],[-4,-59],[-43,-64],[-70,-54],[-95,-50],[-100,-43],[-62,-3],[-55,26],[-47,68],[-28,97],[-27,105],[-35,91],[-35,30],[-60,9],[-49,-23],[-18,-125],[-1,-89],[15,-193],[-27,-82],[-34,-45],[-63,-9],[-65,29],[-56,60],[-89,122],[-66,100],[-76,71],[-54,20],[-69,-18],[-105,-53],[-115,-95],[-83,-84],[-50,46],[-14,18],[-25,3],[-50,34],[27,29],[-16,54],[-50,57],[17,15],[1,40],[-25,37],[-23,-3],[-265,41],[-6,25],[-19,29],[20,142],[-25,32],[-57,9],[-2,31],[-40,20],[-62,21],[-28,54],[-20,29],[-54,52],[-51,43],[-5,49],[-35,24],[77,5],[-1,34],[-45,6],[8,24],[-9,40],[-19,4],[-7,46],[-34,50],[25,20],[-21,22],[22,124],[191,-31],[31,-2],[138,-22],[30,169],[10,69],[60,352],[41,224],[8,51],[-5,9],[-36,88],[-6,22],[-6,69],[41,11],[133,-18],[60,11],[71,-35],[220,-35],[209,-32],[257,-35],[330,-49],[53,-51],[28,25],[147,115],[22,43],[29,28],[27,8],[112,22],[18,11],[46,13],[2,33],[31,42],[18,-8],[64,-72],[28,-26],[47,-29],[21,-22],[34,-6],[17,-25],[27,-16],[40,-9],[208,-25],[79,39],[158,98],[22,4],[16,-30],[47,-52],[16,-57],[-5,-63],[-16,-68],[-2,-23],[11,-55],[25,-41],[48,-51],[25,-40],[8,-38],[-1,-30],[-19,-86],[0,-55],[12,-38],[46,-62],[31,-61],[19,-28],[32,-27],[75,-27],[67,-8],[126,5],[34,-8],[34,-19],[25,-23],[120,-225],[-2,-1],[9,-70]]],"transform":{"scale":[0.00003227996532641827,0.000029884990932619774],"translate":[152.97528222273286,-27.48065570912174]},"objects":{"auspol-maps-2019-p100-alldivisions":{"type":"GeometryCollection","geometries":[{"arcs":[[0]],"type":"Polygon","properties":{"E_div_numb":4,"Elect_div":"Brisbane","Numccds":364,"Actual":105439,"Projected":112500,"Total_Popu":0,"Australian":0,"Area_SqKm":54.785101830972,"Sortname":"BRISBANE"}}]}}}