{"type":"Topology","arcs":[[[197,301],[-40,-2],[13,-129],[6,-149],[-39,-21],[-33,26],[-32,1],[-18,47],[-54,210],[0,27],[29,66],[-3,51],[-22,32],[21,29],[39,18],[24,-20],[-13,-69],[14,-25],[71,-1],[41,-33],[-4,-58]],[[157,421],[-67,-1],[5,43],[22,20],[40,-62]]],"transform":{"scale":[0.000448844723768901,0.000419416853466916],"translate":[138.47615727836802,-34.975823445021334]},"objects":{"auspol-maps-2019-p100-alldivisions":{"type":"GeometryCollection","geometries":[{"arcs":[[[0]],[[1]]],"type":"MultiPolygon","properties":{"E_div_numb":5,"Elect_div":"Hindmarsh","Numccds":392,"Actual":120587,"Projected":122634,"Total_Popu":0,"Australian":0,"Area_SqKm":122.42,"Sortname":"Hindmarsh"}}]}}}