{"type":"Topology","arcs":[[[1227,157],[-135,21],[-36,-39],[-51,31],[-76,9],[-24,-7],[-44,17],[-99,15],[-63,-13],[-108,18],[-63,-45],[-26,-44],[-77,3],[-42,-54],[10,-42],[-17,-27],[-1,25],[-36,24],[-9,61],[-41,15],[-25,29],[26,62],[-19,13],[-30,53],[-55,8],[-16,24],[18,73],[45,42],[12,29],[-10,45],[13,42],[20,128],[-27,38],[-107,7],[-32,49],[-60,64],[53,82],[-28,12],[-14,37],[15,44],[-17,30],[-48,47],[23,32],[-26,34],[0,2],[2,22],[31,24],[2,2],[2,68],[-1,2],[0,2],[0,2],[-1,1],[37,30],[34,51],[0,3],[-1,24],[0,2],[70,11],[1,-1],[11,3],[0,1],[0,1],[26,37],[22,10],[74,-6],[31,17],[1,0],[4,3],[-1,2],[35,31],[0,1],[93,39],[2,0],[34,32],[19,-6],[16,-44],[25,-9],[-15,62],[-25,30],[-22,48],[46,-17],[34,37],[24,-31],[1,0],[58,-8],[20,27],[24,-4],[1,1],[40,38],[2,-58],[29,-4],[23,13],[-3,32],[30,11],[16,32],[-2,0],[-28,-1],[-1,0],[-5,-1],[-22,0],[-15,30],[16,26],[46,-14],[1,0],[37,-7]],[[878,1748],[73,37],[34,-8],[-1,38],[42,4],[52,45],[1,39],[16,15],[42,-14],[27,17],[2,0],[1,0],[41,-6],[1,1],[14,-4],[0,-1],[80,-26],[23,-36],[104,-4],[67,13],[44,-36],[-48,-3],[-28,-53],[-13,-62],[6,-42],[28,-1],[18,-26],[40,-21],[7,-24],[-35,-20],[-5,-41],[15,-32],[45,-7],[12,-39],[25,-28],[-22,-19],[-8,-76],[-41,5],[-25,-29],[14,-75],[-34,5],[-54,-90],[-2,-32],[21,-31],[-11,-43],[-26,-6],[-29,-62],[19,-30],[-31,-8],[-57,-86],[-15,-71],[35,-32],[-76,-124],[-35,-93],[-4,-45],[17,-82],[34,-30],[12,-35],[49,-3],[25,-36],[-79,-27],[-50,-37],[-28,-43],[20,-31]]],"transform":{"scale":[0.00011293616410835146,0.00010476207870806033],"translate":[151.1611790427307,-33.77311189777809]},"objects":{"auspol-maps-2019-p100-alldivisions":{"type":"GeometryCollection","geometries":[{"arcs":[[0,1]],"type":"Polygon","properties":{"E_div_numb":26,"Elect_div":"Mackellar","Numccds":366,"Actual":0,"Projected":0,"Total_Popu":0,"Australian":0,"Area_SqKm":233.24485996496,"Sortname":"Mackellar"}}]}}}