{"type":"Topology","arcs":[[[291,73],[-1,0],[-1,-1],[-7,1],[0,-1],[0,-1],[-1,-1],[-1,0],[-10,-2]],[[270,68],[0,-1],[-2,-1],[-1,-1],[-10,-8]],[[257,57],[2,-2],[1,0],[4,1],[0,-2],[-1,0],[-3,-1],[-2,-1],[-1,0],[0,-1],[-1,0],[-1,0],[-1,0],[0,-1],[-3,0],[-56,-50],[-109,7],[-7,32],[-52,22],[0,1],[-27,65],[47,27],[45,11],[49,-8],[18,-24],[59,-23],[69,-6],[4,-31]]],"transform":{"scale":[0.0004508404526500099,0.0004172922062081015],"translate":[151.0298593813556,-33.88858315845092]},"objects":{"auspol-maps-2019-p100-alldivisions":{"type":"GeometryCollection","geometries":[{"arcs":[[0,1,2]],"type":"Polygon","properties":{"E_div_numb":37,"Elect_div":"Reid","Numccds":385,"Actual":0,"Projected":0,"Total_Popu":0,"Australian":0,"Area_SqKm":55.106740631561,"Sortname":"Reid"}}]}}}