{"type":"Topology","arcs":[[[787,55],[-67,9],[-10,-64],[-349,46],[-14,-23],[-7,35],[18,25],[0,99],[-48,20],[18,54],[-41,-2],[-32,16],[21,61],[34,2],[-37,74],[-2,22],[-38,32],[1,29],[-56,45],[-66,21],[-45,45],[-67,80],[51,44],[-6,67],[7,13],[16,9],[7,6],[4,3],[1,0],[18,0],[88,-7],[268,23],[88,2],[114,10],[35,-38],[26,5],[4,-51],[28,-30],[-35,-16],[20,-25],[-17,-40],[-4,-76],[-85,-22],[0,-43],[-23,-24],[1,-33],[40,-26],[41,12],[23,-49],[32,-127],[-21,-18],[8,-36],[26,-37],[11,-92],[21,-30]]],"transform":{"scale":[0.00011285717444888913,0.00010475368935240169],"translate":[144.89802162174774,-37.78018225479075]},"objects":{"auspol-maps-2019-p100-alldivisions":{"type":"GeometryCollection","geometries":[{"arcs":[[0]],"type":"Polygon","properties":{"E_div_numb":38,"Elect_div":"Wills","Numccds":346,"Actual":107306,"Projected":110841,"Total_Popu":0,"Australian":0,"Area_SqKm":46.95,"Sortname":"Wills"}}]}}}