{"type":"Topology","arcs":[[[858,706],[4,-33],[67,-4],[78,40],[52,13],[16,31],[50,-42],[75,-4],[32,-47],[53,-7],[14,-50],[88,-91],[69,-25],[36,-41],[60,-9],[81,23],[84,-4],[23,-12],[31,-51],[37,-16],[28,-33],[-59,-32],[-144,-10],[-46,-35],[5,-26],[-54,-67],[-72,1],[-265,40],[-65,19],[-126,21],[-74,-29],[-66,-53],[-37,-12],[-39,-61],[-18,-66],[-30,8],[-76,-25],[-57,4],[-61,-21],[-27,19],[-58,-9],[3,38],[-100,106],[-229,190],[-141,79],[12,35],[131,-46],[23,-42],[55,-42],[139,-26],[50,9],[135,40],[121,55],[37,33],[-19,38],[24,35],[70,70],[0,56],[19,36],[61,32]]],"transform":{"scale":[0.00045087138881406123,0.000419341357225361],"translate":[144.67467036380785,-38.49726503298253]},"objects":{"auspol-maps-2019-p100-alldivisions":{"type":"GeometryCollection","geometries":[{"arcs":[[0]],"type":"Polygon","properties":{"E_div_numb":13,"Elect_div":"Flinders","Numccds":331,"Actual":107220,"Projected":109828,"Total_Popu":0,"Australian":0,"Area_SqKm":871.11,"Sortname":"Flinders"}}]}}}