{"type":"Topology","arcs":[[[971,0],[-444,54],[-519,65],[-8,2],[11,93],[32,193],[39,230],[114,-13],[49,280],[0,19],[57,-23],[71,32],[58,-25],[48,5],[16,-23],[35,11],[28,-15],[64,-15],[152,-20],[-20,-145],[-32,-160],[-28,-184],[0,-65],[235,-30],[-25,-52],[-11,-86],[32,-34],[-7,-21],[53,-73]]],"transform":{"scale":[0.00011298742246781043,0.00010471334183257151],"translate":[145.09076547546064,-37.892980490287016]},"objects":{"auspol-maps-2019-p100-alldivisions":{"type":"GeometryCollection","geometries":[{"arcs":[[0]],"type":"Polygon","properties":{"E_div_numb":7,"Elect_div":"Chisholm","Numccds":391,"Actual":106409,"Projected":108880,"Total_Popu":0,"Australian":0,"Area_SqKm":65.79,"Sortname":"Chisholm"}}]}}}