{"type":"Topology","arcs":[[[554,17],[-44,27],[9,33],[-37,10],[-59,-23],[-53,-33],[-36,17],[-20,51],[-42,21],[-152,-9],[-25,347],[-69,54],[-26,124],[13,10],[17,73],[21,1],[-2,50],[42,23],[26,-7],[17,33],[64,29],[-78,77],[105,85],[-11,10],[-15,215],[621,37],[37,23],[94,9],[85,21],[35,-51],[41,24],[77,-4],[5,-11],[-24,-75],[19,-17],[5,-40],[33,-23],[12,-32],[33,-39],[-41,-5],[-83,37],[-12,23],[-77,9],[-49,-11],[-37,7],[10,-49],[-43,-55],[8,-37],[-63,-4],[5,-69],[-56,-3],[8,-116],[-21,-66],[-33,-18],[-14,22],[-83,51],[3,-79],[35,2],[5,-68],[-31,11],[-21,-28],[71,-87],[-1,-52],[29,-14],[-31,-35],[-36,26],[-78,-17],[5,-68],[-86,-6],[-32,-32],[4,-86],[38,-46],[7,-57],[76,-122],[-7,-15],[-87,17]]],"transform":{"scale":[0.00011295124992089898,0.0001047820696456048],"translate":[138.6127934759928,-34.976226821934716]},"objects":{"auspol-maps-2019-p100-alldivisions":{"type":"GeometryCollection","geometries":[{"arcs":[[0]],"type":"Polygon","properties":{"E_div_numb":10,"Elect_div":"Sturt","Numccds":405,"Actual":123255,"Projected":125191,"Total_Popu":0,"Australian":0,"Area_SqKm":97.75,"Sortname":"Sturt"}}]}}}