{"type":"Topology","arcs":[[[1235,69],[-7,45],[-40,-1],[-46,17],[-2,35],[-29,21],[14,106],[-2,52],[-30,16],[-16,39],[-55,73],[-10,36],[4,43],[71,97],[-24,19],[-27,-48],[-67,-62],[-24,-6],[-62,9],[-26,-15],[-39,32],[-30,2],[-3,-37],[-25,-31],[-50,8],[-31,48],[-11,45],[1,43],[40,41],[94,34],[-129,-9],[-32,22],[-18,57],[9,18],[-28,29],[-2,41],[-20,8],[9,-71],[13,-17],[10,-51],[-35,-25],[-28,10],[-88,65],[-110,55],[17,53],[50,-1],[28,28],[-64,-5],[-51,14],[-36,27],[-8,-63],[31,-28],[-25,-67],[15,-93],[4,-52],[-68,-30],[-27,6],[21,36],[-16,20],[-64,47],[-16,24],[-49,-10],[-47,9],[-18,-10],[-21,26],[8,49],[38,35],[43,0],[42,71],[-5,32],[26,71],[8,43],[-30,57],[-35,87],[-47,-20],[-35,-3],[-3,35],[-20,23],[18,26],[42,5],[49,-13],[84,-52],[14,35],[54,50],[25,115],[-47,36],[-20,58],[44,16],[15,28],[70,7],[44,-4],[28,84],[34,49],[26,61],[109,120],[47,23],[54,88],[27,9],[22,-24],[63,-25],[42,-26],[109,-44],[-6,-20],[67,15],[53,3],[1,-215],[13,0],[-3,-141],[0,-280],[-131,0],[0,-224],[244,-98],[196,-168],[32,-53],[118,-138],[70,-36],[24,-40],[-14,-68],[2,-59],[-27,-76],[-33,-46],[-99,-64],[12,-46],[-6,-55],[-46,-86],[-87,64],[-59,13],[-39,-8]]],"transform":{"scale":[0.00011298579883646031,0.00010476035765438046],"translate":[130.8163635199986,-12.541303762812088]},"objects":{"auspol-maps-2019-p100-alldivisions":{"type":"GeometryCollection","geometries":[{"arcs":[[0]],"type":"Polygon","properties":{"E_div_numb":2,"Elect_div":"Solomon","Numccds":223,"Actual":0,"Projected":0,"Total_Popu":0,"Australian":0,"Area_SqKm":190.61,"Sortname":"Solomon"}}]}}}