{"type":"Topology","arcs":[[[392,112],[-20,-41],[-98,-71],[0,5]],[[274,5],[-37,23],[-13,53],[-59,17],[-38,-20],[-92,0],[-33,28],[-2,26],[48,60],[3,18],[60,-19],[27,63],[29,35],[-21,48],[17,62],[43,3],[-9,-61],[38,-75],[125,-66],[40,-6],[8,-34],[-31,-23],[15,-25]]],"transform":{"scale":[0.00045068383831954416,0.00041903032022218945],"translate":[152.97642870928135,-27.44520331580093]},"objects":{"auspol-maps-2019-p100-alldivisions":{"type":"GeometryCollection","geometries":[{"arcs":[[0,1]],"type":"Polygon","properties":{"E_div_numb":19,"Elect_div":"Lilley","Numccds":363,"Actual":103292,"Projected":110537,"Total_Popu":0,"Australian":0,"Area_SqKm":140.73481940635,"Sortname":"LILLEY"}}]}}}