{"type":"Topology","arcs":[[[4064,1161],[0,-3],[-10,-6],[-3,0],[-19,-2],[-42,12],[-24,23],[-29,-2],[-3,-25],[0,-4],[1,-5],[0,-5],[0,-6],[1,-5],[-9,-18],[-5,-2],[-40,-4],[-48,21],[-19,-26],[-36,-20],[-5,-2],[-6,-3],[-5,-2],[-13,-12],[-6,-6],[-6,-6],[-5,-7],[-20,-21],[-49,-12],[-75,0],[-36,-25],[10,-28],[24,-29],[5,-3],[30,-12],[4,-1],[36,-1],[29,10],[5,0],[18,-13],[-4,-21],[-27,2],[-6,1],[-30,0],[-17,-11],[-2,-3],[-15,-7],[-7,-3],[-17,-5],[-6,-3],[-8,-3],[-6,-2],[-22,-12],[-8,-4],[-26,-8],[-5,-1],[-40,-15],[-20,-23],[1,-23],[30,-22],[-115,-55],[-29,-29],[-29,-11],[-104,9],[-18,-10],[-45,1],[-62,-12],[-44,-21],[61,-92],[-189,-100],[-35,-32],[-95,-154],[-18,-36],[-39,-64],[-52,10],[-99,53],[-54,6],[-109,-7],[-36,-6],[-79,-48],[-18,-2],[-49,22],[-62,7],[-38,10],[-115,52],[-36,-11],[-84,-81],[-19,-45],[-30,-56],[-26,-35],[-29,-11],[-20,3],[-57,22],[-57,12],[-81,29],[-61,40],[-147,74],[-102,40],[-50,11],[12,49],[-3,52],[-71,251],[-38,103],[-38,57],[-80,99],[-50,33],[-66,21],[-15,13],[-17,37],[-49,-6],[-205,7],[-61,7],[-37,11],[-68,30],[-31,7],[-1,2],[-2,43],[10,25],[15,70],[-8,31],[-42,67],[-23,61],[-25,32],[-67,40],[-17,16],[35,45],[89,124],[41,51],[45,60],[-89,52],[-142,74],[-62,35],[-47,21],[-30,28],[-71,45],[30,11],[78,49],[55,51],[37,7],[59,-13],[39,15],[66,46],[52,16],[51,5],[24,10],[41,38],[20,38],[8,34],[15,29],[24,23],[29,11],[32,-1],[35,-2],[63,4],[144,5],[82,-14],[29,0],[47,10],[52,18],[85,47],[100,84],[70,5],[41,-13],[36,-19],[106,-5],[33,14],[52,3],[60,-7],[50,-18],[36,-27],[87,-16],[112,-29],[32,-19],[99,-106],[72,-165],[41,-54],[71,11],[46,-7],[38,-13],[11,-57],[15,-41],[33,-24],[46,4],[71,24],[72,-82],[93,-8],[82,-19],[131,-114],[120,4],[56,9],[40,16],[19,-28],[9,-63],[54,-51],[41,-13],[40,9],[58,24],[43,33],[51,8],[43,55],[74,23],[49,-7],[68,30],[80,26],[79,-16],[62,-28],[0,-41],[93,-68],[-61,-18],[-27,-35],[13,-22],[59,-37],[31,-34],[36,-71],[53,-58],[29,-38],[17,11],[23,-28],[-27,-21],[-85,-47],[-9,-26]]],"transform":{"scale":[0.000032277987925128825,0.00002988249084798243],"translate":[151.02978023336115,-33.89275386701494]},"objects":{"auspol-maps-2019-p100-alldivisions":{"type":"GeometryCollection","geometries":[{"arcs":[[0]],"type":"Polygon","properties":{"E_div_numb":37,"Elect_div":"Reid","Numccds":385,"Actual":0,"Projected":0,"Total_Popu":0,"Australian":0,"Area_SqKm":55.106740631561,"Sortname":"Reid"}}]}}}