{"type":"Topology","arcs":[[[849,193],[-141,165],[-165,23],[-334,43],[27,140],[52,322],[-46,12],[0,5],[-27,8],[-2,39],[-22,54],[-35,12],[-7,44],[-17,20],[7,39],[-92,3],[-47,19],[41,230],[55,292],[-36,56],[9,37],[32,27],[18,82],[18,14],[345,-48],[78,-20],[108,-15],[38,10],[7,30],[35,-2],[-3,125],[-53,12],[24,22],[-20,126],[31,49],[-14,61],[50,51],[87,26],[10,-47],[135,-17],[34,22],[28,64],[22,-6],[27,61],[91,-10],[34,72],[43,10],[35,-11],[105,-8],[30,-39],[21,18],[8,72],[34,25],[52,-6],[17,21],[192,-23],[40,9],[62,58],[25,13],[43,51],[27,-3],[9,79],[18,20],[-1,50],[-19,32],[4,44],[19,12],[26,-42],[64,-14],[20,-31],[26,4],[81,-23],[7,-39],[65,-32],[63,-126],[-10,-26],[68,-22],[30,16],[100,13],[127,-17],[-5,-29],[85,-13],[13,-53],[106,-15],[-15,-70],[63,-11],[88,-2],[23,11],[70,7],[-18,36],[65,45],[38,-8],[75,16],[4,35],[-18,37],[23,58],[71,-1],[59,46],[-13,48],[41,-1],[38,-21],[50,9],[57,-20],[62,11],[28,22],[48,-14],[28,-87],[30,-25],[-8,-25],[28,-37],[36,18],[31,-5],[88,-52],[27,-92],[-33,-22],[3,-33],[-45,-31],[-7,-33],[41,-43],[7,-35],[-44,-50],[-3,-41],[-62,-28],[18,-30],[-51,-50],[76,-125],[68,-35],[77,-68],[7,-33],[51,-45],[-11,-82],[28,-91],[-186,0],[-47,45],[-60,0],[-1,85],[-38,0],[0,-41],[-48,24],[-41,4],[-84,43],[-27,0],[-2,90],[-45,-64],[-29,23],[-28,-12],[-48,14],[-42,29],[-67,22],[-11,15],[-106,-14],[-3,-114],[-57,-9],[-107,17],[-60,-1],[-128,19],[-46,29],[-100,7],[0,32],[-50,-6],[-23,-16],[-87,11],[-45,-275],[84,-11],[4,21],[84,-11],[-19,-125],[-29,4],[-21,-24],[11,-41],[-16,-94],[55,-6],[22,-32],[13,-43],[-33,-158],[69,1],[10,-153],[-71,5],[34,-189],[61,-133],[-4,-19],[-101,14],[-45,-245],[-114,-28],[-8,-50],[-473,-113],[8,37],[-378,55],[-758,101]]],"transform":{"scale":[0.00011296908667572763,0.00010478552055811596],"translate":[145.30354440457336,-38.163199346951636]},"objects":{"auspol-maps-2019-p100-alldivisions":{"type":"GeometryCollection","geometries":[{"arcs":[[0]],"type":"Polygon","properties":{"E_div_numb":26,"Elect_div":"La Trobe","Numccds":275,"Actual":100962,"Projected":108510,"Total_Popu":0,"Australian":0,"Area_SqKm":748.13,"Sortname":"La Trobe"}}]}}}