{"type":"Topology","arcs":[[[2116,709],[-72,-24],[-32,-38],[-84,-70],[-53,-25],[-137,-45],[-61,-39],[-80,51],[-57,-27],[-94,-29],[-53,112],[-101,102],[-63,35],[-48,36],[-34,-10],[-43,-110],[-56,-53],[-15,-32],[-37,-27],[23,-33],[31,-16],[-57,-119],[20,-44],[-3,-22],[-84,25],[-63,33],[-83,7],[-71,22],[-52,2],[-51,14],[-23,-55],[-13,-78],[6,-35],[63,-83],[-112,-134],[-4,0],[-27,18],[7,48],[-16,12],[-78,-4],[-34,31],[-15,68],[-52,37],[-18,-45],[-60,3],[-72,28],[-42,32],[-53,71],[-44,14],[-11,30],[48,21],[57,11],[16,18],[-24,34],[-43,39],[-13,36],[-38,54],[-11,31],[346,217],[799,510],[19,35],[85,32],[13,27],[48,12],[26,33],[47,11],[26,19],[49,-7],[47,-36],[44,12],[29,-29],[-12,-42],[64,-9],[33,-24],[4,-65],[65,14],[16,22],[45,-4],[-9,-46],[12,-37],[-16,-33],[61,-57],[19,16],[67,-2],[54,-23],[31,-42],[-11,-37],[-37,-58],[20,-22],[49,-13],[49,-60],[-5,-51],[-54,-33],[19,-78],[54,-4],[20,-26]],[[14446,906],[-12,7],[-11,112],[92,34],[-9,31],[35,75],[-19,44],[-56,11],[-24,49],[29,10],[54,-3],[41,22],[65,-44],[56,6],[60,-19],[48,6],[34,23],[56,70],[36,25],[36,47],[53,29],[23,34],[7,72],[349,-49],[9,1],[62,5],[80,-103],[42,-26],[40,11],[55,-19],[48,-5],[67,15],[15,14],[31,74],[38,28],[40,-20],[43,14],[7,-37],[-17,-35],[11,-75],[-24,-36],[3,-89],[-32,-12],[-8,-46],[20,-39],[-43,-76],[-30,11],[-53,-53],[-37,0],[-34,-47],[-65,13],[3,34],[-55,21],[-11,-26],[-117,-97],[-7,-34],[-65,-47],[-44,-54],[-22,-8],[-29,41],[42,130],[-25,16],[12,41],[-49,-10],[18,55],[-51,54],[-76,-10],[-39,34],[-41,7],[-34,-19],[-20,18],[-61,3],[-80,-8],[-117,-24],[-107,-28],[-88,-33],[-61,-33],[-51,-38],[-36,-45]],[[16029,1542],[-20,-44],[-45,3],[-10,33],[36,66],[36,-31],[3,-27]]],"transform":{"scale":[0.00011298802823588436,0.00010478558550782058],"translate":[148.96171346581463,-35.279937313279724]},"objects":{"auspol-maps-2019-p100-alldivisions":{"type":"GeometryCollection","geometries":[{"arcs":[[[0]],[[1]],[[2]]],"type":"MultiPolygon","properties":{"E_div_numb":3,"Elect_div":"Fenner","Numccds":274,"Actual":93162,"Projected":101047,"Total_Popu":0,"Australian":0,"Area_SqKm":238.21212177807,"Sortname":"Fenner"}}]}}}