{"type":"Topology","arcs":[[[1544,348],[-113,-10],[-89,-2],[-267,-23],[-88,7],[-19,1],[-40,-8],[-166,-141],[-208,-172],[-91,10],[-49,22],[-36,34],[-23,39],[0,1],[34,32],[-31,33],[3,34],[-27,25],[-40,-20],[-49,20],[-6,49],[-60,-12],[-64,7],[-1,26],[86,34],[-13,49],[9,44],[-87,12],[-26,-16],[-30,62],[10,69],[-20,30],[37,25],[-24,20],[0,39],[-38,-2],[-18,28],[71,18],[68,-21],[22,132],[160,-28],[22,139],[-159,19],[28,187],[-116,13],[81,52],[-39,8],[1,46],[-18,48],[-36,1],[49,83],[54,0],[29,31],[-26,23],[7,45],[67,26],[38,53],[-31,25],[-1,49],[33,-7],[53,26],[100,8],[4,33],[36,15],[5,55],[-33,56],[41,41],[7,41],[28,22],[27,-23],[53,70],[-3,26],[34,37],[-40,12],[-3,39],[73,57],[25,-31],[111,13],[236,-32],[291,-37],[241,-24],[-24,-21],[11,-54],[-15,-28],[19,-29],[-37,-75],[-29,6],[-70,-43],[-12,-31],[-38,-9],[-18,-40],[67,-86],[27,-5],[16,-32],[-20,-63],[9,-78],[-8,-36],[-52,-23],[-5,-41],[15,-45],[-26,-8],[-23,-47],[-5,-37],[-9,-99],[40,-66],[-5,-81],[31,-25],[-14,-32],[10,-23],[62,-15],[41,-44],[13,-45],[40,-46],[-15,-22],[21,-52],[-42,-49],[25,-18],[-8,-38],[19,-28],[-33,-53],[0,-37],[-16,-62],[12,-32]]],"transform":{"scale":[0.00011293440409690733,0.0001047874047335946],"translate":[144.79763196586725,-37.727509950990736]},"objects":{"auspol-maps-2019-p100-alldivisions":{"type":"GeometryCollection","geometries":[{"arcs":[[0]],"type":"Polygon","properties":{"E_div_numb":5,"Elect_div":"Calwell","Numccds":319,"Actual":100754,"Projected":107381,"Total_Popu":0,"Australian":0,"Area_SqKm":265.5,"Sortname":"Calwell"}}]}}}