{"type":"Topology","arcs":[[[534,53],[-43,64],[-88,55],[-21,60],[9,49],[-112,18],[-46,-6],[-12,38],[-36,38],[-43,16],[-115,-2],[-27,25],[15,41],[52,69],[32,31],[33,27],[49,20],[38,-25],[60,-81],[37,-5],[17,36],[-5,55],[7,60],[41,-3],[25,-85],[47,-25],[76,41],[14,35],[-28,48],[-8,75],[-32,107],[22,28],[29,5],[76,-6],[154,-47],[113,-11],[62,21],[15,-15],[44,-85],[-71,-11],[-29,-176],[2,-60],[56,-94],[-10,-72],[-54,-306],[-57,62],[-40,28],[-106,-73],[-73,81],[-69,-45]]],"transform":{"scale":[0.00011290430394436547,0.0001048004293530087],"translate":[152.9954062665021,-27.53114575236014]},"objects":{"auspol-maps-2019-p100-alldivisions":{"type":"GeometryCollection","geometries":[{"arcs":[[0]],"type":"Polygon","properties":{"E_div_numb":13,"Elect_div":"Griffith","Numccds":342,"Actual":101827,"Projected":109442,"Total_Popu":0,"Australian":0,"Area_SqKm":53.91233302672,"Sortname":"GRIFFITH"}}]}}}