{"type":"Topology","arcs":[[[1334,132],[0,110],[-20,41],[-28,1],[-6,56],[-45,23],[-316,-6],[-47,-10],[-15,16],[-82,1],[-37,-19],[-34,7],[-111,0],[-48,16],[-88,13],[0,-25],[-71,0],[-39,34],[-98,2],[-25,-19],[-109,-9],[-13,90],[-46,150],[-8,93],[-15,68],[-18,141],[-15,51],[3,42],[56,173],[85,78],[67,100],[48,-1],[34,50],[19,103],[119,0],[58,-6],[9,32],[58,0],[0,92],[-60,5],[9,60],[38,27],[7,51],[45,33],[32,96],[-28,24],[19,40],[-1,146],[26,4],[4,52],[176,2],[83,-16],[6,79],[71,76],[-22,27],[18,34],[-73,6],[-5,39],[-35,26],[39,26],[-28,75],[26,24],[34,-31],[42,-13],[23,53],[22,-7],[154,6],[3,-9],[112,0],[61,-13],[33,-24],[40,23],[85,-101],[-9,0],[2,-264],[59,4],[8,-42],[27,-13],[35,-89],[31,-11],[-295,1],[-78,-123],[78,-131],[13,-33],[64,-79],[0,-259],[222,0],[66,-61],[112,-121],[81,-128],[67,-74],[32,-71],[101,-102],[53,-96],[77,2],[64,-26],[11,-80],[-2,-75],[-19,0],[0,-145],[-71,0],[0,-177],[-32,0],[0,-63],[-55,0],[0,-32],[-25,-38],[2,-55],[-61,7],[-2,-48],[-61,13],[0,25],[-95,0],[0,-56],[-133,0],[0,218],[-122,0],[0,-42],[-155,0],[0,-44],[-168,0]]],"transform":{"scale":[0.00045105500018547084,0.00041950550636345695],"translate":[115.60698067393491,-33.085722658176394]},"objects":{"auspol-maps-2019-p100-alldivisions":{"type":"GeometryCollection","geometries":[{"arcs":[[0]],"type":"Polygon","properties":{"E_div_numb":2,"Elect_div":"Canning","Numccds":306,"Actual":90883,"Projected":96383,"Total_Popu":0,"Australian":0,"Area_SqKm":6304.2826867164,"Sortname":"Canning"}}]}}}