{"type":"Topology","arcs":[[[1550,0],[-56,45],[-127,88],[-72,35],[-35,-2],[-52,46],[-75,28],[-73,56],[-148,79],[-95,30],[-179,21],[-99,-8],[-102,-27],[-10,-73],[-25,-41],[-42,-1],[-52,81],[-49,35],[-20,36],[-73,74],[-32,8],[-21,37],[15,44],[-19,35],[34,51],[-22,87],[-23,62],[-51,81],[-7,30],[24,27],[-15,31],[8,57],[-2,78],[-24,48],[-20,72],[28,26],[-21,165],[-12,30],[38,52],[11,127],[-25,74],[9,22],[-39,120],[34,16],[38,88],[26,7],[20,53],[-32,122],[-16,36],[10,27],[-15,63],[48,-11],[21,-22],[45,-2],[20,-32],[31,-10],[52,-56],[16,-62],[30,-28],[173,-61],[68,-15],[71,-3],[101,7],[174,52],[55,31],[64,57],[101,116],[131,158],[62,64],[42,75],[23,57],[43,136],[37,53],[31,-2],[37,31],[21,52],[8,141],[0,116],[13,134],[-20,181],[-24,160],[-24,107],[110,8],[25,20],[98,-2],[38,-35],[72,0],[-1,26],[89,-13],[48,-16],[111,0],[34,-7],[37,19],[81,-1],[16,-16],[47,10],[316,5],[45,-23],[5,-55],[29,-1],[20,-41],[0,-110],[0,-131],[-137,1],[-1,-332],[-4,-19],[-302,0],[50,45],[-2,52],[-33,19],[-4,-49],[-150,-45],[2,-160],[-62,-1],[1,-211],[109,-55],[40,2],[49,-26],[-1,77],[-17,37],[51,8],[1,-190],[90,0],[0,-107],[152,-3],[0,-64],[142,-1],[0,-188],[21,-9],[-1,-119],[-11,-56],[32,0],[1,-76],[53,-12],[-47,-68],[-2,-85],[-48,-23],[-212,0],[-1,-23],[-38,-26],[-183,0],[4,-22],[-1,-202],[-8,-18],[-62,-10],[28,-65],[-11,-57],[-71,-14],[0,-81],[75,0],[1,-209],[68,-1],[-3,-97],[-43,-28],[-43,22],[-58,-15],[0,-64],[-79,-10],[-7,-57],[-61,-55],[-5,-200],[-20,-18],[-63,5],[-23,-62],[-76,-12],[-10,-99],[38,-49],[36,-25],[-62,-75],[-63,-51],[-91,-7],[-68,-42],[-45,-14]]],"transform":{"scale":[0.0004510594744027247,0.0004194126198751883],"translate":[114.9751118048842,-34.48552451166661]},"objects":{"auspol-maps-2019-p100-alldivisions":{"type":"GeometryCollection","geometries":[{"arcs":[[0]],"type":"Polygon","properties":{"E_div_numb":6,"Elect_div":"Forrest","Numccds":334,"Actual":94559,"Projected":98311,"Total_Popu":0,"Australian":0,"Area_SqKm":11071.808585399,"Sortname":"Forrest"}}]}}}