{"type":"Topology","arcs":[[[342,146],[0,-1],[-15,-42],[-25,-16],[-85,12],[-46,-45],[16,-42],[-54,-12],[-56,5],[-36,46],[-41,1],[6,57],[33,67],[-8,21],[84,51],[17,23],[39,-6],[-10,-25],[-5,-29],[35,-27],[127,-3],[24,-35]]],"transform":{"scale":[0.0004500619603640134,0.0004183306919182449],"translate":[151.07806736046575,-34.077529187634]},"objects":{"auspol-maps-2019-p100-alldivisions":{"type":"GeometryCollection","geometries":[{"arcs":[[0]],"type":"Polygon","properties":{"E_div_numb":9,"Elect_div":"Cook","Numccds":357,"Actual":0,"Projected":0,"Total_Popu":0,"Australian":0,"Area_SqKm":93.822495529488,"Sortname":"Cook"}}]}}}