{"type":"Topology","arcs":[[[2344,2895],[-301,-149],[29,-52],[-4,-76],[21,-48],[38,-38],[2,-19],[33,-33],[12,-26],[-4,-32],[-16,-23],[19,-34],[21,-12],[3,-25],[26,-34],[12,-34],[0,-33],[11,-35],[0,-57],[-29,-26],[-10,-22],[10,-37],[-1,-49],[-19,-30],[11,-24],[1,-34],[-37,-48],[2,-14],[-17,-42],[-18,-20],[-33,-12],[-5,-27],[21,-28],[17,-42],[-10,-76],[15,-42],[-13,-22],[5,-18],[-8,-50],[3,-21],[21,-37],[4,-34],[-16,-42],[-2,-26],[-39,-47],[7,-39],[2,-47],[16,-27],[6,-48],[19,-21],[10,-38],[13,-13],[0,-25],[21,-41],[-4,-21],[9,-37],[-16,-81],[10,-25],[-12,-41],[-27,-35],[-23,-17],[-33,19],[-15,71],[-74,4],[-77,-19],[-68,-46],[-31,-37],[0,-19],[20,-36],[-14,-27],[5,-24],[51,-39],[6,-16],[-16,-19],[-57,-7],[-31,7],[-28,-6],[-1,-19],[-55,-19],[-6,-54],[-23,-5],[-21,-24],[-8,-23],[7,-31],[35,-30],[12,-39],[-12,-40],[2,-65],[55,-110],[-7,-36],[-41,-20],[-25,1],[-50,20],[-24,21],[-10,-12],[-57,14],[-24,20],[-37,11],[-31,-2],[-266,44],[-26,35],[-24,10],[-73,11],[-22,33],[-25,11],[-97,-21],[-8,39],[-114,17],[-1,-6],[-296,43],[-136,61],[-24,15],[-93,85],[-27,-2],[-215,19],[55,294],[-2,1],[45,235],[-17,37],[-19,108],[67,-31],[22,10],[46,-1],[45,30],[23,30],[37,18],[59,8],[35,-8],[50,70],[-62,10],[-4,13],[-88,9],[13,55],[28,30],[-27,14],[26,155],[18,-2],[38,13],[24,22],[16,31],[-15,77],[16,104],[61,64],[-130,157],[742,-94],[334,360],[221,254],[221,327],[170,187],[115,-37],[181,-122]]],"transform":{"scale":[0.00003227466784914017,0.000029880634649273678],"translate":[151.21503102831556,-33.91483323641814]},"objects":{"auspol-maps-2019-p100-alldivisions":{"type":"GeometryCollection","geometries":[{"arcs":[[0]],"type":"Polygon","properties":{"E_div_numb":45,"Elect_div":"Wentworth","Numccds":350,"Actual":0,"Projected":0,"Total_Popu":0,"Australian":0,"Area_SqKm":37.652062892144,"Sortname":"Wentworth"}}]}}}