{"type":"Topology","arcs":[[[640,0],[-18,113],[-51,45],[-58,14],[-40,23],[-17,24],[-15,83],[-119,1],[0,-28],[-138,2],[-1,-84],[-151,-2],[-9,82],[-15,52],[3,171],[-11,110],[2,43],[77,0],[78,11],[85,-6],[164,-2],[74,0],[81,8],[71,23],[34,3],[74,-48],[34,-10],[278,-4],[71,-19],[9,-84],[-3,-79],[10,-37],[2,-75],[158,-145],[-56,-31],[-29,-27],[-92,-103],[-44,40],[-41,0],[-7,-45],[-98,2],[-38,35],[-52,-55],[-202,-1]]],"transform":{"scale":[0.00011291292858916398,0.00010474194303156039],"translate":[115.75084393484448,-31.914177100458595]},"objects":{"auspol-maps-2019-p100-alldivisions":{"type":"GeometryCollection","geometries":[{"arcs":[[0]],"type":"Polygon","properties":{"E_div_numb":14,"Elect_div":"Stirling","Numccds":333,"Actual":95584,"Projected":101801,"Total_Popu":0,"Australian":0,"Area_SqKm":74.147083660318,"Sortname":"Stirling"}}]}}}