{"type":"Topology","arcs":[[[1257,655],[-66,-101],[-41,-80],[-31,5],[-13,-33],[2,-42],[34,-12],[5,-25],[57,-55],[-45,-47],[-6,-52],[14,-54],[31,-51],[-10,-24],[-36,13],[-44,-20],[2,25],[-237,-8],[-51,-7],[-73,30],[-28,-51],[-53,-66],[-78,14],[-52,-5],[19,102],[-57,9],[11,44],[34,6],[-15,57],[38,11],[-72,45],[-40,99],[-53,58],[-63,42],[-62,12],[-85,36],[-100,-3],[-93,64],[16,28],[63,44],[11,62],[141,-22],[20,30],[36,98],[89,-10],[58,8],[-6,-35],[217,-28],[17,-63],[-15,-86],[42,-17],[41,18],[86,-75],[72,-18],[61,-1],[56,26],[22,0],[32,67],[-25,32],[32,19],[53,6],[138,-19]]],"transform":{"scale":[0.00011293536901284003,0.00010476338607454955],"translate":[150.84351060123058,-33.93907934560078]},"objects":{"auspol-maps-2019-p100-alldivisions":{"type":"GeometryCollection","geometries":[{"arcs":[[0]],"type":"Polygon","properties":{"E_div_numb":15,"Elect_div":"Fowler","Numccds":381,"Actual":0,"Projected":0,"Total_Popu":0,"Australian":0,"Area_SqKm":60.354185622051,"Sortname":"Fowler"}}]}}}