{"type":"Topology","arcs":[[[1463,553],[-47,-43],[-50,-192],[-57,-7],[-111,2],[-47,-17],[-83,-69],[-109,-107],[-42,-47],[-37,-24],[-150,-49],[-82,9],[1,76],[-70,-9],[-54,0],[-71,51],[-27,4],[-2,51],[-89,-1],[-94,27],[0,90],[-85,-2],[0,214],[-156,-40],[-1,113],[59,74],[7,21],[-28,50],[1,39],[29,5],[77,-19],[25,-8],[70,-18],[53,-7],[39,-18],[40,-1],[22,35],[3,46],[20,40],[40,35],[77,40],[16,23],[70,-39],[22,-25],[16,-62],[26,-63],[6,-67],[26,-77],[-12,-55],[29,-32],[45,6],[10,31],[36,14],[53,-17],[46,75],[123,43],[67,-34],[-3,-49],[54,-41],[44,8],[10,43],[46,56],[26,-29],[37,-10],[6,44],[39,-5],[91,-82]]],"transform":{"scale":[0.00011292482397005192,0.00010478288491800445],"translate":[115.77591456395444,-32.08759817617752]},"objects":{"auspol-maps-2019-p100-alldivisions":{"type":"GeometryCollection","geometries":[{"arcs":[[0]],"type":"Polygon","properties":{"E_div_numb":16,"Elect_div":"Tangney","Numccds":320,"Actual":93090,"Projected":97967,"Total_Popu":0,"Australian":0,"Area_SqKm":83.092372117187,"Sortname":"Tangney"}}]}}}