{"type":"Topology","arcs":[[[3686,0],[-47,10],[-23,50],[-35,19],[-57,15],[-79,-20],[-70,43],[-45,15],[-30,-8],[-39,-32],[-7,-39],[-29,-22],[-20,12],[-12,22],[-26,21],[-77,23],[-18,1],[-25,-21],[14,-53],[-2,-26],[-36,-9],[-15,15],[-45,16],[-58,-14],[-78,-13],[-73,24],[-82,12],[-34,24],[-30,44],[-52,51],[-44,46],[-49,21],[-75,14],[-43,15],[-56,43],[-59,74],[-45,44],[-47,59],[-58,33],[-45,3],[-122,-6],[-85,-14],[-119,-33],[-166,-88],[-59,-11],[-35,-1],[-164,15],[-64,13],[-147,37],[-126,33],[-107,24],[-150,27],[-303,5],[-208,-38],[-146,-45],[3,20],[-4,62],[-33,130],[1,60],[8,54],[22,101],[55,142],[43,94],[43,57],[45,17],[32,-5],[41,-17],[44,39],[9,24],[-6,26],[-32,35],[-74,46],[30,13],[353,237],[200,-24],[14,2],[187,-21],[35,28],[32,17],[-13,21],[11,12],[-21,57],[-18,106],[-10,31],[-51,103],[33,35],[20,42],[1219,-158],[4,37],[29,187],[131,-15],[73,-15],[34,0],[16,-16],[26,-2],[13,-14],[-5,-35],[39,-50],[11,-60],[51,-14],[12,-85],[63,-30],[44,-38],[-15,-16],[17,-28],[1,-32],[-13,-5],[-47,-275],[87,-8],[71,-2],[74,10],[22,-45],[-16,-18],[-60,6],[-7,-12],[17,-26],[51,-25],[38,-26],[47,-41],[95,-69],[13,-17],[-4,-21],[-60,-34],[-37,-8],[-87,37],[-40,0],[-30,-27],[0,-21],[19,-30],[25,-21],[106,-3],[96,3],[38,-13],[13,-13],[4,-55],[14,-29],[127,-4],[63,3],[5,-11],[-27,-98],[-15,-37],[-2,-54],[21,-103],[20,-64],[12,-95],[14,-28],[23,-21],[32,-14],[57,26],[35,8],[23,-16],[33,-79],[113,-64],[48,-35],[-2,-16],[-38,-43],[-51,-46],[-30,-11]]],"transform":{"scale":[0.00003227478280123703,0.000029880234525999703],"translate":[144.9054447293582,-37.834455483778754]},"objects":{"auspol-maps-2019-p100-alldivisions":{"type":"GeometryCollection","geometries":[{"arcs":[[0]],"type":"Polygon","properties":{"E_div_numb":32,"Elect_div":"Melbourne","Numccds":341,"Actual":104982,"Projected":111134,"Total_Popu":0,"Australian":0,"Area_SqKm":40.46,"Sortname":"Melbourne"}}]}}}