{"type":"Topology","arcs":[[[3028,974],[-28,-29],[-108,-14],[-47,-27],[-21,-54],[13,-23],[74,-7],[14,-42],[-28,-15],[-62,-5],[-38,7],[-41,23],[-57,64],[-90,71],[-35,0],[-31,-65],[5,-54],[38,-75],[-7,-89],[29,-47],[-7,-32],[-74,1],[-20,21],[-26,61],[-53,46],[-36,20],[-100,13],[-78,-13],[-23,-22],[-5,-76],[-26,-34],[-134,-12],[-48,-20],[-4,-19],[35,-69],[-46,-34],[-58,-24],[59,-68],[-61,-69],[-6,-28],[19,-71],[15,-26],[42,-35],[28,-59],[-13,-40],[-55,-4],[-22,14],[-48,92],[-122,109],[-39,5],[-23,-24],[-58,-140],[-22,-13],[-34,16],[6,33],[-16,133],[-46,114],[-5,96],[28,79],[2,66],[-64,117],[31,34],[-72,97],[12,61],[20,25],[-2,45],[-19,62],[-39,32],[-79,13],[-26,28],[-36,15],[-79,80],[-33,-5],[-22,-138],[-46,7],[-22,-50],[-35,3],[-37,54],[-42,4],[-53,-11],[-25,29],[-89,8],[-52,-22],[-42,-35],[-43,4],[-28,-14],[-40,32],[-32,52],[-8,37],[26,26],[6,36],[-24,3],[6,38],[-19,9],[-12,60],[4,51],[52,-8],[26,163],[-15,23],[6,36],[-29,5],[12,81],[-11,23],[40,20],[6,74],[-21,3],[13,78],[-50,8],[-8,58],[26,52],[-14,16],[-44,2],[-37,-32],[35,218],[-41,7],[9,57],[-99,15],[17,106],[-143,21],[-8,-50],[-58,8],[-8,-46],[-64,9],[-15,-96],[-31,4],[-5,-34],[-60,10],[40,224],[17,-3],[42,52],[42,7],[67,45],[62,53],[63,19],[16,28],[4,40],[47,12],[56,-10],[70,-1],[51,42],[32,2],[18,-16],[-14,-113],[51,-9],[8,47],[35,-19],[44,-49],[28,4],[20,-58],[18,-20],[-10,-39],[9,-27],[-46,-12],[-33,-31],[-12,-69],[-14,-20],[23,-28],[-3,-47],[65,-68],[29,-2],[-5,-38],[30,-58],[-9,-38],[-1,-75],[10,-6],[204,-33],[5,33],[30,16],[102,-21],[11,-29],[48,-52],[43,-16],[48,-44],[50,-18],[52,11],[40,-18],[18,-23],[33,13],[47,-4],[25,-13],[33,43],[70,39],[217,-33],[18,131],[139,-21],[18,110],[73,9],[43,-35],[63,-37],[63,-50],[71,0],[45,20],[37,56],[37,11],[51,-12],[48,-25],[16,-12],[12,-53],[34,-25],[74,-22],[-42,-250],[-102,16],[-8,-47],[17,-30],[3,-51],[44,-51],[53,-32],[2,-56],[76,-12],[27,-57],[32,-36],[-8,-8],[-52,-69],[-15,-41],[26,-25],[116,2],[43,-16],[36,-38],[12,-38]]],"transform":{"scale":[0.00011297762020021779,0.00010477650243098694],"translate":[152.6796663349335,-27.60250181675337]},"objects":{"auspol-maps-2019-p100-alldivisions":{"type":"GeometryCollection","geometries":[{"arcs":[[0]],"type":"Polygon","properties":{"E_div_numb":28,"Elect_div":"Ryan","Numccds":359,"Actual":102994,"Projected":109568,"Total_Popu":0,"Australian":0,"Area_SqKm":365.80196190624,"Sortname":"RYAN"}}]}}}