{"type":"Topology","arcs":[[[378,173],[-23,-74],[10,-33],[-50,8],[-52,37],[-73,24],[-8,-36],[-27,-33],[15,-20],[-8,-46],[-31,1],[-47,41],[-37,2],[-10,48],[-37,23],[12,94],[35,42],[43,-50],[-1,97],[30,41],[34,3],[7,28],[51,5],[33,-37],[28,-33],[32,-72],[1,-44],[73,-16]]],"transform":{"scale":[0.0004509249746696265,0.00041931073594978825],"translate":[152.85487573338222,-27.685388946118398]},"objects":{"auspol-maps-2019-p100-alldivisions":{"type":"GeometryCollection","geometries":[{"arcs":[[0]],"type":"Polygon","properties":{"E_div_numb":25,"Elect_div":"Oxley","Numccds":376,"Actual":98556,"Projected":107534,"Total_Popu":0,"Australian":0,"Area_SqKm":156.84952567884,"Sortname":"OXLEY"}}]}}}