{"type":"Topology","arcs":[[[138,0],[-46,4],[-24,22],[-38,-2],[-6,86],[-24,45],[30,72],[23,24],[-3,54],[156,9],[54,13],[38,-8],[-13,-45],[-39,-11],[-37,-42],[-3,-45],[-35,-28],[18,-21],[-57,-71],[6,-56]]],"transform":{"scale":[0.000450649852659476,0.0004191618747232609],"translate":[138.61286133341605,-34.97454245499298]},"objects":{"auspol-maps-2019-p100-alldivisions":{"type":"GeometryCollection","geometries":[{"arcs":[[0]],"type":"Polygon","properties":{"E_div_numb":10,"Elect_div":"Sturt","Numccds":405,"Actual":123255,"Projected":125191,"Total_Popu":0,"Australian":0,"Area_SqKm":97.75,"Sortname":"Sturt"}}]}}}