{"type":"Topology","arcs":[[[4926,746],[-230,-173],[-128,-94],[-31,-16],[-45,-1],[-16,-13],[-35,-52],[-234,33],[-375,-194],[-25,-35],[-62,0],[20,-34],[-3,-141],[-84,13],[-95,9],[-176,-4],[-143,-37],[-60,-7],[-46,3],[-68,32],[-30,22],[-22,28],[-35,98],[-19,22],[-54,13],[-39,16],[-81,76],[-36,6],[-53,-23],[-47,-73],[-37,-43],[-44,-42],[-42,-26],[-34,-10],[-76,2],[-98,16],[-111,6],[-90,18],[-112,-11],[-46,15],[-12,20],[-16,66],[-57,76],[-7,47],[36,55],[49,17],[69,0],[50,16],[12,35],[-9,18],[-39,27],[-23,38],[-26,55],[-26,30],[-21,6],[-48,-2],[-34,-19],[-41,-14],[-132,-17],[-31,3],[-24,11],[-39,31],[-27,5],[-33,-6],[-46,-33],[-115,-145],[-29,-21],[-82,-32],[-42,4],[-33,26],[-48,13],[-46,-10],[-22,3],[-21,23],[-10,52],[-21,30],[-15,0],[-36,-26],[-41,-62],[-30,-21],[-35,-9],[-63,20],[-33,22],[-42,48],[-19,39],[14,41],[54,50],[57,40],[-22,37],[-107,79],[-45,53],[-40,68],[-47,54],[-50,28],[-69,0],[-66,-7],[-42,11],[-38,19],[-20,41],[-6,50],[10,67],[15,38],[36,49],[19,36],[-3,27],[-23,27],[-68,42],[-53,22],[-81,9],[-54,22],[-18,25],[-79,147],[105,31],[95,20],[368,58],[60,3],[130,-6],[80,4],[46,11],[55,24],[130,73],[51,18],[34,6],[71,-2],[222,-37],[106,-9],[85,6],[160,24],[88,7],[127,-15],[121,-14],[77,-12],[511,-69],[119,-10],[106,-4],[224,0],[36,1],[86,15],[58,-133],[132,-166],[16,-17],[75,-99],[158,-201],[101,-126],[80,7],[43,-8],[54,-22],[106,-58],[69,-21],[102,5],[48,-6],[91,-32],[69,-13],[59,8],[209,46],[4,-9],[76,-99],[83,-72]]],"transform":{"scale":[0.00003227711093113939,0.000029881673018863615],"translate":[150.97066923389826,-33.995909630517005]},"objects":{"auspol-maps-2019-p100-alldivisions":{"type":"GeometryCollection","geometries":[{"arcs":[[0]],"type":"Polygon","properties":{"E_div_numb":1,"Elect_div":"Banks","Numccds":370,"Actual":0,"Projected":0,"Total_Popu":0,"Australian":0,"Area_SqKm":53.007212355657,"Sortname":"Banks"}}]}}}