{"type":"Topology","arcs":[[[151,30],[-55,-4],[-30,-26],[-33,53],[-25,97],[15,73],[-23,29],[191,-21],[37,-22],[-31,-49],[-49,5],[-24,-83],[27,-52]]],"transform":{"scale":[0.00045006196036405496,0.00041937173547495604],"translate":[144.97218246345898,-37.796563487469705]},"objects":{"auspol-maps-2019-p100-alldivisions":{"type":"GeometryCollection","geometries":[{"arcs":[[0]],"type":"Polygon","properties":{"E_div_numb":8,"Elect_div":"Cooper","Numccds":347,"Actual":109048,"Projected":112299,"Total_Popu":0,"Australian":0,"Area_SqKm":60.6,"Sortname":"Cooper"}}]}}}