{"type":"Topology","arcs":[[[1895,425],[-11,-54],[-71,11],[-18,-104],[-57,-24],[-109,-4],[-10,-64],[-41,-7],[-54,8],[-6,43],[-210,43],[-16,26],[-39,-8],[-68,11],[-21,25],[-153,21],[-14,-22],[-9,-82],[-44,7],[-11,-59],[-59,0],[-12,-48],[-24,3],[-24,-138],[-85,-9],[-22,110],[36,51],[-42,63],[5,31],[30,18],[18,115],[-51,7],[13,28],[33,11],[44,73],[51,-14],[75,128],[37,17],[-17,31],[35,21],[14,53],[-59,2],[16,94],[-55,8],[12,61],[-50,44],[-48,15],[-1,39],[-80,31],[5,33],[-63,31],[-129,7],[-11,-72],[-35,4],[-7,65],[-63,-38],[-4,56],[-154,14],[-1,50],[22,105],[6,74],[-21,36],[-26,5],[-27,-31],[-41,41],[14,24],[53,17],[113,71],[7,44],[-47,-12],[-125,6],[7,41],[59,48],[-121,65],[17,36],[73,69],[37,60],[51,-6],[29,34],[-72,10],[10,69],[48,13],[-51,33],[-34,74],[-31,-1],[-96,56],[39,70],[16,48],[-26,24],[19,37],[52,28],[30,-9],[-7,59],[20,54],[-35,6],[-8,59],[13,40],[-45,26],[-11,67],[-38,24],[-48,59],[-52,15],[-29,33],[-5,42],[16,23],[39,11],[63,38],[20,57],[0,113],[-20,84],[-3,59],[55,57],[39,17],[61,-47],[24,-32],[56,3],[4,37],[45,18],[12,34],[55,43],[79,-62],[114,38],[13,-24],[58,-4],[21,22],[68,10],[-9,-62],[12,-46],[-18,-43],[16,-49],[-7,-30],[37,-57],[140,-17],[-18,49],[94,-12],[47,-28],[27,-71],[-10,-75],[-61,-83],[-6,-61],[52,-17],[24,-49],[-9,-16],[43,-42],[67,-15],[29,-22],[48,1],[4,-40],[23,-24],[-2,-73],[-25,-13],[47,-145],[-46,1],[-3,-23],[35,-22],[-27,-29],[-13,-46],[85,-200],[-45,-63],[9,-63],[105,-57],[-7,-44],[19,-60],[-13,-47],[-65,-68],[-8,-74],[-41,-57],[4,-42],[47,-12],[5,-36],[62,-12],[38,4],[-8,-56],[-64,-11],[-79,-60],[15,-52],[38,45],[64,-52],[24,-119],[-8,-88],[-14,-11],[25,-72],[41,16],[62,-21],[25,10],[15,36],[64,-42],[-2,-48],[26,-62],[-7,-60],[23,-74],[-12,-94],[37,-22],[10,-49],[37,-2],[47,-41],[31,-1]]],"transform":{"scale":[0.0004508254661600116,0.0004195099587674714],"translate":[152.07356212909008,-27.863766807567508]},"objects":{"auspol-maps-2019-p100-alldivisions":{"type":"GeometryCollection","geometries":[{"arcs":[[0]],"type":"Polygon","properties":{"E_div_numb":1,"Elect_div":"Blair","Numccds":390,"Actual":104206,"Projected":111948,"Total_Popu":0,"Australian":0,"Area_SqKm":6472.0418602979,"Sortname":"BLAIR"}}]}}}