{"type":"Topology","arcs":[[[1871,207],[-28,52],[-128,172],[-52,46],[-35,21],[-170,90],[-46,37],[-21,29],[-38,77],[-12,38],[-1,66],[28,170],[-143,25],[-249,40],[-16,-33],[-96,16],[-47,-3],[-43,131],[-50,73],[-75,63],[-80,37],[-70,17],[-94,-8],[-116,2],[-117,-9],[-79,11],[-53,26],[-26,18],[-14,41],[19,63],[36,80],[80,114],[102,127],[111,112],[115,94],[104,54],[70,17],[53,-19],[77,-72],[65,-100],[90,-121],[55,-61],[66,-29],[62,9],[34,45],[28,82],[-16,193],[1,89],[19,125],[49,23],[59,-9],[36,-29],[35,-92],[26,-105],[28,-96],[48,-69],[55,-26],[61,3],[100,43],[96,51],[69,53],[43,64],[5,59],[-48,91],[-50,75],[-23,132],[-3,131],[-32,135],[-57,108],[-24,132],[31,67],[46,32],[102,19],[264,-23],[233,-68],[306,-98],[397,-33],[216,72],[56,-55],[30,-63],[31,-54],[91,-181],[-18,-16],[-35,-11],[-22,2],[-59,20],[-37,-7],[-80,-24],[-35,-204],[-27,-146],[-4,-75],[-33,-196],[22,-58],[-9,-82],[-9,-44],[3,-25],[38,-51],[38,-46],[95,-181],[24,-49],[-36,-254],[-52,-295],[-26,-153],[-31,-170],[-27,-161],[-43,-252],[-8,-43],[-22,-22],[-177,238],[-133,107],[-7,-9],[-374,-255],[-49,64],[-127,146],[-29,31],[-50,41],[-25,-15],[-187,-128],[-25,-13]]],"transform":{"scale":[0.00003227904788401551,0.000029881170599034686],"translate":[152.99538124478448,-27.531788442296097]},"objects":{"auspol-maps-2019-p100-alldivisions":{"type":"GeometryCollection","geometries":[{"arcs":[[0]],"type":"Polygon","properties":{"E_div_numb":13,"Elect_div":"Griffith","Numccds":342,"Actual":101827,"Projected":109442,"Total_Popu":0,"Australian":0,"Area_SqKm":53.91233302672,"Sortname":"GRIFFITH"}}]}}}