{"type":"Topology","arcs":[[[989,109],[-15,28],[-67,91],[-28,23],[-108,59],[-25,19],[-31,57],[-7,55],[16,90],[-208,34],[-8,-18],[-77,7],[-22,70],[-27,38],[-39,33],[-80,28],[-172,-6],[-41,4],[-43,24],[-7,22],[28,76],[43,60],[54,67],[59,58],[60,50],[55,29],[37,9],[29,-10],[40,-38],[82,-117],[29,-32],[35,-15],[34,5],[32,67],[-9,101],[11,114],[25,12],[50,-20],[20,-49],[28,-107],[26,-36],[28,-13],[32,1],[104,49],[37,29],[23,34],[3,31],[-53,88],[-12,70],[-2,69],[-17,71],[-29,57],[-14,69],[17,37],[25,16],[54,10],[139,-12],[285,-88],[210,-17],[114,38],[30,-29],[80,-158],[-28,-15],[-42,12],[-62,-16],[-33,-184],[-2,-40],[-18,-104],[12,-30],[-8,-80],[40,-51],[63,-122],[-19,-133],[-100,-569],[-11,-11],[-93,125],[-74,52],[-198,-135],[-108,127],[-27,23],[-125,-83]]],"transform":{"scale":[0.00006105959754596262,0.000056551693262562585],"translate":[152.9953887808879,-27.53176755454124]},"objects":{"auspol-maps-2019-p100-alldivisions":{"type":"GeometryCollection","geometries":[{"arcs":[[0]],"type":"Polygon","properties":{"E_div_numb":13,"Elect_div":"Griffith","Numccds":342,"Actual":101827,"Projected":109442,"Total_Popu":0,"Australian":0,"Area_SqKm":53.91233302672,"Sortname":"GRIFFITH"}}]}}}