{"type":"Topology","arcs":[[[2104,314],[-26,-85],[-71,-98],[-138,20],[-53,-7],[-32,-19],[24,-32],[-31,-66],[-23,0],[-56,-27],[-60,1],[-72,18],[-87,75],[-40,-18],[-42,17],[15,86],[-17,63],[-217,28],[6,36],[-58,-9],[-90,11],[-35,-98],[-20,-31],[-141,22],[-11,-61],[-63,-44],[-16,-29],[-29,22],[-97,-5],[-63,-44],[-66,5],[-49,-10],[-136,-2],[-78,14],[-36,18],[-115,16],[48,18],[8,22],[-13,40],[-28,7],[13,47],[-26,37],[22,57],[-20,29],[10,65],[-7,54],[-27,15],[5,57],[-37,3],[-6,24],[40,37],[-12,90],[32,-5],[19,41],[-18,39],[-32,-4],[-9,31],[2,50],[-43,20],[-2,26],[38,27],[-11,29],[30,25],[170,-27],[154,-38],[86,-8],[-18,30],[-13,64],[-42,43],[557,-141],[198,-38],[74,-23],[88,-33],[74,-9],[137,-31],[47,-24],[81,-10],[64,-23],[151,-39],[0,-160],[198,-43],[-10,-20],[0,-61],[-1,-1],[-12,-21],[69,-14],[-5,-21]]],"transform":{"scale":[0.00011298156281899134,0.00010470918461109313],"translate":[150.75876330368365,-33.88422064428454]},"objects":{"auspol-maps-2019-p100-alldivisions":{"type":"GeometryCollection","geometries":[{"arcs":[[0]],"type":"Polygon","properties":{"E_div_numb":28,"Elect_div":"McMahon","Numccds":390,"Actual":0,"Projected":0,"Total_Popu":0,"Australian":0,"Area_SqKm":168.41690660501,"Sortname":"McMahon"}}]}}}