{"type":"Topology","arcs":[[[359,0],[-51,8],[-64,100],[-36,-11],[-53,-34],[-8,44],[-61,42],[-86,8],[69,48],[61,32],[6,38],[66,-9],[16,25],[65,-10],[25,51],[20,7],[-9,-5],[5,-160],[14,-88],[21,-86]]],"transform":{"scale":[0.00045081078754003454,0.0004194392128257914],"translate":[153.2856484610021,-28.076090904768147]},"objects":{"auspol-maps-2019-p100-alldivisions":{"type":"GeometryCollection","geometries":[{"arcs":[[0]],"type":"Polygon","properties":{"E_div_numb":23,"Elect_div":"Moncrieff","Numccds":381,"Actual":107345,"Projected":113028,"Total_Popu":0,"Australian":0,"Area_SqKm":99.922918387364,"Sortname":"MONCRIEFF"}}]}}}