{"type":"Topology","arcs":[[[2340,90],[-63,-9],[-32,-28],[-36,0],[-88,59],[-27,-13],[-29,6],[-30,39],[-75,4],[-18,26],[-46,18],[-40,4],[-41,24],[35,-88],[-74,-23],[-239,-81],[-93,-28],[-4,28],[-47,7],[-112,-20],[-61,46],[-19,6],[-59,-4],[-44,25],[-17,26],[-32,-1],[-27,16],[-54,-68],[-15,3],[-19,54],[1,90],[-39,8],[-10,39],[-33,35],[-42,-12],[-5,34],[13,64],[-14,31],[-21,5],[-16,-29],[-81,28],[2,28],[-71,12],[-23,-10],[-56,50],[-16,-3],[-30,48],[-20,86],[-34,21],[-54,1],[-72,-22],[-51,15],[-12,71],[-57,60],[-28,13],[-25,88],[-56,3],[-30,14],[-4,25],[-37,28],[3,44],[19,21],[-33,48],[-2,50],[38,31],[0,57],[22,16],[37,-6],[20,106],[-2,54],[31,27],[15,67],[-34,71],[-11,50],[3,28],[47,180],[39,56],[81,79],[46,70],[32,109],[54,15],[124,-12],[40,8],[82,33],[48,33],[35,-4],[38,-56],[62,4],[33,39],[55,22],[23,78],[49,13],[29,34],[35,6],[-25,45],[15,22],[47,-7],[30,53],[32,19],[20,-37],[69,-50],[3,-28],[29,-30],[-27,-80],[27,-68],[49,-24],[-28,-31],[1,-21],[-71,-99],[27,-35],[27,-16],[58,-68],[29,-47],[-3,-21],[33,-21],[106,-12],[91,0],[50,-74],[-28,-171],[-16,-21],[6,-43],[-18,-37],[-4,-42],[14,-21],[3,-61],[40,-24],[8,-32],[-69,1],[-19,-11],[-64,-66],[-12,-44],[7,-23],[-30,-69],[30,-43],[65,-29],[37,12],[33,-62],[28,-17],[-4,-20],[35,-22],[-7,-39],[32,-11],[-69,-46],[-5,-19],[46,-53],[76,-29],[15,-55],[-10,-31],[11,-25],[50,-25],[17,-22],[2,-46],[96,-74],[48,-22],[18,-36],[2,-38],[53,-4],[95,-36],[80,12],[55,2],[29,-20],[37,-63],[-18,-53],[-15,-12]]],"transform":{"scale":[0.00006107472122539107,0.000056548175956738005],"translate":[151.0900358711973,-33.79769970316297]},"objects":{"auspol-maps-2019-p100-alldivisions":{"type":"GeometryCollection","geometries":[{"arcs":[[0]],"type":"Polygon","properties":{"E_div_numb":6,"Elect_div":"Bradfield","Numccds":357,"Actual":0,"Projected":0,"Total_Popu":0,"Australian":0,"Area_SqKm":101.37936149876,"Sortname":"Bradfield"}}]}}}