{"type":"Topology","arcs":[[[2580,0],[-533,49],[-35,8],[-887,108],[-142,15],[-35,-15],[-58,-45],[37,-18],[-43,-27],[-88,50],[-167,16],[-142,95],[-487,60],[114,718],[32,14],[42,-35],[27,-6],[116,7],[35,10],[-16,69],[-22,12],[28,58],[-30,56],[-15,106],[51,44],[-21,24],[26,18],[-3,63],[-16,116],[16,51],[13,83],[-9,52],[21,15],[50,77],[3,23],[-30,59],[9,18],[-18,44],[32,13],[6,35],[37,30],[31,45],[31,64],[-8,66],[63,54],[53,89],[47,27],[44,62],[423,-54],[157,-19],[-4,-28],[402,-45],[89,-114],[101,-155],[58,-78],[90,-101],[40,-52],[79,-53],[80,-133],[88,-192],[38,-31],[-19,-1],[123,-170],[-25,-177],[9,-65],[36,-25],[66,-9],[-36,-150],[-14,-120],[7,-19],[144,-17],[-37,-236],[-54,-433]]],"transform":{"scale":[0.00011295569631023413,0.00010479814864728744],"translate":[144.4777135961137,-37.81198440048133]},"objects":{"auspol-maps-2019-p100-alldivisions":{"type":"GeometryCollection","geometries":[{"arcs":[[0]],"type":"Polygon","properties":{"E_div_numb":18,"Elect_div":"Gorton","Numccds":274,"Actual":103698,"Projected":110665,"Total_Popu":0,"Australian":0,"Area_SqKm":540.86,"Sortname":"Gorton"}}]}}}