{"type":"Topology","arcs":[[[1506,1564],[-174,-21],[-147,0],[-41,-103],[-2,-106],[17,-69],[-11,-33],[-37,-38],[-25,-62],[-27,-46],[29,-12],[10,-48],[75,-179],[37,-123],[-5,-93],[-76,-16],[-17,-38],[-38,-28],[-1,-14],[-51,-36],[-18,-34],[25,-61],[-19,-43],[-65,-34],[-2,-75],[-70,-50],[-17,11],[-43,-8],[-11,-71],[22,-3],[-23,-131],[-151,24],[-39,-1],[-98,21],[-81,49],[-51,22],[-22,31],[-46,13],[-64,48],[-37,20],[-73,16],[-47,28],[-39,2],[-27,37],[22,61],[44,75],[27,7],[17,30],[53,33],[61,11],[21,26],[15,73],[-4,23],[32,42],[12,40],[41,16],[4,26],[40,60],[-37,107],[-31,-4],[-28,57],[9,53],[-5,63],[40,15],[28,-9],[29,15],[13,29],[28,-35],[28,9],[20,-23],[21,8],[67,-5],[-18,29],[-33,9],[-34,32],[17,22],[34,2],[30,61],[18,90],[20,17],[55,-66],[17,72],[2,83],[-15,53],[-23,56],[-8,54],[22,362],[-10,61],[-34,60],[-146,124],[-32,52],[-115,252],[-17,34],[-69,108],[-23,44],[-32,93],[-51,291],[-48,191],[-80,298],[-20,100],[2,72],[38,-5],[38,19],[43,1],[6,-15],[50,-7],[16,24],[45,12],[41,-5],[3,21],[84,-8],[20,-14],[47,-7],[32,15],[24,-18],[52,-1],[21,53],[87,-45],[48,9],[24,22],[33,-4],[27,-51],[45,16],[14,-26],[-40,-33],[4,-24],[48,21],[14,40],[28,-5],[-7,-65],[-18,-33],[18,-47],[53,-42],[27,-33],[-66,-114],[-6,-35],[-29,-33],[4,-33],[-20,-25],[2,-65],[16,-50],[40,-96],[38,-62],[36,-39],[93,7],[69,39],[97,-33],[35,-8],[72,-30],[79,-13],[102,-41],[56,-10],[48,7],[75,-24],[62,-52],[52,-13],[37,30],[88,31],[57,36],[49,17],[29,41],[-19,62],[17,44],[29,12],[79,-13],[24,21],[37,-24],[3,-53],[25,-62],[-22,-59],[26,-45],[-8,-90],[25,-41],[18,-10],[-40,-72],[3,-62],[-21,-62],[-4,-74],[26,-36],[16,-41],[-50,-80],[-6,-33],[-33,-82],[-20,-69],[-23,-112],[15,-30],[-39,-92],[-7,-32],[-71,-27],[-27,59],[-53,37],[-75,19],[-15,15],[-119,-32],[-43,-18],[-71,-76],[-31,-45],[-122,-199]]],"transform":{"scale":[0.00006108238146367935,0.00005654930959706579],"translate":[152.97753374844996,-27.3652627407673]},"objects":{"auspol-maps-2019-p100-alldivisions":{"type":"GeometryCollection","geometries":[{"arcs":[[0]],"type":"Polygon","properties":{"E_div_numb":26,"Elect_div":"Petrie","Numccds":334,"Actual":106757,"Projected":113340,"Total_Popu":0,"Australian":0,"Area_SqKm":148.66558843655,"Sortname":"PETRIE"}}]}}}