{"type":"Topology","arcs":[[[566,110],[0,-5]],[[566,105],[0,1],[0,-1]],[[566,105],[-1,-19],[-40,-18],[21,-25],[-43,-43],[-43,35],[-42,53],[-22,-4],[-79,23],[-47,22],[-125,19],[-48,-26],[-63,-9],[-20,8],[61,45],[54,63],[2,107],[-39,-4],[-46,24],[-46,-8],[44,72],[64,38],[-18,26],[79,10],[49,27],[8,23],[2,0],[7,3],[2,1],[7,3],[2,1],[2,1],[2,1],[4,1],[2,1],[5,3],[13,3],[2,-1],[4,10],[-1,0],[-19,-3],[-1,1],[-8,3],[-2,1],[42,33],[1,2],[2,2],[1,1],[4,4],[2,0],[2,1],[1,0],[41,9],[2,0],[1,6],[0,1],[0,1],[0,2],[0,1],[0,1],[34,-2],[1,1],[3,1],[0,1],[22,32],[-33,48],[-26,20],[21,22],[24,-14],[105,20],[79,5],[40,-7],[38,-44],[39,-2],[-15,-38],[31,-30],[4,-40],[-44,1],[-38,-31],[-33,-53],[-85,-18],[-5,-38],[16,-25],[-14,-46],[11,-36],[-29,-10],[-11,-66],[55,-55],[30,-60],[-2,-63]]],"transform":{"scale":[0.00011283356475880783,0.00010479549467590293],"translate":[151.11746615094924,-33.92496714345059]},"objects":{"auspol-maps-2019-p100-alldivisions":{"type":"GeometryCollection","geometries":[{"arcs":[[0,1,2]],"type":"Polygon","properties":{"E_div_numb":17,"Elect_div":"Grayndler","Numccds":363,"Actual":0,"Projected":0,"Total_Popu":0,"Australian":0,"Area_SqKm":32.298701553755,"Sortname":"Grayndler"}}]}}}