{"type":"Topology","arcs":[[[1852,809],[-77,-64],[-71,-80],[-40,-81],[-7,-60],[30,-70],[68,23],[37,-23],[-92,-72],[7,-35],[-33,-37],[-23,9],[-39,-30],[-57,-57],[-44,-5],[-15,-27],[-31,-3],[-79,-54],[-41,-54],[-57,-26],[-75,-63],[-86,34],[7,41],[-393,64],[20,41],[-17,55],[-120,29],[-26,49],[-54,3],[-29,46],[-62,14],[26,37],[90,98],[-42,13],[-49,-21],[-79,-3],[-100,55],[-56,15],[-57,4],[-51,14],[-55,39],[-80,76],[68,87],[7,-1],[43,224],[53,-2],[97,-17],[37,-13],[333,293],[38,50],[40,-26],[37,37],[81,-68],[64,-26],[53,6],[168,-45],[45,-38],[35,-65],[115,-42],[52,-12],[104,-2],[49,-8],[68,-39],[33,-74],[21,-84],[68,-5],[143,-24]]],"transform":{"scale":[0.0001129823582999918,0.00010474161747808938],"translate":[151.60087930712075,-32.96295223631064]},"objects":{"auspol-maps-2019-p100-alldivisions":{"type":"GeometryCollection","geometries":[{"arcs":[[0]],"type":"Polygon","properties":{"E_div_numb":31,"Elect_div":"Newcastle","Numccds":379,"Actual":0,"Projected":0,"Total_Popu":0,"Australian":0,"Area_SqKm":170.78396268789,"Sortname":"Newcastle"}}]}}}