{"type":"Topology","arcs":[[[1986,1891],[-44,-5],[-21,32],[-40,1],[-33,-43],[-16,-55],[-41,-16],[7,-21],[-109,-80],[6,-39],[-33,-26],[-26,24],[-62,-40],[16,-58],[-19,-60],[-25,-25],[10,-48],[-38,-42],[19,-49],[123,-10],[23,-34],[50,-9],[9,-33],[38,-28],[-4,-37],[36,-22],[-10,-21],[36,-83],[39,-43],[25,-40],[3,-36],[42,-43],[12,-65],[18,-29],[-85,8],[-154,37],[-170,28],[-31,-26],[12,-28],[-38,-28],[2,-25],[42,-20],[-1,-50],[9,-32],[32,5],[18,-39],[-19,-42],[-32,6],[11,-90],[-39,-37],[6,-25],[37,-2],[-5,-57],[27,-15],[7,-54],[-10,-65],[20,-28],[-22,-57],[26,-37],[-13,-48],[28,-6],[12,-41],[-7,-22],[-49,-18],[-415,61],[-25,3],[-78,41],[-98,7],[-5,36],[-49,83],[-34,35],[-88,46],[-54,7],[-151,-46],[-125,-62],[-55,-14],[-39,-28],[-16,-37],[-76,9],[-23,-13],[-41,5],[-22,42],[-115,1],[-48,26],[-34,92],[28,95],[29,45],[47,41],[83,32],[93,82],[74,119],[44,56],[68,131],[-10,26],[28,37],[-5,43],[9,38],[-11,29],[-3,56],[29,60],[-38,35],[31,132],[26,32],[-40,6],[13,86],[39,-6],[11,55],[54,-9],[19,32],[6,107],[11,91],[-18,152],[26,69],[57,31],[6,67],[-15,47],[98,227],[38,55],[33,28],[21,-4],[60,23],[45,61],[0,13],[79,-11],[116,-43],[462,-158],[75,-29],[50,-56],[34,-55],[43,-105],[141,-166]]],"transform":{"scale":[0.00011296575463341366,0.00010479749431398899],"translate":[150.58809017474277,-33.87577319933548]},"objects":{"auspol-maps-2019-p100-alldivisions":{"type":"GeometryCollection","geometries":[{"arcs":[[0]],"type":"Polygon","properties":{"E_div_numb":23,"Elect_div":"Lindsay","Numccds":374,"Actual":0,"Projected":0,"Total_Popu":0,"Australian":0,"Area_SqKm":339.03662835054,"Sortname":"Lindsay"}}]}}}