{"type":"Topology","arcs":[[[1366,559],[-396,-178],[36,-64],[25,-62],[34,-167],[-64,-20],[-86,-10],[-102,2],[-136,-51],[-45,-8],[-138,-1],[-120,7],[-374,52],[16,104],[34,101],[-8,51],[18,82],[49,139],[0,27],[-43,123],[-45,35],[9,96],[24,126],[58,360],[-20,54],[18,75],[73,-25],[140,-7],[26,3],[18,-28],[60,-27],[63,-83],[19,-54],[39,-133],[-5,-53],[80,-27],[110,-61],[113,-34],[30,23],[26,54],[44,43],[19,6],[61,-27],[88,-20],[42,25],[104,3],[53,-27],[28,-6],[84,15],[85,-44],[73,7],[1,-112],[-6,-85],[-100,-117],[-112,-82]]],"transform":{"scale":[0.00006107300545055037,0.0000565158007089529],"translate":[151.03563475229777,-33.94375073835246]},"objects":{"auspol-maps-2019-p100-alldivisions":{"type":"GeometryCollection","geometries":[{"arcs":[[0]],"type":"Polygon","properties":{"E_div_numb":44,"Elect_div":"Watson","Numccds":399,"Actual":0,"Projected":0,"Total_Popu":0,"Australian":0,"Area_SqKm":47.483262096275,"Sortname":"Watson"}}]}}}