{"type":"Topology","arcs":[[[344,111],[-45,-34],[-64,-77],[-191,21],[9,98],[-40,37],[-13,82],[282,-31],[6,34],[51,-7],[0,-25],[39,-26],[-29,-21],[-5,-51]]],"transform":{"scale":[0.00045001401512490463,0.0004185807665283633],"translate":[144.95255492910698,-37.699848740328534]},"objects":{"auspol-maps-2019-p100-alldivisions":{"type":"GeometryCollection","geometries":[{"arcs":[[0]],"type":"Polygon","properties":{"E_div_numb":36,"Elect_div":"Scullin","Numccds":337,"Actual":103164,"Projected":108238,"Total_Popu":0,"Australian":0,"Area_SqKm":116.28,"Sortname":"Scullin"}}]}}}