{"type":"Topology","arcs":[[[1305,47],[-477,-25],[-178,204],[-22,44],[-493,-270],[-3,55],[-47,699],[-47,-3],[-16,203],[53,155],[13,1],[-18,233],[-45,38],[41,221],[-39,25],[-27,436],[291,15],[120,-2],[95,3],[78,13],[573,30],[98,-2],[196,9],[27,-398],[19,-19],[-192,-158],[143,-141],[-38,-24],[-81,-31],[-1,-23],[-29,-37],[-49,12],[-25,-7],[-18,-36],[-35,0],[4,-92],[-38,-2],[-36,23],[21,-93],[-16,-64],[-25,-18],[47,-232],[129,-101],[18,-225],[29,-416]]],"transform":{"scale":[0.00006107209885210856,0.000056526825153725276],"translate":[138.54672629397248,-34.96721359433212]},"objects":{"auspol-maps-2019-p100-alldivisions":{"type":"GeometryCollection","geometries":[{"arcs":[[0]],"type":"Polygon","properties":{"E_div_numb":1,"Elect_div":"Adelaide","Numccds":401,"Actual":119793,"Projected":124114,"Total_Popu":0,"Australian":0,"Area_SqKm":86.38,"Sortname":"Adelaide"}}]}}}