{"type":"Topology","arcs":[[[706,26],[-258,-14],[-96,110],[-12,24],[-266,-146],[-28,407],[-25,-1],[-9,109],[35,85],[-8,125],[-25,21],[22,119],[-21,14],[-15,235],[158,8],[116,0],[42,7],[310,17],[158,4],[16,-215],[10,-10],[-104,-85],[77,-77],[-64,-29],[-17,-33],[-26,7],[-41,-23],[1,-50],[-20,-1],[-18,-73],[-13,-10],[26,-124],[69,-54],[26,-347]]],"transform":{"scale":[0.00011295936087319127,0.00010473967548092411],"translate":[138.54668844111737,-34.967282468459246]},"objects":{"auspol-maps-2019-p100-alldivisions":{"type":"GeometryCollection","geometries":[{"arcs":[[0]],"type":"Polygon","properties":{"E_div_numb":1,"Elect_div":"Adelaide","Numccds":401,"Actual":119793,"Projected":124114,"Total_Popu":0,"Australian":0,"Area_SqKm":86.38,"Sortname":"Adelaide"}}]}}}