{"type":"Topology","arcs":[[[1391,264],[-17,-7],[-36,-52],[-73,0],[-45,-29],[-12,-40],[-1,0],[-24,-51],[-54,-38],[-21,3],[-104,-50],[-132,100],[-50,47],[-52,73],[-18,43],[-10,58],[-65,129],[-40,96],[-86,213],[-82,201],[-95,121],[-19,31]],[[355,1112],[11,-19],[-11,19]],[[355,1112],[-30,51],[-66,39],[-27,37],[-49,37],[-91,27],[-71,7],[-21,24],[111,182],[158,247],[97,-49],[69,-28],[18,36],[38,3],[53,-24],[10,-47],[-44,-64],[-38,18],[-34,-14],[38,-67],[-27,-30],[22,-21],[76,3],[18,-26],[-12,-50],[-53,12],[-24,-9],[-8,-50],[26,-16],[1,-35],[40,-2],[31,-40],[44,-31],[34,-6],[21,-56],[90,-36],[46,-71],[28,-26],[-3,-30],[21,-25],[85,-56],[22,3],[22,-35],[0,-2]],[[976,892],[0,1],[0,-1]],[[976,892],[43,-4],[12,-26],[60,-45],[-1,-21],[39,-14],[129,-1],[27,-23],[-9,-100],[-11,-29],[89,-20],[-34,-47],[10,-85],[-30,-50],[-14,-49],[73,-42],[25,-38],[7,-34]]],"transform":{"scale":[0.00011291618977678981,0.00010479330125989242],"translate":[150.8740453418132,-33.796565980224884]},"objects":{"auspol-maps-2019-p100-alldivisions":{"type":"GeometryCollection","geometries":[{"arcs":[[0,1,2,3,4]],"type":"Polygon","properties":{"E_div_numb":29,"Elect_div":"Mitchell","Numccds":324,"Actual":0,"Projected":0,"Total_Popu":0,"Australian":0,"Area_SqKm":101.06674490261,"Sortname":"Mitchell"}}]}}}