{"type":"Topology","arcs":[[[125,0],[-6,3],[-29,14],[-47,-10],[-43,68],[31,39],[-23,13],[33,33],[-3,55],[15,39],[50,34],[39,11],[5,76],[33,21],[53,-22],[43,119],[-33,66],[22,23],[5,52],[-34,36],[-2,27],[41,43],[40,-2],[26,20],[49,-21],[0,-23],[99,-16],[19,-19],[-24,-36],[3,-78],[-115,-81],[-43,-73],[19,-28],[-42,-59],[0,-41],[-50,-162],[-54,-33],[-48,-45],[-29,-43]]],"transform":{"scale":[0.00045076358419911136,0.00041911019397526135],"translate":[151.5088400880856,-33.24744764925683]},"objects":{"auspol-maps-2019-p100-alldivisions":{"type":"GeometryCollection","geometries":[{"arcs":[[0]],"type":"Polygon","properties":{"E_div_numb":41,"Elect_div":"Shortland","Numccds":374,"Actual":0,"Projected":0,"Total_Popu":0,"Australian":0,"Area_SqKm":264.71447124779,"Sortname":"Shortland"}}]}}}