{"type":"Topology","arcs":[[[444,142],[-19,-69],[-16,-14],[-17,-59],[-56,5],[-32,15],[-42,11],[-197,30],[9,54],[-7,58],[-36,10],[12,77],[54,6],[33,43],[-57,39],[-43,13],[-20,25],[-10,57],[23,39],[13,73],[1,9],[-17,32],[202,-29],[-17,-37],[66,-40],[16,-29],[43,11],[39,-33],[-5,-63],[120,-19],[-14,-45],[5,-87],[-31,-83]]],"transform":{"scale":[0.0004503490374367723,0.0004191158649835055],"translate":[150.72270568588246,-34.18961581511549]},"objects":{"auspol-maps-2019-p100-alldivisions":{"type":"GeometryCollection","geometries":[{"arcs":[[0]],"type":"Polygon","properties":{"E_div_numb":25,"Elect_div":"Macarthur","Numccds":388,"Actual":0,"Projected":0,"Total_Popu":0,"Australian":0,"Area_SqKm":362.76022332352,"Sortname":"Macarthur"}}]}}}