{"type":"Topology","arcs":[[[498,0],[-22,11],[-116,54],[-102,-53],[-88,15],[-131,226],[-39,44],[48,39],[18,59],[35,23],[21,37],[-32,44],[-61,6],[30,99],[51,24],[56,13],[-12,53],[31,49],[-6,52],[-25,61],[37,31],[16,40],[-11,58],[15,32],[105,84],[96,48],[90,18],[64,27],[18,32],[5,41],[-27,90],[10,81],[15,60],[57,63],[72,22],[71,-29],[36,-41],[60,-19],[47,2],[73,82],[2,74],[-6,80],[38,62],[55,77],[9,98],[-91,107],[-36,95],[-4,60],[27,35],[50,36],[11,25],[-39,72],[3,40],[57,95],[-1,19],[-63,69],[-73,55],[-11,38],[1,70],[21,44],[41,53],[105,76],[26,6],[134,-13],[56,17],[-15,23],[31,30],[28,8],[54,-3],[26,-49],[120,-29],[17,-55],[-20,-41],[393,-64],[-7,-41],[86,-34],[-2,-49],[-55,-40],[-40,-56],[18,-43],[-3,-27],[22,-26],[-6,-114],[-16,-101],[-28,-34],[-32,3],[-125,-75],[-166,-121],[-110,-93],[-69,-73],[-39,-55],[-44,-85],[-18,-81],[4,-42],[26,-40],[18,7],[26,-37],[-3,-33],[-35,-32],[-5,-28],[-76,-57],[-22,-52],[-24,-35],[-9,-39],[18,-47],[-11,-19],[2,-56],[-39,-21],[17,-62],[-47,-86],[-47,-17],[-35,-59],[0,-41],[49,-39],[8,-31],[-42,-13],[-2,-27],[26,-15],[-12,-38],[-42,-35],[13,-48],[-5,-26],[-53,-4],[-11,-19],[19,-70],[-35,-15],[-36,-38],[-36,2],[-110,-82],[-83,-86],[-106,-93],[-57,-66],[-60,-104]]],"transform":{"scale":[0.00011295075152373946,0.00010479536701025755],"translate":[151.50884652761027,-33.247283295125456]},"objects":{"auspol-maps-2019-p100-alldivisions":{"type":"GeometryCollection","geometries":[{"arcs":[[0]],"type":"Polygon","properties":{"E_div_numb":41,"Elect_div":"Shortland","Numccds":374,"Actual":0,"Projected":0,"Total_Popu":0,"Australian":0,"Area_SqKm":264.71447124779,"Sortname":"Shortland"}}]}}}