{"type":"Topology","arcs":[[[1947,0],[-36,31],[-50,19],[-41,-11],[-60,30],[-37,-20],[-19,-33],[-30,29],[-41,13],[-23,-11],[6,-42],[-51,12],[-71,-14],[-82,19],[-62,62],[-23,25],[-87,26],[-31,23],[-79,93],[-31,18],[-88,-2],[-108,-24],[-88,-46],[-50,-7],[-87,8],[-177,44],[-135,26],[-161,3],[-110,-21],[-77,-23],[0,44],[-18,68],[0,32],[17,82],[51,124],[46,40],[39,-11],[23,20],[2,26],[-56,44],[16,6],[187,126],[212,-24],[35,25],[-27,119],[-27,55],[28,41],[644,-84],[17,118],[126,-15],[30,-17],[23,-77],[27,-7],[6,-45],[57,-37],[-30,-187],[83,-5],[39,5],[12,-24],[-40,-7],[5,-19],[48,-28],[74,-58],[5,-20],[-52,-22],[-45,19],[-37,-14],[23,-39],[107,1],[26,-13],[10,-44],[103,-7],[-23,-72],[0,-28],[22,-89],[6,-50],[37,-33],[49,17],[29,-50],[84,-52],[-21,-32],[-43,-29]]],"transform":{"scale":[0.00006108177885319034,0.0000565112169685161],"translate":[144.9054467591552,-37.83444638849315]},"objects":{"auspol-maps-2019-p100-alldivisions":{"type":"GeometryCollection","geometries":[{"arcs":[[0]],"type":"Polygon","properties":{"E_div_numb":32,"Elect_div":"Melbourne","Numccds":341,"Actual":104982,"Projected":111134,"Total_Popu":0,"Australian":0,"Area_SqKm":40.46,"Sortname":"Melbourne"}}]}}}