{"type":"Topology","arcs":[[[1431,0],[-90,11],[-69,20],[-63,7],[20,73],[2,78],[-45,74],[-41,94],[-110,7],[-9,60],[-46,33],[-43,84],[-40,29],[12,63],[54,45],[94,-19],[11,52],[-24,17],[-77,16],[2,69],[-31,25],[-30,-17],[-85,-4],[-20,28],[-38,6],[-38,29],[-52,-19],[-28,4],[-12,-43],[-36,-36],[-58,-11],[-95,4],[-34,24],[-95,-23],[-68,2],[-28,20],[-3,48],[-41,46],[-33,49],[23,111],[-10,32],[-73,27],[-84,62],[47,57],[-15,62],[26,44],[-14,72],[2,43],[19,34],[-21,58],[58,120],[62,4],[18,54],[52,57],[1,32],[-39,114],[25,60],[-84,69],[4,23],[-48,48],[43,42],[11,37],[53,26],[8,26],[51,38],[-2,58],[50,38],[-31,23],[-10,63],[26,43],[34,-5],[25,43],[29,48],[83,5],[-8,96],[70,86],[45,26],[63,85],[-8,35],[18,37],[60,6],[36,-27],[51,-14],[21,16],[44,-9],[34,38],[60,38],[2,55],[-13,27],[129,-18],[9,38],[108,-21],[57,-77],[86,28],[37,-37],[95,-4],[54,28],[33,-17],[25,19],[46,-16],[-9,-60],[35,-5],[22,-45],[57,-11],[37,-35],[48,34],[-4,37],[27,41],[117,13],[4,-15],[-25,-52],[10,-119],[-35,-27],[-46,-74],[-11,-52],[-51,-67],[-5,-65],[-56,-68],[-42,-92],[-15,-82],[10,-31],[-28,-42],[-15,-122],[15,-68],[-37,-69],[-18,-54],[-8,-87],[29,-40],[-10,-89],[10,-24],[6,-93],[16,-51],[56,-62],[88,-16],[26,-52],[-7,-35],[-52,-65],[-41,-83],[-12,-65],[14,-74],[45,-25],[-36,-55],[-113,-132],[-27,-47],[-21,-65],[0,-34],[-26,-53],[-8,-63],[23,-37],[-12,-115],[17,-23],[-78,-102],[-35,-65],[-16,-84],[38,-57],[13,-58],[-50,-50]]],"transform":{"scale":[0.0004509459860379289,0.00041945461526456677],"translate":[152.2698374726099,-31.492811557910937]},"objects":{"auspol-maps-2019-p100-alldivisions":{"type":"GeometryCollection","geometries":[{"arcs":[[0]],"type":"Polygon","properties":{"E_div_numb":10,"Elect_div":"Cowper","Numccds":464,"Actual":0,"Projected":0,"Total_Popu":0,"Australian":0,"Area_SqKm":7296.1359495466,"Sortname":"Cowper"}}]}}}