{"type":"Topology","arcs":[[[475,78],[-40,-31],[-61,17],[-43,-2],[-46,17],[-6,-35],[-68,-44],[-68,2],[-19,54],[-38,2],[-54,7],[-32,47],[53,294],[21,145],[84,-11],[37,-53],[35,-6],[26,-53],[0,-2],[11,-3],[-20,-115],[126,-17],[35,-41],[-24,-118],[66,-14],[25,-40]]],"transform":{"scale":[0.00045090771438349535,0.0004190534530160811],"translate":[145.21563275796518,-38.247792224959454]},"objects":{"auspol-maps-2019-p100-alldivisions":{"type":"GeometryCollection","geometries":[{"arcs":[[0]],"type":"Polygon","properties":{"E_div_numb":20,"Elect_div":"Holt","Numccds":267,"Actual":100151,"Projected":109828,"Total_Popu":0,"Australian":0,"Area_SqKm":266.45,"Sortname":"Holt"}}]}}}