{"type":"Topology","arcs":[[[468,163],[-21,-145],[-185,24],[-17,-38],[-58,-4],[-22,79],[-49,88],[-37,39],[-49,28],[7,46],[-37,58],[22,21],[87,-12],[35,-40],[2,-1],[6,-4],[5,-1],[53,-14],[29,-45],[-2,-17],[82,-10],[24,38],[72,-51],[59,-8],[-6,-31]]],"transform":{"scale":[0.00045040607366312696,0.0004192655385300282],"translate":[145.03829626338145,-38.085106491357756]},"objects":{"auspol-maps-2019-p100-alldivisions":{"type":"GeometryCollection","geometries":[{"arcs":[[0]],"type":"Polygon","properties":{"E_div_numb":23,"Elect_div":"Isaacs","Numccds":347,"Actual":105189,"Projected":109034,"Total_Popu":0,"Australian":0,"Area_SqKm":155.83,"Sortname":"Isaacs"}}]}}}