{"type":"Topology","arcs":[[[1899,318],[-52,-10],[-47,-43],[-23,-50],[-38,-20],[-122,18],[-122,50],[-123,-18],[-50,9],[-101,68],[-48,11],[-34,-9],[-29,-33],[-12,-49],[25,-34],[-8,-28],[-53,-29],[-27,-33],[-52,-2],[-43,-57],[-80,-35],[-18,-16],[-60,2],[-49,-10],[-80,12],[-83,4],[-51,26],[14,59],[26,34],[-36,37],[-28,58],[-31,-2],[-28,20],[-33,-3],[-17,-28],[-43,20],[-215,29],[-30,16],[-58,66],[-40,31],[3,77],[111,637],[99,537],[61,338],[5,78],[-3,72],[21,91],[86,-20],[27,2],[221,-27],[-7,-35],[44,5],[77,-61],[-13,-59],[48,-59],[47,-19],[92,-3],[-7,-39],[17,-20],[6,-44],[35,-12],[23,-54],[2,-39],[27,-8],[0,-5],[46,-12],[-52,-322],[-28,-140],[335,-43],[164,-24],[142,-165],[-94,-472],[60,-9],[-3,-19],[204,-29],[-15,-51],[51,-59],[41,-11],[26,-38]]],"transform":{"scale":[0.00011295058460399569,0.00010478043983894318],"translate":[145.2154757843666,-38.24846885008449]},"objects":{"auspol-maps-2019-p100-alldivisions":{"type":"GeometryCollection","geometries":[{"arcs":[[0]],"type":"Polygon","properties":{"E_div_numb":20,"Elect_div":"Holt","Numccds":267,"Actual":100151,"Projected":109828,"Total_Popu":0,"Australian":0,"Area_SqKm":266.45,"Sortname":"Holt"}}]}}}