{"type":"Topology","arcs":[[[3520,589],[-9,-25],[-51,11],[-36,-4],[-41,-27],[-45,-54],[-17,-56],[-29,-35],[-69,-36],[-163,31],[-60,1],[-104,39],[-12,46],[-29,-21],[-32,4],[-50,24],[-40,-14],[-37,8],[-153,-26],[-89,15],[-70,43],[-118,84],[-88,21],[-63,-16],[-31,-20],[19,-19],[-42,-23],[-17,-40],[-4,-50],[45,-65],[-17,-51],[-47,-28],[-24,-33],[-23,8],[-29,-48],[-22,-15],[-97,-2],[-41,-75],[-4,-38],[-35,6],[-148,-64],[1,-37],[-33,8],[-112,4],[-56,-5],[-33,-15],[-75,6],[-76,17],[-151,7],[-42,15],[-52,33],[-8,33],[32,78],[49,60],[-9,22],[-58,47],[-51,107],[-57,-4],[-52,38],[-35,7],[-26,-12],[-32,-51],[-79,37],[-398,54],[-55,28],[-107,124],[-75,57],[-8,60],[14,84],[97,561],[102,573],[6,44],[88,478],[56,292],[40,226],[113,626],[8,145],[-5,133],[38,168],[97,-15],[63,-21],[48,4],[204,-27],[206,-22],[-12,-66],[80,9],[43,-46],[100,-67],[0,-29],[-20,-31],[-3,-51],[31,-37],[24,-55],[32,-17],[88,-35],[170,-5],[-18,-47],[3,-25],[31,-37],[15,-82],[64,-21],[41,-101],[4,-72],[50,-15],[-1,-9],[34,-17],[53,-5],[-57,-335],[-41,-262],[-49,-260],[618,-79],[305,-45],[260,-305],[-2,1],[-172,-876],[112,-15],[-7,-38],[378,-52],[-27,-95],[93,-109],[16,2],[61,-24],[17,-38],[31,-32]]],"transform":{"scale":[0.00006108997017428437,0.000056550056413443956],"translate":[145.21495389335544,-38.24849720362157]},"objects":{"auspol-maps-2019-p100-alldivisions":{"type":"GeometryCollection","geometries":[{"arcs":[[0]],"type":"Polygon","properties":{"E_div_numb":20,"Elect_div":"Holt","Numccds":267,"Actual":100151,"Projected":109828,"Total_Popu":0,"Australian":0,"Area_SqKm":266.45,"Sortname":"Holt"}}]}}}