{"type":"Topology","arcs":[[[517,74],[-24,-46],[-35,5],[-23,-31],[-53,-2],[-42,18],[-1,38],[-90,16],[-13,-32],[-36,5],[-23,-33],[-110,-9],[-58,12],[-9,190],[3,31],[103,-18],[-18,34],[208,-51],[123,-32],[38,-10],[0,-40],[47,-31],[13,-14]]],"transform":{"scale":[0.000450243076519122,0.0004181009120341199],"translate":[150.76368246812606,-33.88217820830913]},"objects":{"auspol-maps-2019-p100-alldivisions":{"type":"GeometryCollection","geometries":[{"arcs":[[0]],"type":"Polygon","properties":{"E_div_numb":28,"Elect_div":"McMahon","Numccds":390,"Actual":0,"Projected":0,"Total_Popu":0,"Australian":0,"Area_SqKm":168.41690660501,"Sortname":"McMahon"}}]}}}