{"type":"Topology","arcs":[[[7352,21],[-1,0],[-639,-6],[-198,-3],[-871,-1],[-249,-6],[-67,-5],[-18,43],[-41,143],[-14,67],[-51,-1],[-2,58],[-61,1],[-11,58],[60,0],[-21,24],[-6,40],[16,9],[2,56],[-37,5],[-33,37],[-15,46],[-8,61],[96,22],[-26,58],[-51,29],[-27,31],[-71,25],[-125,13],[-48,-35],[-61,29],[108,35],[35,5],[99,58],[32,45],[34,68],[33,105],[13,99],[-2,65],[-13,39],[-39,11],[-42,44],[-16,33],[-3,64],[51,13],[-31,48],[-65,119],[-32,37],[-14,51],[4,70],[15,37],[-10,75],[-15,19],[-52,9],[-42,37],[-24,55],[-70,36],[18,49],[32,12],[-8,43],[-99,17],[-39,-2],[-10,46],[-85,-5],[129,219],[31,15],[76,6],[33,42],[55,134],[54,76],[18,78],[109,8],[19,-48],[28,-29],[36,13],[68,1],[42,-12],[20,-4],[56,-21],[32,6],[3,-210],[287,74],[2,-266],[-2,-132],[158,4],[1,-166],[83,-21],[57,-24],[32,-5],[166,2],[3,-95],[49,-8],[42,-24],[44,-44],[45,-26],[100,0],[130,18],[-2,-144],[150,-14],[59,7],[84,42],[134,43],[20,0],[51,43],[78,87],[127,-120],[-17,-66],[-21,-25],[16,-22],[-1,-68],[91,-80],[62,-97],[234,-212],[31,-23],[-182,-170],[-55,-94],[-41,-32],[-29,-75],[7,-722],[13,-54]],[[1783,3147],[0,-20],[-45,-39],[-43,-79],[-30,-22],[-81,6],[-41,-10],[-50,-26],[-91,5],[-57,-19],[-20,-21],[-7,-36],[25,-29],[-45,-60],[-8,-68],[-34,0],[-43,39],[-37,-3],[-25,33],[-1,83],[-38,43],[-41,8],[-120,46],[-50,-1],[-48,-39],[-34,2],[-52,-62],[-38,-13],[-25,26],[-46,-4],[-18,-23],[-43,38],[-43,22],[-53,8],[-52,-4],[-55,-18],[-38,-40],[9,-34],[-25,-22],[-92,-21],[-35,19],[-33,-7],[-9,-34],[-23,-17],[-34,-4],[-49,16],[-60,-21],[-5,42],[9,31],[40,28],[56,5],[-32,31],[50,13],[-2,35],[67,20],[40,-20],[91,34],[50,-21],[86,22],[37,59],[73,26],[19,13],[23,49],[13,76],[32,10],[67,81],[46,15],[24,20],[55,8],[41,45],[53,12],[75,48],[46,-3],[36,-31],[50,3],[34,-42],[46,24],[-2,41],[50,13],[0,-44],[14,-11],[102,24],[87,15],[59,-40],[-37,-63],[37,-83],[30,-36],[84,-31],[119,-4],[15,-12]]],"transform":{"scale":[0.00006109166020633119,0.00005655296463333816],"translate":[115.44948021857867,-32.18140895113027]},"objects":{"auspol-maps-2019-p100-alldivisions":{"type":"GeometryCollection","geometries":[{"arcs":[[[0]],[[1]]],"type":"MultiPolygon","properties":{"E_div_numb":7,"Elect_div":"Fremantle","Numccds":311,"Actual":94241,"Projected":100408,"Total_Popu":0,"Australian":0,"Area_SqKm":196.29688468202,"Sortname":"Fremantle"}}]}}}