{"type":"Topology","arcs":[[[3589,1020],[-32,6],[-30,32],[-68,4],[-58,19],[-11,-28],[-24,-2],[-19,17],[-36,-5],[-12,-26],[-50,2],[4,21],[-32,11],[0,28],[-46,2],[-33,-13],[-3,23],[-26,33],[2,22],[-123,-121],[46,-64],[38,-68],[22,-58],[12,-46],[8,-51],[24,-213],[18,-60],[21,-42],[33,-50],[34,-40],[-108,-353],[-78,20],[-43,14],[-102,46],[-57,17],[-39,5],[-131,6],[-53,10],[-96,41],[-71,40],[-100,22],[-99,14],[-72,19],[-93,31],[-117,26],[-159,16],[-101,14],[-62,16],[-246,94],[1,6],[62,323],[11,9],[71,380],[53,168],[52,150],[42,50],[-3,19],[-57,231],[-41,131],[-62,149],[-15,45],[-9,56],[-2,172],[-15,46],[-52,62],[-113,91],[-41,38],[-18,1],[-30,24],[-39,40],[-166,216],[-14,23],[-83,103],[-178,344],[-17,45],[-7,55],[-31,143],[-19,47],[-26,40],[-233,466],[-144,283],[-28,60],[-26,65],[-58,202],[-9,60],[-20,44],[-52,64],[-23,36],[-27,63],[-14,56],[-5,42],[-8,199],[-3,31],[-25,73],[238,128],[33,-36],[68,-53],[58,-40],[79,-75],[45,-28],[107,-47],[62,-45],[22,-26],[25,-36],[49,-50],[57,-24],[41,-4],[150,6],[52,-11],[72,-24],[124,-33],[73,-29],[84,-56],[59,-45],[28,-29],[75,-104],[19,-23],[94,-65],[75,-32],[62,-40],[45,-54],[57,-122],[42,-71],[27,-40],[112,-144],[91,-111],[46,-66],[80,-106],[13,-25],[40,-111],[55,-120],[26,-128],[22,-44],[23,-22],[28,-60],[84,-195],[22,-60],[149,-373],[30,-64],[97,-248],[41,-73],[69,-165],[34,-97],[53,-120],[80,-153],[21,-22],[48,-98],[24,-62],[9,-64],[24,-115],[3,-26],[31,-95],[29,-54],[100,-149],[83,-104]]],"transform":{"scale":[0.0000322791489388861,0.00002988586405686435],"translate":[150.8510367772847,-33.81158844320074]},"objects":{"auspol-maps-2019-p100-alldivisions":{"type":"GeometryCollection","geometries":[{"arcs":[[0]],"type":"Polygon","properties":{"E_div_numb":18,"Elect_div":"Greenway","Numccds":334,"Actual":0,"Projected":0,"Total_Popu":0,"Australian":0,"Area_SqKm":81.34897980184,"Sortname":"Greenway"}}]}}}