{"type":"Topology","arcs":[[[835,783],[-46,-33],[-115,-100],[-151,-222],[6,-24],[-18,-53],[22,-41],[-61,-82],[12,-42],[-17,-50],[4,-46],[26,-5],[9,-62],[-45,-23],[-24,21],[-46,4],[21,58],[-54,35],[-49,-30],[-68,32],[-85,1],[-28,-27],[-66,15],[-62,32],[125,248],[11,85],[90,-13],[56,2],[-25,84],[26,4],[79,-25],[62,52],[25,68],[-5,39],[-69,48],[2,29],[32,-16],[56,-4],[17,59],[16,13],[19,70],[127,-20],[86,-42],[-6,-25],[111,-14]]],"transform":{"scale":[0.00045073841888262797,0.0004191474725148026],"translate":[150.6896487859212,-34.50057614449984]},"objects":{"auspol-maps-2019-p100-alldivisions":{"type":"GeometryCollection","geometries":[{"arcs":[[0]],"type":"Polygon","properties":{"E_div_numb":11,"Elect_div":"Cunningham","Numccds":375,"Actual":0,"Projected":0,"Total_Popu":0,"Australian":0,"Area_SqKm":518.77552559698,"Sortname":"Cunningham"}}]}}}