{"type":"Topology","arcs":[[[1679,1142],[-68,-69],[-15,-36],[11,-82],[2,-36],[-20,-47],[46,-37],[21,-76],[67,-3],[35,-33],[-72,-52],[-39,-17],[-64,26],[-28,22],[-65,-6],[-37,25],[-30,-15],[-39,65],[-41,17],[-65,-19],[-44,-26],[-52,-5],[-42,-41],[-46,-30],[-135,5],[-96,-41],[-52,-50],[-8,-105],[-40,-43],[-45,-90],[-11,-73],[4,-58],[18,-36],[-32,-13],[-25,-30],[-72,-1],[-89,-14],[-44,-22],[-76,-58],[-75,-19],[-75,0],[-31,-19],[25,165],[54,8],[36,219],[-325,39],[22,139],[-3,33],[158,45],[-45,99],[-11,48],[7,50],[135,-12],[128,96],[41,50],[31,255],[510,-46],[-14,-14],[20,-43],[290,86],[16,136],[1,3],[26,-2],[48,-8],[143,-16],[123,71],[110,-7],[30,-22],[-60,-41],[-27,-67],[-10,-61],[10,-61]]],"transform":{"scale":[0.00011296355519436968,0.00010477286131553675],"translate":[144.71684882762406,-37.94127999905458]},"objects":{"auspol-maps-2019-p100-alldivisions":{"type":"GeometryCollection","geometries":[{"arcs":[[0]],"type":"Polygon","properties":{"E_div_numb":15,"Elect_div":"Gellibrand","Numccds":331,"Actual":107465,"Projected":112513,"Total_Popu":0,"Australian":0,"Area_SqKm":124.62,"Sortname":"Gellibrand"}}]}}}