{"type":"Topology","arcs":[[[316,12],[-67,6],[-55,-18],[-46,11],[-39,40],[-88,55],[-21,21],[20,69],[1,45],[26,42],[78,12],[32,35],[23,-43],[-13,-21],[56,-39],[-8,-61],[-16,-29],[31,-24],[21,-55],[65,-46]]],"transform":{"scale":[0.00045004284295855604,0.000418262653199307],"translate":[151.09080804065914,-33.797632866437375]},"objects":{"auspol-maps-2019-p100-alldivisions":{"type":"GeometryCollection","geometries":[{"arcs":[[0]],"type":"Polygon","properties":{"E_div_numb":6,"Elect_div":"Bradfield","Numccds":357,"Actual":0,"Projected":0,"Total_Popu":0,"Australian":0,"Area_SqKm":101.37936149876,"Sortname":"Bradfield"}}]}}}