{"type":"Topology","arcs":[[[705,156],[-3,-19],[-48,-59],[2,-26],[-26,9],[-47,-22],[-43,30],[-22,-29],[-35,5],[-5,-33],[-54,9],[-26,-21],[-54,8],[-50,40],[-85,2],[0,29],[-30,42],[12,87],[-42,7],[-1,32],[9,56],[-39,-4],[-61,12],[-6,36],[-46,13],[-5,42],[41,56],[8,74],[66,68],[13,48],[-19,59],[6,44],[71,-8],[33,16],[7,42],[53,-51],[48,-19],[-1,-35],[50,-22],[-15,-103],[40,-15],[55,0],[130,-20],[38,-17],[31,-68],[73,-23],[19,-15],[5,-79],[-30,-45],[-29,-78],[-33,-33],[45,-22]]],"transform":{"scale":[0.0004505760965460989,0.00041940029330507896],"translate":[152.68167135129366,-27.422465742797545]},"objects":{"auspol-maps-2019-p100-alldivisions":{"type":"GeometryCollection","geometries":[{"arcs":[[0]],"type":"Polygon","properties":{"E_div_numb":7,"Elect_div":"Dickson","Numccds":360,"Actual":104847,"Projected":113392,"Total_Popu":0,"Australian":0,"Area_SqKm":724.27560007953,"Sortname":"DICKSON"}}]}}}