{"type":"Topology","arcs":[[[4620,812],[-164,26],[-44,-248],[-35,-221],[-70,-369],[-128,21],[-74,6],[-76,2],[-245,38],[-36,12],[-65,44],[-84,41],[-54,21],[-75,15],[-199,33],[-40,6],[-242,-22],[-130,8],[-98,9],[-17,29],[-29,31],[-102,59],[-97,109],[-15,23],[-62,110],[-29,45],[-355,55],[10,-33],[21,-23],[57,-42],[33,-46],[14,-59],[-4,-32],[-23,-55],[-31,-33],[-90,-57],[-25,-26],[-22,-36],[-38,-80],[-19,41],[-48,46],[-230,35],[-725,110],[-9,19],[12,24],[4,32],[15,34],[25,-9],[24,34],[23,-5],[24,34],[-10,32],[-22,18],[11,20],[-23,16],[17,24],[76,32],[20,44],[2,35],[-40,37],[-15,34],[13,21],[-15,28],[-20,-6],[-16,77],[-16,5],[-17,-21],[-20,0],[-34,32],[-14,26],[8,30],[-17,23],[26,22],[2,54],[27,35],[0,33],[-53,-20],[-29,-48],[-14,16],[-36,7],[15,28],[-18,9],[8,20],[-6,31],[12,38],[-29,55],[-5,21],[-26,-6],[-27,121],[22,5],[19,41],[25,33],[-23,16],[1,19],[-35,25],[-12,28],[22,10],[41,-6],[52,11],[-37,24],[9,16],[23,-4],[19,12],[-31,26],[10,19],[-9,40],[-51,-15],[-261,-56],[-1,27],[-18,51],[-36,154],[6,45],[-25,31],[-441,-96],[-7,18],[-30,135],[29,165],[64,67],[-4,59],[17,30],[-9,74],[96,-19],[79,-6],[86,22],[27,57],[-6,55],[-51,100],[-49,68],[-5,42],[0,92],[18,54],[17,65],[-3,60],[-34,68],[-99,193],[-17,113],[-2,76],[19,77],[56,106],[33,44],[62,14],[59,-16],[105,-69],[107,-83],[105,-94],[87,-114],[111,-111],[142,-79],[134,-26],[112,0],[106,17],[71,25],[28,27],[15,61],[-7,35],[-21,33],[-34,18],[-45,0],[-151,10],[-64,17],[-36,32],[-11,46],[20,59],[53,132],[85,64],[80,31],[99,7],[185,32],[91,9],[72,42],[29,61],[47,3],[96,-16],[16,33],[249,-40],[143,-25],[-28,-169],[1,-67],[11,-38],[39,-76],[21,-30],[46,-37],[170,-90],[35,-21],[52,-45],[128,-172],[28,-53],[28,-77],[43,-220],[20,-107],[15,-60],[16,-42],[32,-70],[47,-70],[43,-55],[9,-2],[135,-171],[179,-230],[83,-86],[51,-45],[121,-88],[134,-91],[104,-61],[0,-9],[188,-112],[69,-52],[31,-33],[34,-47],[117,-194],[72,-123],[144,-242]]],"transform":{"scale":[0.00003227788844847586,0.000029886300200961517],"translate":[152.96201109812458,-27.618236295886863]},"objects":{"auspol-maps-2019-p100-alldivisions":{"type":"GeometryCollection","geometries":[{"arcs":[[0]],"type":"Polygon","properties":{"E_div_numb":24,"Elect_div":"Moreton","Numccds":382,"Actual":100082,"Projected":108515,"Total_Popu":0,"Australian":0,"Area_SqKm":107.85800249306,"Sortname":"MORETON"}}]}}}