{"type":"Topology","arcs":[[[127,61],[-7,29],[-3,389],[16,41],[22,18],[29,50],[99,92],[-144,126],[-34,54],[-48,42],[12,99],[-69,64],[109,107],[83,69],[47,17],[111,-2],[57,7],[49,192],[48,43],[21,2],[43,-29],[48,-51],[6,-44],[34,-11],[27,20],[30,-9],[28,-45],[41,-11],[-16,-32],[32,-43],[59,-37],[15,-28],[109,18],[24,-43],[37,-17],[11,-29],[26,3],[29,-40],[33,-26],[6,-41],[35,-51],[2,-30],[-19,-34],[151,2],[0,-15],[95,0],[43,-8],[-65,-114],[-6,-23],[-52,-50],[66,-9],[51,-45],[20,-5],[1,-86],[-60,0],[-77,-70],[8,-13],[-45,-41],[-31,-11],[-21,-50],[-26,-2],[-28,-30],[-30,-165],[6,-155],[-122,0],[-57,7],[-25,51],[-24,-11],[-103,0],[-3,20],[-704,-6]]],"transform":{"scale":[0.00011297412767370878,0.00010474831736833797],"translate":[115.88423253844235,-32.18658235463944]},"objects":{"auspol-maps-2019-p100-alldivisions":{"type":"GeometryCollection","geometries":[{"arcs":[[0]],"type":"Polygon","properties":{"E_div_numb":10,"Elect_div":"Burt","Numccds":316,"Actual":93763,"Projected":100530,"Total_Popu":0,"Australian":0,"Area_SqKm":172.37424491618,"Sortname":"Burt"}}]}}}