{"type":"Topology","arcs":[[[325,3],[-117,15],[-16,-18],[-48,85],[-61,30],[-83,4],[18,47],[47,5],[61,-10],[43,8],[30,-22],[-8,-51],[40,-6],[105,-66],[-11,-21]]],"transform":{"scale":[0.000449900145181711,0.00041950550636346806],"translate":[144.89849312396206,-37.89103650206124]},"objects":{"auspol-maps-2019-p100-alldivisions":{"type":"GeometryCollection","geometries":[{"arcs":[[0]],"type":"Polygon","properties":{"E_div_numb":28,"Elect_div":"Macnamara","Numccds":374,"Actual":110119,"Projected":113562,"Total_Popu":0,"Australian":0,"Area_SqKm":41.21,"Sortname":"Macnamara"}}]}}}