{"type":"Topology","arcs":[[[2019,923],[-35,8],[-38,-42],[13,-36],[-33,-15],[-44,-49],[8,-83],[18,-32],[-8,-42],[27,-13],[28,-78],[-15,-41],[-30,-14],[-38,-45],[-48,62],[-44,8],[-102,-32],[-90,20],[-37,-7],[-86,27],[-11,-29],[-38,-2],[-2,-84],[-62,-47],[-76,58],[-27,8],[-35,-34],[-32,11],[-42,-18],[-5,-28],[39,-30],[-42,-92],[-54,-5],[-20,-50],[-24,-16],[-39,9],[-20,44],[-61,-2],[-50,-18],[-1,-32],[-64,-27],[-38,3],[-45,45],[-65,-3],[-49,61],[-48,16],[-13,-48],[-40,-30],[-58,4],[-41,-23],[-45,2],[-59,-50],[-58,9],[-17,-41],[13,-71],[-21,-9],[-137,17],[-52,9],[20,98],[-12,52],[26,71],[61,36],[-41,29],[-2,62],[-22,99],[-38,33],[-18,48],[26,72],[43,-4],[12,55],[29,8],[-2,37],[34,39],[27,88],[-5,46],[24,130],[44,5],[69,40],[46,-40],[47,-2],[47,-41],[61,12],[37,-23],[28,7],[47,-67],[32,11],[11,34],[53,11],[36,-12],[79,-70],[12,-38],[37,-16],[136,73],[-1,61],[65,-13],[33,17],[64,7],[22,66],[61,19],[42,-10],[709,-7],[-3,-61],[17,-65]]],"transform":{"scale":[0.0004509371568923959,0.000419314726572933],"translate":[145.28174655788763,-37.97494134891881]},"objects":{"auspol-maps-2019-p100-alldivisions":{"type":"GeometryCollection","geometries":[{"arcs":[[0]],"type":"Polygon","properties":{"E_div_numb":6,"Elect_div":"Casey","Numccds":434,"Actual":111483,"Projected":113434,"Total_Popu":0,"Australian":0,"Area_SqKm":2466.5,"Sortname":"Casey"}}]}}}