{"type":"Topology","arcs":[[[1549,647],[-1,2],[-22,-19],[1,-43],[-1,1],[-22,-3],[1,-2],[7,-8],[2,-1],[11,-17],[2,-46],[1,-2],[17,-9],[3,0],[2,0],[4,-1],[21,-17],[1,-3],[0,-7],[0,-3],[-54,-11],[-20,28],[-29,9],[-4,0],[-25,-5],[32,-50],[-28,-24],[-96,-150],[-57,-38],[4,-48],[26,-76],[-7,-23],[4,-78],[-64,-3],[-69,61],[-92,14],[-38,43],[-62,-14],[-18,12],[-13,52],[-45,10],[-37,-5],[-22,28],[-38,87],[-69,67],[-105,23],[-46,25],[-60,2],[-16,-8],[-57,3],[-40,16],[-37,-2],[-53,-44],[-45,-26],[-52,-15],[-58,8],[-128,-4],[4,10],[18,184],[11,69],[7,107],[24,69],[71,31],[95,21],[-2,24],[21,35],[-7,35],[-39,13],[-25,42],[-51,46],[-15,37],[-92,64],[-15,67],[-6,92],[-44,44],[-13,32],[4,70],[18,65],[149,28],[34,3],[64,-14],[84,-58],[32,-13],[79,-10],[126,-31],[7,27],[-17,24],[18,80],[29,24],[-5,33],[43,-2],[31,29],[87,-4],[23,9],[54,-31],[28,-13],[57,-61],[12,-70],[51,-16],[72,23],[54,-1],[34,-22],[20,-86],[30,-48],[16,3],[56,-49],[23,9],[71,-11],[-2,-29],[80,-27],[17,28],[20,-5],[15,-30],[-14,-65],[5,-34],[42,13],[34,-35],[9,-39],[39,-8],[0,-90],[19,-55],[15,-3],[53,69],[28,-16],[32,1],[17,-26],[10,-72],[22,-34],[-14,-27],[-74,-5],[-18,26],[-36,-11],[-24,9],[-62,-13],[-41,-31],[22,-45],[-29,-41]]],"transform":{"scale":[0.00006109010961037325,0.000056546970498717004],"translate":[151.0475779178081,-33.84308497942738]},"objects":{"auspol-maps-2019-p100-alldivisions":{"type":"GeometryCollection","geometries":[{"arcs":[[0]],"type":"Polygon","properties":{"E_div_numb":3,"Elect_div":"Bennelong","Numccds":357,"Actual":0,"Projected":0,"Total_Popu":0,"Australian":0,"Area_SqKm":60.265557340261,"Sortname":"Bennelong"}}]}}}