{"type":"Topology","arcs":[[[2418,35],[-384,52],[-477,63],[-26,-150],[-93,13],[-34,48],[-63,63],[-53,42],[-2,63],[-21,51],[-2,42],[21,35],[-3,30],[-32,39],[-60,52],[21,36],[-12,34],[-40,24],[-75,70],[-170,88],[-137,65],[-75,28],[-71,46],[-27,7],[-11,-29],[-66,39],[-34,6],[-5,22],[-137,6],[-84,-40],[21,-44],[-35,-24],[32,-49],[-33,-16],[-69,88],[-41,77],[-40,-25],[48,-90],[-18,-16],[-95,115],[-16,-2],[-19,51],[-1,100],[28,67],[46,49],[42,34],[37,45],[78,23],[110,21],[161,-3],[134,-26],[178,-44],[87,-8],[50,7],[88,46],[108,24],[88,2],[31,-18],[79,-92],[31,-24],[87,-26],[23,-25],[0,-30],[-47,-252],[-14,-88],[299,-43],[-18,-105],[226,-32],[285,-135],[99,-100],[26,-19],[79,-15],[29,-22],[47,-67],[-79,-154]]],"transform":{"scale":[0.0000610789842078194,0.00005652902938743316],"translate":[144.89714625912552,-37.8917169685296]},"objects":{"auspol-maps-2019-p100-alldivisions":{"type":"GeometryCollection","geometries":[{"arcs":[[0]],"type":"Polygon","properties":{"E_div_numb":28,"Elect_div":"Macnamara","Numccds":374,"Actual":110119,"Projected":113562,"Total_Popu":0,"Australian":0,"Area_SqKm":41.21,"Sortname":"Macnamara"}}]}}}