{"type":"Topology","arcs":[[[444,221],[-8,66],[-16,38],[-14,1365],[-15,7],[72,134],[20,21],[56,42],[25,34],[11,30],[34,53],[15,36],[19,23],[345,323],[-9,27],[-29,3],[-22,13],[-422,381],[-19,19],[-120,186],[-170,149],[2,129],[-32,42],[12,21],[30,26],[33,111],[-3,16],[-239,226],[7,2],[78,82],[54,51],[52,42],[61,78],[127,119],[140,116],[149,127],[62,37],[64,18],[40,5],[233,-6],[156,-2],[54,3],[147,23],[75,300],[40,147],[57,227],[22,31],[144,119],[36,-2],[41,7],[35,-24],[8,-37],[24,-22],[23,-11],[57,-9],[68,-74],[52,-42],[13,-29],[35,-31],[42,-90],[-11,-25],[-17,-1],[7,-41],[32,-24],[46,-17],[42,5],[94,72],[106,-37],[27,-28],[20,-53],[0,-23],[16,-22],[33,-27],[54,-2],[27,6],[34,-16],[28,3],[3,-32],[-37,-74],[-21,-36],[5,-32],[49,-33],[29,-4],[36,8],[26,-9],[1,-22],[-12,-28],[-26,-21],[1,-13],[63,-36],[53,-15],[3,-23],[-39,-47],[12,-33],[23,-15],[50,39],[46,1],[30,-69],[19,-26],[65,12],[51,20],[42,40],[28,-29],[40,-5],[32,10],[32,27],[93,-14],[6,-13],[-17,-39],[28,-23],[18,-3],[51,-75],[25,-29],[21,-11],[82,-18],[-5,-60],[41,-40],[19,3],[31,22],[26,-17],[19,3],[24,-29],[-8,-34],[30,-11],[31,-48],[21,-20],[-5,-44],[14,-22],[22,-11],[33,18],[30,-4],[24,-25],[-1,-47],[23,-27],[5,-28],[-13,-21],[4,-25],[36,-14],[10,-15],[2,-66],[18,-25],[25,-5],[32,-53],[-1,-74],[12,-32],[-36,-60],[-1,-19],[-33,-37],[224,1],[0,3],[308,-1],[0,-51],[330,-1],[0,-24],[150,0],[-33,-71],[-64,-104],[-40,-80],[-29,-39],[-58,-106],[-24,-80],[-11,-20],[-52,-57],[-54,-15],[-28,-62],[-35,-22],[-102,10],[-13,-50],[60,3],[285,1],[0,-32],[179,-123],[52,-24],[18,9],[1,-134],[51,-53],[41,-26],[11,-23],[-41,-12],[-62,26],[0,-82],[-207,0],[-268,-246],[-3,-31],[27,-14],[-27,-28],[-34,-46],[-85,-50],[-8,-20],[-56,-17],[-53,-21],[-30,-26],[-15,-39],[6,-53],[-29,-30],[-8,-28],[-43,-6],[-47,1],[-91,-94],[-7,-12],[-19,-119],[-31,-211],[-9,-42],[-35,-127],[-12,-82],[0,-55],[4,-39],[1,-121],[5,-71],[25,-139],[-3,-62],[-12,-53],[-177,1],[-51,14],[-12,-13],[-184,-1],[-18,-6],[-31,28],[-12,22],[-47,-55],[-92,32],[-91,180],[-12,10],[-47,-40],[-22,-7],[-362,-1],[0,54],[-11,16],[-182,-2],[-945,-9],[-535,-5],[-50,-14],[-29,13],[-391,-4],[-329,-2]]],"transform":{"scale":[0.00003228216195898351,0.000029885085480702834],"translate":[115.88428407061357,-32.18685549147147]},"objects":{"auspol-maps-2019-p100-alldivisions":{"type":"GeometryCollection","geometries":[{"arcs":[[0]],"type":"Polygon","properties":{"E_div_numb":10,"Elect_div":"Burt","Numccds":316,"Actual":93763,"Projected":100530,"Total_Popu":0,"Australian":0,"Area_SqKm":172.37424491618,"Sortname":"Burt"}}]}}}