{"type":"Topology","arcs":[[[197,14],[-20,-14],[-91,6],[3,40],[-31,77],[-58,47],[12,11],[-1,17],[2,3],[4,2],[1,2],[1,0],[1,1],[4,-1],[140,8],[23,-29],[-15,-73],[25,-97]]],"transform":{"scale":[0.0004509665921107413,0.0004194791290051588],"translate":[144.89814878125412,-37.780230864608114]},"objects":{"auspol-maps-2019-p100-alldivisions":{"type":"GeometryCollection","geometries":[{"arcs":[[0]],"type":"Polygon","properties":{"E_div_numb":38,"Elect_div":"Wills","Numccds":346,"Actual":107306,"Projected":110841,"Total_Popu":0,"Australian":0,"Area_SqKm":46.95,"Sortname":"Wills"}}]}}}