{"type":"Topology","arcs":[[[900,0],[-38,9],[-17,55],[-43,34],[-23,58],[-317,41],[-89,6],[-41,-89],[-4,2],[-26,24],[-58,87],[-32,29],[-54,28],[-27,28],[-7,70],[-21,35],[1,51],[22,41],[-23,69],[35,17],[-2,44],[-39,10],[-19,28],[-53,73],[7,21],[-32,34],[10,85],[26,53],[104,87],[23,95],[39,63],[20,13],[57,1],[78,-20],[62,15],[102,7],[51,18],[100,-10],[20,9],[84,3],[11,23],[114,-8],[137,-73],[80,-20],[45,-22],[86,-13],[-5,-34],[35,0],[45,-26],[40,-52],[-41,-17],[-40,46],[-21,-20],[17,-24],[-50,-9],[-31,-41],[-73,5],[-17,25],[-29,-15],[-86,10],[-9,-22],[50,-51],[-21,-48],[-23,-89],[9,-25],[47,-15],[16,-30],[40,-20],[39,-42],[-60,-22],[-43,-3],[-34,-36],[-72,42],[-13,-37],[-25,-20],[54,-42],[-7,-18],[40,-87],[12,-103],[-35,19],[-58,-310]]],"transform":{"scale":[0.00011295199093954964,0.00010480107654146959],"translate":[145.19169082854432,-37.96393902785911]},"objects":{"auspol-maps-2019-p100-alldivisions":{"type":"GeometryCollection","geometries":[{"arcs":[[0]],"type":"Polygon","properties":{"E_div_numb":1,"Elect_div":"Aston","Numccds":377,"Actual":109405,"Projected":111014,"Total_Popu":0,"Australian":0,"Area_SqKm":113.78,"Sortname":"Aston"}}]}}}