{"type":"Topology","arcs":[[[330,50],[-82,26],[-109,-16],[-38,1],[-42,-61],[-59,8],[20,138],[60,-4],[27,35],[121,66],[39,1],[39,-33],[22,-99],[2,-62]]],"transform":{"scale":[0.00045077590856227413,0.00041868424082660346],"translate":[145.16914649239467,-37.86509645398695]},"objects":{"auspol-maps-2019-p100-alldivisions":{"type":"GeometryCollection","geometries":[{"arcs":[[0]],"type":"Polygon","properties":{"E_div_numb":11,"Elect_div":"Deakin","Numccds":378,"Actual":106996,"Projected":109339,"Total_Popu":0,"Australian":0,"Area_SqKm":79.76,"Sortname":"Deakin"}}]}}}