{"type":"Topology","arcs":[[[1453,2232],[-291,-15],[27,-436],[39,-25],[-41,-221],[45,-38],[18,-233],[-13,-1],[-53,-154],[16,-204],[47,3],[47,-699],[3,-55],[-282,-154],[-16,10],[-72,-4],[-7,32],[-54,-6],[-5,59],[-56,-2],[-5,32],[-23,14],[-4,59],[-64,-3],[-40,21],[-132,-8],[-137,350],[-38,119],[-32,161],[-20,67],[-39,164],[-64,231],[-11,77],[-19,52],[-12,74],[-29,82],[-26,96],[-15,86],[-54,166],[-36,179],[-5,62],[8,137],[17,64],[40,106],[33,46],[29,61],[33,93],[36,56],[25,65],[11,49],[5,70],[-13,178],[-24,81],[-73,3],[-30,10],[61,88],[-48,65],[-74,71],[30,32],[84,129],[44,58],[54,33],[89,66],[62,25],[77,9],[101,-33],[45,-30],[32,-88],[-19,-98],[-23,-57],[-39,-193],[-12,-163],[34,-120],[-8,-96],[-3,-100],[-52,-80],[-32,-60],[-2,-90],[4,-24],[-9,-102],[-25,-6],[-18,-36],[-40,5],[-60,-18],[-23,-59],[8,-53],[16,-47],[28,-1],[-17,102],[6,19],[65,12],[74,34],[66,-19],[6,16],[-64,13],[17,65],[52,-18],[6,15],[-53,22],[9,84],[49,10],[-42,44],[30,47],[18,47],[63,111],[-8,8],[2,89],[67,-20],[134,-32],[55,-5],[35,-16],[134,-32],[-25,24],[4,42],[55,44],[28,2],[31,-15],[27,-59],[53,-75],[91,-85],[4,-21],[34,-11],[58,-6],[38,12],[7,0],[109,-88],[33,-32],[-196,-12],[-10,-67],[17,-39],[12,-194]],[[1155,3129],[-9,-50],[-22,1],[-31,26],[-101,3],[-116,-31],[-26,-21],[3,-20],[-69,-84],[-46,22],[-43,49],[-4,39],[-26,56],[1,84],[19,62],[19,175],[47,117],[14,92],[-19,55],[-15,7],[-24,51],[-31,31],[-34,12],[-25,47],[24,25],[53,-3],[53,-50],[22,-41],[28,-33],[57,-108],[14,-53],[59,-69],[30,-52],[56,-73],[60,-59],[28,-52],[53,-142],[1,-13]],[[1119,3003],[-42,-63],[-24,-22],[-55,-19],[-94,6],[-103,25],[4,15],[58,38],[30,59],[14,10],[107,35],[24,-14],[4,-31],[33,-35],[44,-4]],[[654,3894],[-50,-30],[-30,-7],[-22,13],[38,29],[64,-5]]],"transform":{"scale":[0.00006107134020159504,0.00005654233517587889],"translate":[138.47578389084114,-34.97594791059251]},"objects":{"auspol-maps-2019-p100-alldivisions":{"type":"GeometryCollection","geometries":[{"arcs":[[[0]],[[1]],[[2]],[[3]]],"type":"MultiPolygon","properties":{"E_div_numb":5,"Elect_div":"Hindmarsh","Numccds":392,"Actual":120587,"Projected":122634,"Total_Popu":0,"Australian":0,"Area_SqKm":122.42,"Sortname":"Hindmarsh"}}]}}}