{"type":"Topology","arcs":[[[2584,1056],[-45,-33],[-62,-16],[-134,-59],[-388,-172],[-120,-55],[68,-122],[46,-116],[7,-30],[58,-286],[-75,-28],[-45,-11],[-81,-11],[-82,-8],[-46,-1],[-80,8],[-68,-3],[-50,-16],[-127,-56],[-80,-25],[-86,-15],[-36,-1],[-225,0],[-105,4],[-119,10],[-511,69],[-77,12],[-121,14],[24,130],[6,69],[40,129],[24,62],[2,37],[-18,59],[5,50],[34,98],[-4,8],[37,99],[55,163],[0,53],[-31,103],[-26,42],[-7,52],[-15,33],[-65,44],[-23,23],[-1,37],[20,144],[44,238],[34,203],[9,64],[39,227],[30,187],[-3,28],[-28,37],[-9,37],[8,51],[27,52],[2,39],[0,1],[30,-7],[68,-30],[38,-11],[60,-7],[205,-7],[49,6],[17,-37],[15,-13],[67,-21],[49,-33],[80,-99],[39,-57],[37,-103],[71,-251],[3,-52],[-12,-49],[50,-11],[102,-40],[147,-74],[61,-40],[81,-29],[57,-12],[57,-22],[20,-3],[30,11],[25,35],[30,56],[19,45],[84,81],[36,11],[115,-52],[38,-10],[62,-7],[49,-22],[18,2],[79,48],[36,6],[109,7],[54,-6],[99,-53],[52,-10],[50,2],[62,27],[47,-1],[47,-22],[52,-40],[62,-23],[63,-3],[47,19],[28,-3],[4,-53],[-1,-157],[-12,-161],[-109,-131],[-79,-91],[-48,-37],[-165,-118]]],"transform":{"scale":[0.00003228039723127761,0.000029884789970446483],"translate":[151.03564645510826,-33.9437382173304]},"objects":{"auspol-maps-2019-p100-alldivisions":{"type":"GeometryCollection","geometries":[{"arcs":[[0]],"type":"Polygon","properties":{"E_div_numb":44,"Elect_div":"Watson","Numccds":399,"Actual":0,"Projected":0,"Total_Popu":0,"Australian":0,"Area_SqKm":47.483262096275,"Sortname":"Watson"}}]}}}