{"type":"Topology","arcs":[[[379,104],[-138,17],[-24,-121],[-29,45],[-54,14],[-4,1],[-6,4],[-3,1],[-35,40],[-86,12],[11,69],[71,-9],[12,70],[244,-31],[13,-91],[28,-21]]],"transform":{"scale":[0.0004506437549684751,0.00041878520157916614],"translate":[145.0482822019114,-37.98358803161024]},"objects":{"auspol-maps-2019-p100-alldivisions":{"type":"GeometryCollection","geometries":[{"arcs":[[0]],"type":"Polygon","properties":{"E_div_numb":21,"Elect_div":"Hotham","Numccds":406,"Actual":107479,"Projected":109930,"Total_Popu":0,"Australian":0,"Area_SqKm":83.07,"Sortname":"Hotham"}}]}}}