{"type":"Topology","arcs":[[[2819,624],[-19,-26],[8,-49],[0,-28],[-59,-53],[-47,-20],[-14,-34],[-31,5],[25,-59],[-30,-33],[-37,-17],[-9,-24],[23,-20],[-9,-59],[-47,24],[-52,13],[-37,-12],[-37,-56],[-44,-20],[-71,0],[-64,50],[-62,37],[-44,35],[-73,-9],[-17,-110],[-140,21],[-18,-131],[-217,33],[-70,-38],[-32,-44],[-26,13],[-46,4],[-33,-12],[-18,22],[-40,19],[-52,-12],[-51,18],[-48,45],[-43,15],[-48,52],[-10,29],[-103,21],[-29,-16],[-6,-33],[-204,33],[-9,6],[1,75],[8,39],[-29,58],[5,37],[-30,2],[-64,69],[3,46],[-23,29],[13,19],[12,69],[34,31],[45,12],[-8,27],[9,39],[-17,20],[-21,58],[-27,-4],[-45,49],[-34,19],[-9,-46],[-51,8],[14,113],[-18,16],[6,53],[61,32],[7,88],[-40,50],[-59,19],[-56,-3],[-37,-31],[-22,-2],[-43,21],[-90,21],[-40,31],[-52,-26],[-30,17],[16,42],[-10,31],[2,56],[-128,24],[-35,-3],[-24,30],[0,52],[-17,22],[-6,74],[7,19],[50,49],[47,82],[-16,42],[40,19],[43,36],[18,37],[-16,62],[24,60],[9,46],[-22,42],[16,49],[77,99],[36,20],[20,38],[39,22],[54,68],[38,25],[-38,66],[6,21],[56,57],[29,45],[-24,66],[-14,11],[-22,93],[-16,25],[-2,44],[-20,44],[16,27],[1,87],[30,17],[57,12],[20,-12],[204,-32],[13,83],[119,-20],[29,170],[69,-52],[86,-53],[35,43],[7,39],[76,-10],[30,-23],[-9,-47],[-39,6],[-33,-28],[-12,-82],[115,-19],[-7,-37],[84,-18],[-9,-52],[21,-4],[-14,-86],[69,0],[-5,-18],[33,-37],[27,7],[74,-37],[-25,-142],[83,1],[-23,-148],[-30,24],[-40,8],[-23,-155],[76,-10],[5,35],[87,-21],[-11,-67],[215,-37],[6,40],[133,-20],[31,-24],[101,-15],[4,16],[249,-38],[-10,-63],[93,-13],[28,14],[38,-5],[20,-30],[12,-60],[75,-129],[18,-56],[-10,-95],[145,-22],[5,50],[46,1],[34,-15],[69,-9],[34,-21],[26,-49],[18,9],[7,-33],[-13,-196],[25,-87],[-10,-84],[-41,26],[-26,-81],[-40,-40],[-90,-13],[-2,-63],[33,-28],[19,-58],[-24,-47],[-22,-8],[-24,-45],[-5,-51],[-45,-20],[-53,-38],[-35,-74],[14,-20],[86,-24],[80,-44]]],"transform":{"scale":[0.0001129885978529367,0.00010480647085527132],"translate":[152.6809520082212,-27.422422166780482]},"objects":{"auspol-maps-2019-p100-alldivisions":{"type":"GeometryCollection","geometries":[{"arcs":[[0]],"type":"Polygon","properties":{"E_div_numb":7,"Elect_div":"Dickson","Numccds":360,"Actual":104847,"Projected":113392,"Total_Popu":0,"Australian":0,"Area_SqKm":724.27560007953,"Sortname":"DICKSON"}}]}}}