{"type":"Topology","arcs":[[[1454,104],[-125,14],[-18,-118],[-644,84],[-28,-41],[-12,65],[35,45],[-46,9],[0,23],[36,22],[10,131],[-29,16],[-38,-7],[-21,28],[21,50],[-12,17],[23,32],[-39,14],[-38,-17],[-57,31],[8,46],[31,31],[-1,36],[63,3],[27,24],[-19,26],[-32,7],[-44,80],[-5,40],[-71,60],[20,25],[-17,29],[-33,3],[-4,26],[-65,53],[-42,2],[-39,27],[-12,29],[-30,-19],[-22,45],[14,27],[-38,16],[-37,-4],[-44,44],[-28,43],[-52,61],[25,29],[31,9],[2,24],[36,20],[5,78],[-18,46],[15,24],[30,18],[13,9],[7,7],[1,1],[34,-2],[162,-13],[224,16],[139,17],[133,10],[162,2],[211,21],[-23,-31],[49,-4],[38,-36],[24,18],[24,-11],[-4,-45],[28,-7],[-15,-41],[51,-54],[-12,-18],[-53,-12],[36,-45],[-33,-15],[-26,-42],[28,-20],[-7,-44],[35,-7],[2,-23],[-43,-18],[6,-48],[-42,1],[-52,-14],[-15,-24],[-46,-5],[-17,-45],[16,-33],[-44,-44],[26,-28],[-24,-32],[74,-51],[31,2],[45,21],[42,-92],[27,-22],[-13,-46],[43,-37],[-21,-24],[18,-46],[-14,-20],[21,-38],[-41,-35],[15,-65],[47,-69],[-23,-28],[36,-16],[27,-42],[-17,-12],[-1,-73],[39,-54]]],"transform":{"scale":[0.00006107113863089329,0.000056541634356350726],"translate":[144.8980419965388,-37.780216235003024]},"objects":{"auspol-maps-2019-p100-alldivisions":{"type":"GeometryCollection","geometries":[{"arcs":[[0]],"type":"Polygon","properties":{"E_div_numb":38,"Elect_div":"Wills","Numccds":346,"Actual":107306,"Projected":110841,"Total_Popu":0,"Australian":0,"Area_SqKm":46.95,"Sortname":"Wills"}}]}}}