{"type":"Topology","arcs":[[[3078,33],[-27,36],[-26,6],[-76,67],[-2,54],[-26,39],[-44,39],[-51,33],[-37,56],[-3,44],[-47,32],[-85,-36],[-73,-60],[-65,22],[-33,22],[-7,28],[-28,29],[-67,-11],[-48,32],[-55,13],[-63,1],[-10,15],[-446,1],[-12,35],[-229,0],[-114,-3],[-5,-20],[-66,0],[-29,-33],[-31,31],[-145,1],[-11,32],[-76,-4],[-31,-21],[-12,-26],[0,-80],[-28,-32],[27,-24],[-11,-29],[-38,2],[-78,30],[-55,51],[-34,-30],[-132,123],[-104,-96],[14,-42],[37,-38],[28,-92],[28,-55],[3,-71],[-76,-69],[-66,-15],[-11,-20],[-25,44],[-109,-18],[-14,27],[-60,37],[-31,44],[16,31],[-42,11],[-27,45],[-31,9],[-26,-19],[-34,10],[-6,45],[-49,50],[-42,29],[-22,-2],[238,218],[24,-21],[59,108],[61,88],[49,57],[76,100],[89,72],[25,42],[41,179],[20,52],[-3,42],[-123,50],[23,50],[-78,32],[-89,-1],[-153,17],[-70,-39],[-58,-20],[-23,21],[23,34],[56,51],[7,64],[-8,29],[-32,32],[-1,25],[39,35],[13,38],[-74,1],[6,55],[-7,25],[1,83],[-29,96],[110,-15],[54,-9],[145,-8],[147,2],[71,-6],[5,0],[95,-9],[31,-26],[52,27],[58,62],[101,44],[12,13],[29,73],[20,9],[43,-26],[44,-2],[44,38],[35,43],[46,41],[66,21],[0,218],[0,75],[-2,81],[19,0],[9,63],[21,0],[4,101],[-4,52],[-3,340],[2,132],[11,83],[108,0],[30,21],[-2,38],[-44,-2],[-35,33],[-26,64],[42,5],[44,20],[83,89],[27,5],[119,58],[55,41],[-2,-71],[53,7],[23,-22],[96,40],[-1,13],[79,11],[30,-18],[59,-14],[39,54],[195,1],[0,23],[731,-6],[-3,-337],[108,-1],[419,0],[6,-26],[1,-374],[-87,-49],[0,-87],[67,0],[1,-91],[-5,-74],[75,0],[-12,-63],[-40,-11],[17,-31],[-61,-107],[-45,-33],[73,-18],[32,-34],[98,36],[0,-72],[42,15],[48,0],[-84,-59],[-28,0],[0,-183],[-89,-170],[-19,0],[2,-184],[-1,-296],[610,-24],[-29,-559],[-18,0],[-6,-425],[-371,5],[0,61],[-570,5],[-3,-174],[188,-2],[-2,-374],[-306,4]]],"transform":{"scale":[0.00011298805372947319,0.00010478431721172488],"translate":[115.94112358142263,-32.06563481930996]},"objects":{"auspol-maps-2019-p100-alldivisions":{"type":"GeometryCollection","geometries":[{"arcs":[[0]],"type":"Polygon","properties":{"E_div_numb":8,"Elect_div":"Hasluck","Numccds":347,"Actual":91739,"Projected":97337,"Total_Popu":0,"Australian":0,"Area_SqKm":1192.4523421716,"Sortname":"Hasluck"}}]}}}