{"type":"Topology","arcs":[[[3809,1464],[-1,-20],[-50,1],[-39,-17],[-50,-43],[21,-35],[-29,-61],[-51,-60],[-32,39],[-42,-8],[-145,-83],[-15,-17],[80,-25],[0,-16],[52,-117],[-11,-38],[-20,-13],[-26,-88],[-53,-42],[-30,-13],[-40,-49],[-9,-76],[-20,-57],[73,-53],[-12,-38],[54,-26],[-37,-34],[-56,-100],[-29,-93],[-40,-54],[13,-66],[-34,-11],[-58,4],[-48,16],[-76,-45],[-41,-6],[3,41],[-27,59],[-38,5],[-35,-21],[-4,-34],[-80,12],[-175,-19],[-68,-42],[-239,-14],[-908,-54],[-196,-9],[-98,2],[-573,-30],[-78,-13],[-95,-3],[-119,2],[-12,194],[-18,39],[11,67],[196,12],[-34,32],[-108,88],[-7,0],[-30,19],[-29,-5],[-64,32],[-30,41],[-1,22],[-109,119],[-15,33],[-28,16],[5,85],[17,7],[10,53],[44,12],[28,52],[-16,50],[-29,33],[8,47],[26,15],[-19,42],[-25,21],[356,-2],[50,-32],[40,22],[45,43],[77,38],[108,28],[-4,71],[6,51],[29,21],[1,26],[45,26],[91,6],[87,27],[479,-314],[170,-113],[141,178],[226,274],[109,134],[42,78],[24,-23],[87,15],[87,-7],[16,12],[43,-8],[22,16],[42,-8],[49,-25],[18,31],[38,25],[42,-48],[40,33],[33,-34],[54,-9],[83,11],[40,65],[3,32],[-7,64],[29,34],[74,66],[36,67],[21,14],[70,6],[30,-42],[-16,-41],[30,-33],[45,1],[38,13],[41,-27],[56,-9],[21,-33],[8,-66],[71,7],[-8,67],[90,7],[19,24],[60,-6],[3,29],[26,59],[35,55],[24,20],[72,-11],[-8,-25],[-59,-57],[-22,-63],[17,-49],[-48,-135],[10,-58],[37,-44],[50,-24],[73,-68],[23,-46]]],"transform":{"scale":[0.00006107977530618109,0.000056551609218915727],"translate":[138.54756231555822,-34.84985312964352]},"objects":{"auspol-maps-2019-p100-alldivisions":{"type":"GeometryCollection","geometries":[{"arcs":[[0]],"type":"Polygon","properties":{"E_div_numb":7,"Elect_div":"Makin","Numccds":398,"Actual":119451,"Projected":122135,"Total_Popu":0,"Australian":0,"Area_SqKm":162.4,"Sortname":"Makin"}}]}}}