{"type":"Topology","arcs":[[[1930,567],[-28,-17],[-70,29],[-75,-52],[-19,-26],[-50,-5],[71,-53],[-5,-43],[77,-21],[-45,-46],[-10,-60],[-67,3],[-9,-58],[-54,2],[-31,-64],[-35,2],[-74,-72],[-76,2],[-13,-41],[-50,-46],[-39,-1],[-118,29],[6,108],[70,-9],[13,88],[-59,5],[5,62],[-121,54],[-67,40],[25,38],[8,45],[28,30],[14,46],[38,43],[4,68],[25,16],[-182,23],[-18,-106],[-220,29],[13,71],[-154,16],[2,14],[-106,13],[-23,-131],[8,-19],[-15,-61],[-51,-64],[-77,19],[-13,46],[-86,37],[-20,53],[24,37],[10,194],[105,58],[-13,43],[-30,9],[-42,62],[-164,19],[0,49],[-34,34],[-113,14],[6,40],[44,38],[-21,48],[46,50],[46,27],[8,33],[298,-39],[16,29],[36,207],[49,77],[9,55],[-35,30],[19,25],[0,139],[127,0],[33,35],[-1,70],[98,0],[-22,85],[-25,41],[16,97],[64,0],[23,88],[298,0],[1,244],[30,0],[25,-54],[68,1],[35,26],[32,-24],[528,0],[7,-120],[-63,-37],[-42,-41],[-28,-56],[33,-28],[-46,-71],[-41,-8],[25,-41],[-19,-45],[-59,-45],[-32,-47],[-7,-33],[-44,-31],[16,-76],[-30,-47],[-1,-34],[326,-1],[0,-87],[126,3],[61,8],[37,25],[61,-8],[-6,-117],[-10,-14],[25,-65],[50,-54],[56,-44],[3,-27],[-56,-34],[-41,-63],[-8,-33],[13,-38],[-22,-24],[-56,-13],[-62,-30],[0,-34],[-63,0],[25,-49],[-7,-73],[12,-39],[-25,-59],[-2,-66],[42,-21],[-21,-74],[-34,-4],[13,-57],[0,-61],[-27,-10]]],"transform":{"scale":[0.0004510598566298161,0.00041943475151333577],"translate":[143.83344112833595,-37.45101642731964]},"objects":{"auspol-maps-2019-p100-alldivisions":{"type":"GeometryCollection","geometries":[{"arcs":[[0]],"type":"Polygon","properties":{"E_div_numb":3,"Elect_div":"Bendigo","Numccds":360,"Actual":108575,"Projected":111292,"Total_Popu":0,"Australian":0,"Area_SqKm":5496.5,"Sortname":"Bendigo"}}]}}}