{"type":"Topology","arcs":[[[2216,1259],[-29,-44],[-18,-10],[-48,4],[-83,47],[-38,-15],[-20,-105],[-14,-40],[-33,-26],[-96,-14],[-177,-9],[-67,-11],[-53,-21],[-39,-30],[-21,-39],[1,-41],[135,-117],[-14,-55],[-45,-29],[-56,-16],[-107,-13],[-47,6],[-39,18],[-32,50],[11,74],[-31,70],[-62,41],[-39,3],[-36,-12],[-29,-27],[-27,-74],[3,-62],[38,-118],[17,-37],[30,-106],[-5,-16],[-51,-46],[-66,-33],[-88,-24],[-178,32],[-41,12],[-118,55],[-27,9],[-102,2],[-61,-28],[-64,-145],[1,-216],[6,-63],[-28,-40],[-177,324],[-14,36],[-57,-33],[-78,-18],[-3,129],[27,66],[212,196],[186,179],[-72,64],[-42,80],[-40,57],[-108,104],[-45,53],[-27,72],[-6,32],[-2,20],[374,2],[15,25],[81,76],[71,-65],[29,26],[35,-29],[116,0],[13,82],[76,0],[81,-73],[170,191],[54,49],[104,58],[-293,270],[-3,138],[-30,0],[11,69],[122,-12],[68,4],[217,24],[158,28],[32,-6],[34,-44],[9,-65],[263,2],[0,-278],[19,-12],[32,10],[317,-1],[137,-1],[-24,-70],[-74,-66],[3,-46],[22,-12],[39,-46],[13,-54],[-17,-49],[5,-70],[-28,-30],[-77,-65],[-41,-62]]],"transform":{"scale":[0.00006108717223446499,0.00005654815559938309],"translate":[115.81798659039993,-31.99113352981225]},"objects":{"auspol-maps-2019-p100-alldivisions":{"type":"GeometryCollection","geometries":[{"arcs":[[0]],"type":"Polygon","properties":{"E_div_numb":13,"Elect_div":"Perth","Numccds":330,"Actual":94518,"Projected":100895,"Total_Popu":0,"Australian":0,"Area_SqKm":80.395633534249,"Sortname":"Perth"}}]}}}