{"type":"Topology","arcs":[[[3583,2822],[21,-84],[-2,-47],[127,-38],[142,23],[50,-77],[88,103],[11,35],[66,50],[97,50],[40,40],[54,-15],[74,31],[39,-4],[59,123],[204,-167],[244,-7],[55,-8],[-3,-77],[40,-31],[57,-67],[31,-16],[215,-28],[10,-86],[-25,-9],[22,-37],[57,-35],[-11,-33],[353,-360],[35,-3],[47,-28],[43,-4],[47,-39],[81,-15],[20,-12],[47,-67],[14,-38],[86,-60],[96,-12],[81,-20],[61,-4],[93,10],[94,46],[135,34],[112,-32],[101,5],[54,-3],[69,14],[42,-11],[48,-35],[55,-79],[8,-57],[62,-71],[41,-28],[37,-8],[29,-24],[41,-1],[21,-39],[27,-19],[65,-75],[-85,-44],[-117,-49],[-34,-35],[-136,5],[-93,-23],[-20,-19],[-30,12],[-104,-6],[-55,-19],[-59,15],[-79,-7],[-75,-42],[-44,-49],[-44,-23],[-20,-27],[-3,-42],[28,-36],[-6,-25],[-65,-26],[8,-72],[-45,-2],[-33,-28],[-78,-138],[-286,2],[-933,140],[-71,22],[-58,-1],[-109,21],[-149,56],[-125,28],[-41,-8],[-134,37],[-101,9],[-62,18],[-40,-1],[-120,-44],[-16,-33],[-32,-24],[-36,1],[-93,-14],[-62,-56],[-46,-28],[-57,-66],[-15,-71],[-81,5],[-58,-21],[-31,-23],[-56,-2],[-14,-39],[-27,-18],[-8,-35],[-37,-29],[-2,-42],[-32,-48],[-36,-32],[-10,-96],[-44,-48],[-15,-47],[10,-49],[-14,-23],[-51,-5],[-40,32],[-29,4],[-160,-58],[-37,13],[-77,-26],[-31,-32],[-111,37],[-41,-2],[-60,-24],[-13,10],[-75,-29],[5,-38],[-136,-2],[-39,-17],[-76,43],[-33,33],[-43,-18],[-105,-3],[-54,-51],[-30,34],[-7,90],[22,63],[-89,91],[-42,76],[-41,43],[-45,34],[-128,118],[-58,64],[-90,69],[-68,62],[-40,25],[-64,65],[-112,84],[-69,71],[-58,34],[-34,34],[-148,120],[-79,55],[-52,57],[-50,19],[1,17],[-46,45],[-58,24],[-37,44],[-43,13],[-205,111],[-132,78],[-61,51],[-28,-3],[-77,74],[-86,54],[9,11],[85,-26],[65,21],[52,6],[68,-37],[147,-57],[23,-25],[56,-11],[51,10],[35,-27],[106,-22],[36,-18],[13,-80],[31,-26],[2,-25],[44,-35],[64,-23],[58,-33],[-6,-36],[40,-44],[68,-29],[333,-79],[113,-18],[104,-7],[125,16],[76,16],[79,26],[285,86],[49,23],[128,28],[218,87],[110,51],[154,82],[65,48],[80,85],[26,82],[-40,39],[-63,30],[98,139],[55,53],[9,57],[49,0],[78,64],[91,105],[24,80],[1,54],[-26,92],[55,62],[1,44],[19,37],[60,14],[36,-1],[62,56],[82,57]]],"transform":{"scale":[0.00011298991209907773,0.00010479292695185128],"translate":[144.65631504366198,-38.497221258407976]},"objects":{"auspol-maps-2019-p100-alldivisions":{"type":"GeometryCollection","geometries":[{"arcs":[[0]],"type":"Polygon","properties":{"E_div_numb":13,"Elect_div":"Flinders","Numccds":331,"Actual":107220,"Projected":109828,"Total_Popu":0,"Australian":0,"Area_SqKm":871.11,"Sortname":"Flinders"}}]}}}