{"type":"Topology","arcs":[[[1045,240],[-3,-18],[-16,-136],[-291,-86],[-20,44],[15,13],[-511,46],[54,434],[37,235],[-144,17],[-7,19],[15,120],[36,150],[-67,10],[-36,24],[-9,66],[25,176],[-123,170],[19,1],[96,-10],[130,1],[-33,-34],[47,-26],[25,-62],[60,12],[60,-2],[103,39],[27,20],[-9,-69],[29,-62],[27,17],[87,-13],[-9,-43],[13,-50],[-87,-34],[1,-25],[65,-7],[60,11],[5,-49],[50,-20],[40,20],[26,-25],[-3,-34],[32,-33],[-35,-31],[0,-1],[23,-39],[3,-27],[-20,-31],[59,-3],[24,-15],[4,-38],[-47,-1],[-9,36],[-101,33],[-16,-69],[17,-19],[51,3],[7,-24],[-31,-20],[32,-24],[20,-54],[51,3],[14,-13],[25,-63],[-9,-55],[47,-18],[3,-20],[-27,-38],[13,-46],[51,-26],[67,-18],[-32,-189]]],"transform":{"scale":[0.0001129092526716455,0.00010479067678370374],"translate":[144.74438366386877,-37.822817006357184]},"objects":{"auspol-maps-2019-p100-alldivisions":{"type":"GeometryCollection","geometries":[{"arcs":[[0]],"type":"Polygon","properties":{"E_div_numb":14,"Elect_div":"Fraser","Numccds":423,"Actual":109137,"Projected":111482,"Total_Popu":0,"Australian":0,"Area_SqKm":106.23,"Sortname":"Fraser"}}]}}}