{"type":"Topology","arcs":[[[2821,1298],[-23,-58],[-20,-93],[2,-61],[-11,-59],[-106,-200],[-10,-31],[3,-48],[71,-151],[5,-28],[-7,-55],[-56,9],[-39,-7],[-100,13],[-168,38],[-53,26],[-77,25],[-84,50],[-89,42],[-47,46],[-40,82],[-51,39],[-74,28],[-164,11],[-95,29],[-47,26],[-43,41],[-60,10],[-35,-204],[-28,-68],[-37,-50],[-162,-193],[6,-28],[41,-60],[36,-26],[29,-34],[-63,-339],[-71,-20],[-30,25],[-74,-17],[-46,15],[-24,38],[-127,149],[-86,-3],[-31,43],[-81,81],[-59,112],[-10,1],[-24,-135],[-69,10],[1,11],[-115,18],[-61,-75],[-26,-20],[-18,-49],[7,-59],[-52,9],[30,233],[27,189],[21,128],[-249,38],[-37,11],[-21,27],[18,99],[16,-3],[88,528],[-12,56],[-25,21],[25,37],[-5,20],[16,26],[40,24],[62,138],[46,122],[43,44],[30,8],[41,-17],[112,-103],[113,-99],[52,-84],[38,-86],[41,-26],[58,-1],[43,8],[31,20],[-6,54],[-53,111],[-76,64],[-29,47],[-27,79],[-8,53],[13,51],[40,50],[71,78],[-7,34],[-53,29],[-45,42],[-3,24],[44,26],[63,16],[69,39],[17,25],[-47,84],[-19,44],[7,36],[34,23],[55,13],[137,9],[113,13],[28,12],[19,51],[2,103],[5,37],[19,31],[26,12],[144,22],[136,-13],[48,-10],[66,-38],[99,-85],[49,-112],[36,-40],[5,-39],[-7,-48],[-35,-35],[-15,-87],[20,-81],[233,50],[39,-162],[165,37],[0,-31],[-18,-45],[-28,-17],[30,-31],[-35,-42],[15,-64],[31,-37],[2,-53],[19,-26],[29,0],[-15,-40],[5,-29],[26,-30],[28,8],[8,-40],[19,-40],[22,-20],[-12,-42],[-49,-29],[23,-46],[-37,-33],[-26,-53],[506,-77],[35,-46]]],"transform":{"scale":[0.00006107059995977156,0.0000565332981317339],"translate":[152.85290681634967,-27.686442345025796]},"objects":{"auspol-maps-2019-p100-alldivisions":{"type":"GeometryCollection","geometries":[{"arcs":[[0]],"type":"Polygon","properties":{"E_div_numb":25,"Elect_div":"Oxley","Numccds":376,"Actual":98556,"Projected":107534,"Total_Popu":0,"Australian":0,"Area_SqKm":156.84952567884,"Sortname":"OXLEY"}}]}}}