{"type":"Topology","arcs":[[[2792,48],[-104,2],[-470,2],[-248,25],[-53,0],[-120,-18],[-40,-9],[-37,-1],[0,-49],[-25,6],[-50,31],[-17,3],[-158,0],[-20,-4],[-75,1],[-6,53],[-12,31],[-1,51],[5,34],[-10,48],[-18,25],[-28,67],[2,33],[-8,28],[-31,48],[-23,24],[-24,55],[-16,12],[-19,44],[-23,32],[-22,42],[-40,44],[-78,-32],[-53,5],[-43,18],[-77,54],[-44,20],[-17,20],[65,39],[25,24],[59,43],[-27,54],[-55,81],[-7,16],[-72,103],[-43,71],[-31,59],[-56,86],[0,42],[8,19],[42,58],[40,76],[18,69],[22,59],[19,90],[6,79],[10,39],[10,136],[-1,34],[-16,120],[-11,29],[-5,92],[0,68],[-27,99],[-8,16],[-31,147],[-4,57],[-11,49],[-34,59],[-32,0],[-2,24],[-23,33],[-11,38],[28,-5],[9,12],[-3,61],[-15,35],[-12,80],[-13,63],[-14,45],[-7,54],[-22,72],[1,19],[-13,30],[-26,89],[-49,147],[-14,57],[-13,27],[-14,58],[-14,29],[-15,50],[-13,10],[-3,42],[-12,34],[-14,16],[-15,40],[-23,28],[-26,45],[-63,72],[-23,42],[-61,82],[-21,20],[-44,64],[-38,74],[-44,133],[26,3],[1258,-2],[24,-72],[12,-127],[17,-148],[151,32],[73,21],[277,86],[83,24],[61,-19],[44,16],[54,11],[17,-192],[269,-323],[228,-271],[59,-75],[-112,-237],[-27,-61],[61,-156],[184,-195],[106,-268],[-92,-212],[73,-27],[31,-15],[39,-30],[88,-94],[29,-22],[48,-19],[78,-14],[232,-506],[23,-42],[-271,-101],[-30,-19],[92,-201],[4,-19],[1,-107],[50,-174],[-2,-58],[-62,6],[-33,-2],[-43,-11],[-133,-50],[-68,-14],[-53,6],[-136,42],[-312,101],[-46,9],[5,-94],[9,-50],[23,-73],[15,-30],[121,-205],[127,-200],[49,-95],[26,-64],[45,-141]]],"transform":{"scale":[0.000032281205269576,0.000029886253893073976],"translate":[115.70659845780298,-31.84729615718188]},"objects":{"auspol-maps-2019-p100-alldivisions":{"type":"GeometryCollection","geometries":[{"arcs":[[0]],"type":"Polygon","properties":{"E_div_numb":9,"Elect_div":"Moore","Numccds":350,"Actual":98158,"Projected":102958,"Total_Popu":0,"Australian":0,"Area_SqKm":90.051131839836,"Sortname":"Moore"}}]}}}