{"type":"Topology","arcs":[[[396,332],[-54,-294],[-74,4],[-51,42],[-15,-31],[-52,-13],[-78,-40],[-67,4],[-5,33],[58,88],[55,29],[22,58],[1,102],[58,4],[17,38],[185,-24]]],"transform":{"scale":[0.00045042808764519856,0.00041920038849414977],"translate":[145.06136722481273,-38.21672821677173]},"objects":{"auspol-maps-2019-p100-alldivisions":{"type":"GeometryCollection","geometries":[{"arcs":[[0]],"type":"Polygon","properties":{"E_div_numb":12,"Elect_div":"Dunkley","Numccds":354,"Actual":108476,"Projected":110545,"Total_Popu":0,"Australian":0,"Area_SqKm":152.84,"Sortname":"Dunkley"}}]}}}