{"type":"Topology","arcs":[[[2724,1192],[-59,-80],[-145,-64],[-122,-77],[-143,-124],[-50,-66],[-20,-72],[-11,-165],[-37,-84],[-38,-39],[-60,-5],[-80,10],[-74,39],[-62,26],[-90,6],[-95,16],[-53,18],[-194,49],[-87,26],[-126,33],[-48,17],[-92,17],[-81,-7],[-21,-11],[-16,-54],[0,-41],[10,-43],[20,-43],[58,-61],[18,-33],[5,-37],[-27,-72],[-22,-30],[-51,-48],[-36,-43],[-14,-25],[-39,-45],[-30,-62],[-14,-7],[-63,-11],[-48,14],[-56,25],[-38,10],[-80,21],[-50,3],[-80,-5],[-67,-26],[-52,55],[-17,33],[13,6],[-33,52],[-46,-11],[-68,5],[-44,-12],[-47,4],[3,80],[11,86],[-2,57],[14,33],[7,54],[-1,37],[-11,32],[-14,99],[2,108],[13,47],[-5,73],[1,54],[-40,67],[20,17],[6,33],[-5,69],[7,64],[11,43],[13,14],[13,37],[5,40],[-8,112],[11,20],[11,75],[21,77],[3,58],[16,80],[4,88],[-4,75],[6,56],[1,67],[-5,32],[5,56],[-4,139],[2,75],[-5,40],[4,39],[-9,96],[-3,106],[9,72],[-7,54],[4,103],[-10,101],[26,22],[-5,76],[6,48],[-2,51],[2,96],[-5,160],[7,67],[-2,23],[8,81],[4,74],[-5,171],[6,97],[0,95],[-3,78],[7,30],[1,64],[-11,98],[0,31],[-10,30],[4,62],[-6,43],[197,-5],[85,4],[129,10],[118,-1],[2,294],[481,-4],[0,94],[419,-1],[13,-113],[25,-128],[15,-51],[28,-52],[28,-34],[57,-45],[55,-27],[31,-9],[154,-34],[47,-12],[47,-22],[37,-24],[42,-38],[29,-37],[22,-37],[22,-61],[9,-43],[20,-167],[11,-124],[1,-2],[4,-35],[11,-63],[31,-93],[20,-43],[87,-99],[135,-129],[68,-68],[33,-42],[42,-68],[42,-89],[39,-60],[54,-58],[83,-64],[-24,-24],[-144,-132],[5,-1],[-145,-132],[-47,-50],[-398,-369],[-28,-35],[-21,-60],[-3,-31],[1,-188],[4,-58],[147,36],[51,37],[58,25],[26,-70],[335,-612]]],"transform":{"scale":[0.00003227639907035346,0.000029885561720601632],"translate":[115.75016236684314,-32.02678006329825]},"objects":{"auspol-maps-2019-p100-alldivisions":{"type":"GeometryCollection","geometries":[{"arcs":[[0]],"type":"Polygon","properties":{"E_div_numb":4,"Elect_div":"Curtin","Numccds":336,"Actual":94033,"Projected":99066,"Total_Popu":0,"Australian":0,"Area_SqKm":97.821263111884,"Sortname":"Curtin"}}]}}}