{"type":"Topology","arcs":[[[3058,1057],[0,-1],[-11,-38],[-117,10],[-67,-21],[-20,-22],[-95,8],[-5,77],[-66,30],[-45,-31],[-86,-22],[-55,18],[-34,-18],[-46,13],[-11,-38],[-64,-29],[-19,-32],[31,-78],[44,-33],[11,-55],[27,-24],[53,14],[15,-131],[36,-16],[12,-89],[70,2],[27,54],[73,49],[53,22],[54,5],[8,91],[33,35],[6,41],[67,-7],[23,-42],[-18,-75],[9,-29],[-12,-82],[38,-37],[6,-42],[-35,-16],[-65,-103],[-17,-44],[22,-45],[-3,-47],[52,-13],[-18,-33],[38,-17],[8,-43],[-112,-9],[-10,-44],[26,-22],[-38,-77],[-57,-21],[-60,2],[-34,20],[-69,89],[32,22],[14,45],[-35,45],[-32,18],[-99,101],[2,45],[-76,128],[-110,117],[-136,90],[-83,37],[-65,12],[-52,-6],[-53,-30],[-24,-49],[17,-69],[-59,-47],[-94,-4],[-29,-26],[-26,39],[7,46],[-97,222],[-85,120],[-88,98],[-82,63],[-94,39],[-59,-17],[-68,-59],[-65,9],[-45,-14],[-63,49],[-31,10],[-49,86],[-89,107],[-64,52],[-52,7],[-59,29],[-115,0],[-22,47],[-27,-6],[-25,-57],[-68,58],[-116,35],[-45,-13],[-29,-44],[-84,36],[-89,17],[27,71],[23,23],[107,42],[48,3],[90,-9],[72,-20],[-41,-65],[18,-49],[75,6],[54,-8],[22,-29],[113,16],[36,49],[-34,51],[23,35],[8,68],[-19,36],[35,13],[91,2],[18,-19],[64,3],[37,38],[31,62],[8,42],[-23,40],[-58,2],[13,90],[-53,59],[-21,90],[-63,20],[-18,22],[-49,9],[-25,40],[-66,14],[24,118],[284,-39],[116,19],[31,19],[32,142],[-12,78],[-22,20],[18,70],[-43,0],[11,68],[151,-22],[41,34],[155,-70],[47,0],[-5,44],[-50,45],[-19,31],[35,50],[-11,20],[13,52],[25,16],[20,50],[54,5],[42,92],[-39,31],[4,27],[42,18],[32,-11],[36,34],[26,-7],[77,-58],[61,46],[2,84],[38,2],[11,29],[86,-27],[38,8],[90,-21],[101,32],[44,-8],[48,-61],[38,44],[31,14],[14,42],[-28,78],[-27,12],[9,42],[-19,32],[-7,83],[43,49],[34,15],[-13,36],[37,42],[35,-8],[27,-26],[57,-22],[57,-5],[47,13],[49,33],[50,-21],[55,-56],[48,-15],[33,19],[2,29],[43,12],[72,-33],[39,7],[47,-61],[32,-4],[61,-86],[-25,-39],[-71,-714],[54,13],[48,32],[10,27],[53,-9],[36,-37],[52,13],[-39,-191],[-77,3],[-15,-65],[-99,21],[-10,-68],[-121,17],[-12,-33],[-94,41],[-79,24],[-44,-26],[-4,-106],[-28,-40],[74,-35],[-25,-31],[-1,-42],[-54,-12],[-40,-63],[3,-17],[-64,-61],[-13,-80],[-53,-61],[48,-6],[-15,-71],[-26,5],[-30,-47],[36,-26],[-25,-131],[108,-15],[-6,-26],[-71,10],[3,-36],[53,-7],[-17,-60],[82,-10],[-16,-39],[13,-27],[58,18],[24,-26],[-36,-48],[13,-25],[97,-29],[34,-44],[114,-29],[75,-6],[142,-29],[-11,-105],[6,-66]]],"transform":{"scale":[0.0004509813402914897,0.0004194852325616778],"translate":[145.1440094747158,-39.13455757209155]},"objects":{"auspol-maps-2019-p100-alldivisions":{"type":"GeometryCollection","geometries":[{"arcs":[[0]],"type":"Polygon","properties":{"E_div_numb":34,"Elect_div":"Monash","Numccds":349,"Actual":107366,"Projected":110042,"Total_Popu":0,"Australian":0,"Area_SqKm":8879.37,"Sortname":"Monash"}}]}}}