{"type":"Topology","arcs":[[[3451,1979],[-15,-100],[-69,-410],[-26,-168],[5,-49],[-46,-274],[-8,-55],[-9,-33],[-41,-216],[-44,-260],[-2,-43],[-10,-59],[-14,-43],[-45,-255],[3,-14],[-571,75],[-145,21],[-12,-1],[-257,34],[-295,41],[68,369],[-40,123],[-1,3],[150,289],[-88,127],[-25,24],[-30,15],[-57,16],[-94,15],[-47,35],[-69,67],[-118,122],[-38,3],[-62,43],[-441,208],[-427,62],[34,197],[-295,44],[-270,38],[25,167],[90,477],[0,58],[53,-51],[30,-44],[33,-24],[83,-12],[72,-24],[79,13],[57,14],[46,-16],[15,-15],[36,9],[2,26],[-14,53],[25,21],[17,-1],[78,-23],[26,-21],[12,-22],[20,-12],[28,22],[7,39],[40,32],[30,8],[45,-15],[70,-42],[78,19],[57,-14],[36,-20],[23,-50],[46,-10],[62,-56],[33,-39],[24,-18],[72,-3],[45,20],[98,-12],[64,-30],[55,-11],[33,-49],[10,-121],[-4,-55],[61,-56],[36,-23],[33,-8],[16,94],[134,9],[144,-18],[452,-55],[339,-40],[373,-48],[126,-14]]],"transform":{"scale":[0.00003227878918642328,0.000029876488803953273],"translate":[144.98420596888116,-37.909507533806575]},"objects":{"auspol-maps-2019-p100-alldivisions":{"type":"GeometryCollection","geometries":[{"arcs":[[0]],"type":"Polygon","properties":{"E_div_numb":19,"Elect_div":"Higgins","Numccds":345,"Actual":108550,"Projected":111855,"Total_Popu":0,"Australian":0,"Area_SqKm":41.85,"Sortname":"Higgins"}}]}}}