{"type":"Topology","arcs":[[[2365,2818],[1,-3],[-2,-39],[-26,-53],[-8,-50],[9,-37],[27,-38],[3,-28],[-29,-186],[-39,-228],[-9,-63],[-34,-203],[-45,-238],[-19,-144],[1,-37],[22,-24],[66,-44],[15,-32],[7,-52],[26,-43],[30,-103],[0,-53],[-54,-163],[-37,-99],[4,-8],[-34,-97],[-5,-51],[18,-58],[-2,-38],[-25,-62],[-39,-129],[-6,-68],[-24,-130],[-127,14],[-89,-7],[-160,-23],[-84,-6],[-106,9],[-223,36],[-70,2],[-34,-6],[-52,-18],[-130,-73],[-54,-24],[-46,-11],[-80,-4],[-130,6],[-60,-3],[-368,-57],[-95,-20],[-105,-32],[-26,36],[-36,24],[-48,20],[-28,31],[-6,37],[15,41],[44,45],[21,59],[-5,58],[-23,49],[-5,72],[32,59],[3,4],[102,60],[51,8],[51,-12],[50,-25],[24,-6],[31,10],[12,25],[-5,47],[-27,45],[-31,39],[-53,94],[-25,62],[-19,69],[-5,59],[21,123],[1,59],[-11,36],[-17,10],[0,39],[-13,41],[5,14],[29,3],[28,-24],[25,-44],[46,-3],[64,95],[-5,20],[-80,60],[-41,45],[-46,35],[-26,32],[-16,84],[-121,45],[-12,23],[-3,63],[8,60],[-18,51],[-21,24],[35,28],[50,15],[73,-17],[33,-2],[42,84],[103,197],[96,150],[137,202],[103,148],[33,45],[50,57],[62,91],[23,77],[39,114],[29,110],[136,-20],[3,5],[226,-30],[1,-21],[103,-14],[62,8],[38,15],[4,24],[24,-5],[21,33],[42,33],[5,15],[-12,44],[-36,62],[3,77],[11,59],[22,47],[7,84],[23,35],[35,38],[32,5],[34,-5],[23,11],[19,25],[0,26],[43,14],[35,-17],[69,-2],[59,-9],[71,-44],[30,-28],[47,-21],[62,-36],[142,-73],[89,-52],[-45,-61],[-41,-50],[-89,-124],[-35,-45],[17,-16],[67,-41],[25,-32],[24,-60],[41,-68],[8,-30],[-15,-71],[-10,-25],[2,-42]]],"transform":{"scale":[0.0000322814151349063,0.000029881509591577988],"translate":[150.96602113469973,-33.946943287082476]},"objects":{"auspol-maps-2019-p100-alldivisions":{"type":"GeometryCollection","geometries":[{"arcs":[[0]],"type":"Polygon","properties":{"E_div_numb":5,"Elect_div":"Blaxland","Numccds":406,"Actual":0,"Projected":0,"Total_Popu":0,"Australian":0,"Area_SqKm":61.071030977806,"Sortname":"Blaxland"}}]}}}