{"type":"Topology","arcs":[[[187,16],[-58,-16],[-36,5],[-12,1],[-7,1],[1,4],[8,46],[-29,12],[-17,64],[-37,33],[26,29],[44,-17],[94,79],[10,2]],[[174,259],[0,-1],[-1,-1],[-2,-1],[-3,-2],[-3,-3],[2,-17],[-12,-11],[58,-48],[31,-77],[-3,-40],[-54,-42]]],"transform":{"scale":[0.00045018575339977976,0.0004179291791367081],"translate":[144.82859155425234,-37.80200769509023]},"objects":{"auspol-maps-2019-p100-alldivisions":{"type":"GeometryCollection","geometries":[{"arcs":[[0,1]],"type":"Polygon","properties":{"E_div_numb":30,"Elect_div":"Maribyrnong","Numccds":361,"Actual":110235,"Projected":113924,"Total_Popu":0,"Australian":0,"Area_SqKm":64.15,"Sortname":"Maribyrnong"}}]}}}