{"type":"Topology","arcs":[[[2919,2603],[-40,-226],[-56,-292],[-88,-477],[-6,-44],[-101,-574],[-98,-561],[-102,13],[-450,15],[-22,12],[-282,233],[-73,64],[-24,-42],[-53,-137],[-32,-49],[-72,6],[-136,-55],[-100,28],[-75,-77],[-181,-90],[-122,-94],[-19,-64],[-70,-87],[-93,-105],[-94,144],[-87,-13],[-174,-31],[-235,72],[10,10],[-7,76],[-29,71],[9,49],[-17,36],[44,59],[18,8],[72,106],[30,52],[28,64],[16,85],[55,59],[21,33],[-4,22],[93,50],[57,120],[58,29],[36,-28],[56,15],[34,25],[74,98],[60,38],[25,5],[62,32],[65,113],[25,33],[27,72],[31,114],[20,93],[21,172],[10,141],[2,99],[-4,155],[-9,105],[-15,91],[26,4],[-10,46],[68,6],[56,-33],[80,22],[39,-13],[48,12],[116,-16],[2,54],[17,94],[79,-11],[26,146],[926,-124],[303,-41],[135,-17]]],"transform":{"scale":[0.00006108648888976636,0.0000565508420467675],"translate":[145.0612453532375,-38.22489243752546]},"objects":{"auspol-maps-2019-p100-alldivisions":{"type":"GeometryCollection","geometries":[{"arcs":[[0]],"type":"Polygon","properties":{"E_div_numb":12,"Elect_div":"Dunkley","Numccds":354,"Actual":108476,"Projected":110545,"Total_Popu":0,"Australian":0,"Area_SqKm":152.84,"Sortname":"Dunkley"}}]}}}