{"type":"Topology","arcs":[[[2593,0],[0,18],[-25,53],[3,30],[-16,41],[19,20],[-5,20],[-19,9],[-37,61],[23,31],[-8,29],[-23,29],[-15,60],[-11,19],[-38,25],[-20,3],[-62,35],[-50,31],[-23,5],[-27,-13],[-1773,29],[-24,18],[-32,6],[-109,54],[-160,51],[-131,84],[3,38],[-17,30],[-16,81],[2,28],[-1,3],[-1,55],[9,17],[-6,60],[10,77],[22,67],[17,25],[16,88],[1,3],[15,85],[28,79],[83,165],[10,26],[2,6],[6,16],[2,5],[2,11],[3,9],[3,9],[6,17],[3,7],[2,7],[4,8],[38,89],[20,63],[47,70],[56,73],[22,46],[59,50],[19,13],[27,39],[27,13],[61,15],[-47,52],[-38,29],[-114,47],[-51,38],[-5,21],[15,84],[19,73],[9,72],[-23,112],[50,9],[36,72],[57,62],[102,68],[26,12],[136,26],[19,54],[29,43],[48,25],[23,18],[49,62],[18,7],[38,38],[37,-10],[180,-25],[459,-71],[263,-39],[47,-17],[50,-11],[-62,50],[-23,34],[-8,25],[-1,36],[19,107],[22,84],[12,70],[7,97],[24,158],[11,25],[23,99],[214,-19],[28,2],[92,-84],[24,-16],[136,-61],[296,-42],[1,5],[114,-16],[8,-40],[97,21],[25,-11],[22,-33],[74,-11],[23,-10],[26,-35],[266,-43],[31,2],[37,-12],[25,-20],[56,-14],[38,-24],[15,-18],[-17,-25],[-22,-13],[-38,9],[-37,23],[-56,19],[-36,0],[-8,-25],[48,-59],[-6,-25],[-44,-17],[-15,-28],[2,-24],[-36,14],[-37,-24],[-22,-40],[-5,-39],[16,-12],[36,-93],[17,-3],[42,-37],[4,-26],[-43,-31],[-4,-51],[11,-49],[36,-32],[15,-38],[-2,-43],[-17,-44],[-55,-25],[17,-27],[24,-20],[38,-10],[32,-17],[83,-67],[-12,-18],[-39,-22],[-21,-30],[-33,-26],[-18,-23],[-44,-14],[-34,4],[-20,-12],[-15,-30],[-25,-87],[-10,-81],[16,-47],[38,-37],[18,-5],[64,-32],[32,-41],[40,-29],[23,-10],[40,-40],[-1,-17],[-57,-28],[-23,-42],[30,-39],[26,-21],[29,-109],[4,-53],[-10,-19],[-51,0],[-71,22],[-39,4],[-28,12],[-53,57],[-41,28],[-53,7],[-45,27],[-37,-16],[-11,-20],[55,-65],[15,-44],[40,-32],[67,-82],[11,-39],[-9,-12],[41,-57],[2,-30],[-31,-42],[-68,-6],[-5,-20],[-83,-28],[-21,5],[-31,-14],[0,-21],[18,-24],[19,2],[31,-10],[21,-34],[-22,-27],[20,-11],[2,-23],[-40,-89],[-24,-16],[-1,-27],[13,-17],[2,-36],[-10,-7],[27,-35],[-6,-14],[9,-26],[-31,-55],[-14,-37],[-4,-52],[-34,-21],[-9,-44],[-30,-32],[16,-20],[-7,-35],[13,-18],[-5,-26],[-17,-11],[-535,-500]]],"transform":{"scale":[0.00003228002337065465,0.00002988324380275069],"translate":[151.14822662328268,-34.01674258390551]},"objects":{"auspol-maps-2019-p100-alldivisions":{"type":"GeometryCollection","geometries":[{"arcs":[[0]],"type":"Polygon","properties":{"E_div_numb":22,"Elect_div":"Kingsford Smith","Numccds":384,"Actual":0,"Projected":0,"Total_Popu":0,"Australian":0,"Area_SqKm":91.027220546961,"Sortname":"Kingsford Smith"}}]}}}