{"type":"Topology","arcs":[[[1104,335],[-62,-21],[-113,11],[-154,47],[-76,6],[-29,-5],[-22,-29],[32,-107],[8,-75],[28,-47],[-14,-35],[-76,-42],[-46,26],[-26,84],[-41,4],[-7,-61],[5,-55],[-17,-36],[-37,6],[-60,80],[-38,26],[-49,-21],[-33,-26],[-24,-24],[-31,37],[-28,57],[-75,11],[-2,56],[-53,32],[-44,52],[-3,51],[-17,29],[8,48],[102,-16],[42,249],[-14,51],[67,1],[20,-10],[291,-43],[14,-14],[66,60],[57,15],[15,19],[45,-42],[34,-16],[60,-7],[67,38],[29,-38],[-3,-59],[28,-38],[0,-71],[27,-42],[30,-16],[55,0],[27,-16],[35,-63],[-1,0],[3,-21]]],"transform":{"scale":[0.00011296223632785008,0.00010472039193049143],"translate":[152.9752640516616,-27.480361700960504]},"objects":{"auspol-maps-2019-p100-alldivisions":{"type":"GeometryCollection","geometries":[{"arcs":[[0]],"type":"Polygon","properties":{"E_div_numb":4,"Elect_div":"Brisbane","Numccds":364,"Actual":105439,"Projected":112500,"Total_Popu":0,"Australian":0,"Area_SqKm":54.785101830972,"Sortname":"BRISBANE"}}]}}}