{"type":"Topology","arcs":[[[209,86],[0,1],[-3,-8],[-3,-1],[1,0],[1,-1],[0,-1],[1,-8],[3,-2],[1,0],[3,-2],[0,-1],[-14,3]],[[199,66],[-24,-36],[4,-30],[-60,23],[-17,24],[-49,8],[-45,-11],[8,60],[19,20],[-35,58],[28,23],[51,-18],[37,26],[89,-55],[38,-39],[-34,-33]]],"transform":{"scale":[0.00045062132148811934,0.0004194791290051588],"translate":[151.04776520216794,-33.84278776493706]},"objects":{"auspol-maps-2019-p100-alldivisions":{"type":"GeometryCollection","geometries":[{"arcs":[[0,1]],"type":"Polygon","properties":{"E_div_numb":3,"Elect_div":"Bennelong","Numccds":357,"Actual":0,"Projected":0,"Total_Popu":0,"Australian":0,"Area_SqKm":60.265557340261,"Sortname":"Bennelong"}}]}}}