{"type":"Topology","arcs":[[[2602,1163],[-12,-76],[-116,18],[-50,-44],[-13,-29],[32,-12],[-11,-68],[-87,-27],[-12,-30],[100,-93],[-6,-68],[-38,-33],[4,-35],[-13,-34],[-48,10],[3,-31],[-35,-25],[-76,5],[-127,17],[-77,7],[-55,-7],[-158,-42],[-58,-9],[13,-32],[-16,-118],[-21,-10],[-208,-139],[-78,-102],[-7,-73],[-51,-83],[-176,25],[-19,7],[-167,26],[9,50],[-345,53],[2,14],[-411,65],[-6,108],[-158,27],[-21,-9],[-62,10],[67,161],[3,29],[-32,68],[-4,29],[11,94],[7,55],[-5,28],[-71,151],[-3,48],[10,31],[106,199],[11,60],[-2,61],[20,93],[23,57],[31,62],[78,61],[13,46],[-23,56],[-42,34],[-6,18],[189,-29],[55,-94],[52,-59],[54,-30],[23,-32],[122,-8],[128,10],[166,-28],[72,-33],[53,-29],[130,-20],[79,-5],[68,-11],[37,195],[42,248],[86,-13],[178,-27],[22,144],[276,-42],[40,-27],[78,12],[31,-11],[113,-11],[60,-73],[35,-27],[32,-6],[45,-52],[77,-47],[30,-49],[41,-8],[82,-48],[29,-28],[17,-34],[-33,-201],[-95,12],[-31,-193]]],"transform":{"scale":[0.000061078412533809,0.0000565267861274688],"translate":[153.0149158564973,-27.700151904725644]},"objects":{"auspol-maps-2019-p100-alldivisions":{"type":"GeometryCollection","geometries":[{"arcs":[[0]],"type":"Polygon","properties":{"E_div_numb":27,"Elect_div":"Rankin","Numccds":401,"Actual":102349,"Projected":111658,"Total_Popu":0,"Australian":0,"Area_SqKm":131.05228508218,"Sortname":"RANKIN"}}]}}}