{"type":"Topology","arcs":[[[916,282],[-25,-10],[-24,-40],[-66,-26],[-27,2],[-47,-32],[-46,8],[-61,-43],[-12,-76],[12,-35],[-54,-30],[-29,10],[-105,13],[5,21],[-69,14],[12,21],[1,1],[0,60],[10,20],[-198,44],[0,159],[-151,39],[31,101],[-30,55],[-13,88],[-30,54],[35,34],[52,-36],[30,13],[53,-18],[50,-48],[132,-99],[104,50],[21,-3],[54,38],[24,50],[1,0],[12,41],[45,28],[73,0],[36,53],[17,6],[82,-4],[64,28],[30,-41],[12,-86],[49,-34],[50,-69],[21,-6],[-7,-51],[-89,-27],[-13,-38],[-22,-199]]],"transform":{"scale":[0.00011297224686484274,0.00010475046487217743],"translate":[150.9476501375335,-33.85371046076264]},"objects":{"auspol-maps-2019-p100-alldivisions":{"type":"GeometryCollection","geometries":[{"arcs":[[0]],"type":"Polygon","properties":{"E_div_numb":35,"Elect_div":"Parramatta","Numccds":402,"Actual":0,"Projected":0,"Total_Popu":0,"Australian":0,"Area_SqKm":56.770103353206,"Sortname":"Parramatta"}}]}}}