{"type":"Topology","arcs":[[[1402,185],[-62,-26],[-69,-10],[-25,98],[-49,7],[-22,-33],[-129,19],[-74,-16],[-26,-31],[-49,-10],[-22,-37],[-72,-35],[-62,-55],[6,62],[-24,35],[-29,-38],[-82,-23],[-14,-36],[-64,9],[-39,-32],[-41,4],[-77,-37],[-8,34],[47,68],[-28,56],[-63,44],[13,16],[-99,55],[-18,-15],[-157,0],[-14,-34],[-50,10],[45,45],[12,53],[122,138],[24,76],[64,27],[74,43],[112,33],[51,3],[84,35],[28,30],[54,-2],[0,49],[88,11],[10,28],[35,5],[28,58],[56,30],[13,24],[247,-43],[-124,-248],[62,-31],[66,-15],[27,26],[86,-1],[68,-32],[48,31],[54,-36],[-20,-57],[46,-4],[24,-21],[-44,-61],[-16,-54],[-4,-57],[34,-80],[-42,2],[-20,-21],[10,-33]]],"transform":{"scale":[0.0004508476290479211,0.0004194546152645613],"translate":[150.22857390000354,-34.70553454903741]},"objects":{"auspol-maps-2019-p100-alldivisions":{"type":"GeometryCollection","geometries":[{"arcs":[[0]],"type":"Polygon","properties":{"E_div_numb":47,"Elect_div":"Whitlam","Numccds":390,"Actual":0,"Projected":0,"Total_Popu":0,"Australian":0,"Area_SqKm":1330.83873751,"Sortname":"Whitlam"}}]}}}