{"type":"Topology","arcs":[[[4193,2384],[-55,-84],[-33,-17],[-48,-2],[-42,9],[-116,68],[-42,21],[-33,1],[-39,-31],[-26,-106],[-13,-91],[-15,-58],[-11,-18],[-36,-32],[-28,-16],[-66,-17],[-114,-12],[-116,-7],[-76,-1],[-143,-10],[-125,-19],[-104,-39],[-73,-57],[-22,-34],[-17,-40],[-8,-49],[10,-29],[58,-60],[66,-44],[50,-51],[55,-40],[26,-27],[1,-51],[-25,-52],[-86,-55],[-108,-30],[-202,-26],[-88,13],[-74,34],[-42,47],[-18,47],[20,140],[-20,69],[-38,61],[-55,41],[-64,37],[-71,6],[-70,-21],[-55,-50],[-32,-68],[-20,-73],[5,-119],[37,-123],[36,-99],[34,-71],[29,-110],[20,-42],[7,-47],[-10,-32],[-98,-87],[-123,-61],[-124,-40],[-41,-5],[-106,15],[-119,21],[-113,23],[-77,23],[-81,36],[-143,68],[-52,17],[-191,4],[-36,-5],[-37,-14],[-45,-34],[-39,-84],[-25,-75],[-57,-115],[0,-299],[3,-110],[12,-119],[-53,-77],[-336,613],[-26,69],[-57,-25],[-51,-36],[-148,-36],[-4,58],[-1,187],[3,31],[22,61],[28,34],[398,370],[46,50],[145,132],[-5,1],[144,132],[24,24],[-83,64],[-54,58],[-38,59],[-42,90],[-43,68],[-33,42],[-67,67],[-135,130],[-88,99],[-19,43],[-31,93],[-11,62],[-4,36],[75,-2],[166,1],[467,4],[44,11],[-15,39],[115,110],[39,34],[38,-32],[95,-93],[54,50],[67,-48],[0,-6],[218,0],[20,77],[6,78],[145,-1],[152,-138],[265,300],[57,63],[102,93],[166,98],[31,11],[-246,225],[-309,285],[-5,2],[2,201],[-3,57],[-56,0],[3,47],[18,85],[142,-15],[88,-8],[128,8],[208,25],[126,9],[78,9],[72,16],[227,38],[60,-10],[42,-34],[22,-50],[18,-123],[22,3],[151,-1],[207,1],[16,9],[24,-9],[76,0],[0,-177],[3,-29],[-11,-11],[11,-32],[-2,-111],[0,-166],[16,10],[21,-31],[60,18],[241,0],[94,4],[92,-6],[173,0],[260,-1],[-2,-37],[-31,-50],[7,-18],[-22,-29],[-44,-31],[-32,-37],[-62,-56],[-14,-28],[2,-31],[16,-28],[43,-23],[41,-46],[31,-43],[20,-44],[8,-56],[-34,-93],[-1,-49],[10,-83],[-12,-21],[-39,-36],[-146,-122],[-34,-46],[-45,-72]]],"transform":{"scale":[0.00003228214981531342,0.000029881043287546044],"translate":[115.81799255928536,-31.99116817716405]},"objects":{"auspol-maps-2019-p100-alldivisions":{"type":"GeometryCollection","geometries":[{"arcs":[[0]],"type":"Polygon","properties":{"E_div_numb":13,"Elect_div":"Perth","Numccds":330,"Actual":94518,"Projected":100895,"Total_Popu":0,"Australian":0,"Area_SqKm":80.395633534249,"Sortname":"Perth"}}]}}}