{"type":"Topology","arcs":[[[2624,603],[-60,-28],[-10,-20],[-82,-49],[-43,-56],[-44,-42],[-49,-31],[-18,-29],[-59,-48],[-68,-16],[-29,10],[-86,-75],[-174,-127],[-65,-64],[-104,-5],[-148,19],[-182,-22],[-30,-13],[-67,-7],[-128,28],[-46,36],[13,33],[-60,77],[-53,16],[-53,-2],[-33,50],[-4,35],[-47,34],[-31,10],[-48,-12],[-41,12],[-46,-26],[-22,6],[-17,-67],[-39,-6],[-63,32],[-40,36],[-42,-17],[-52,18],[-1,79],[-12,30],[-47,18],[-2,31],[-75,70],[-28,76],[12,33],[-31,19],[21,34],[-11,49],[29,2],[18,59],[-34,-9],[11,71],[-2,41],[57,14],[-5,64],[-27,29],[-13,41],[4,60],[-75,20],[-33,41],[-43,70],[-41,10],[-46,67],[-52,-6],[-28,33],[44,259],[158,-20],[96,555],[486,-60],[142,-95],[167,-16],[89,-50],[42,28],[-37,18],[58,44],[35,15],[142,-15],[887,-108],[35,-8],[533,-49],[-31,-255],[-41,-50],[-128,-96],[-135,12],[-6,-50],[10,-48],[46,-99],[-159,-45],[3,-33],[-22,-139],[326,-39],[-37,-219],[-54,-8],[-25,-165]]],"transform":{"scale":[0.0001129861184929974,0.00010478642999605476],"translate":[144.44407181175245,-38.0044867636146]},"objects":{"auspol-maps-2019-p100-alldivisions":{"type":"GeometryCollection","geometries":[{"arcs":[[0]],"type":"Polygon","properties":{"E_div_numb":27,"Elect_div":"Lalor","Numccds":284,"Actual":100171,"Projected":107655,"Total_Popu":0,"Australian":0,"Area_SqKm":493.6,"Sortname":"Lalor"}}]}}}