{"type":"Topology","arcs":[[[284,17],[-31,30],[4,39],[-27,51],[-85,4],[-32,44],[-57,36],[-2,-52],[-43,25],[-11,24],[24,91],[71,134],[53,58],[66,-27],[28,-1],[3,-159],[-33,0],[0,-56],[61,-24],[50,-42],[61,-68],[-18,-61],[-26,-16],[-9,-47],[-47,17]]],"transform":{"scale":[0.00045105307835561587,0.0004193260771477275],"translate":[130.82761704983687,-12.54120458334129]},"objects":{"auspol-maps-2019-p100-alldivisions":{"type":"GeometryCollection","geometries":[{"arcs":[[0]],"type":"Polygon","properties":{"E_div_numb":2,"Elect_div":"Solomon","Numccds":223,"Actual":0,"Projected":0,"Total_Popu":0,"Australian":0,"Area_SqKm":190.61,"Sortname":"Solomon"}}]}}}