{"type":"Topology","arcs":[[[2604,393],[-189,-142],[-41,-8],[-27,-35],[-123,18],[-199,-103],[-35,-37],[-2,-73],[-94,10],[-93,-1],[-75,-20],[-57,-2],[-36,17],[-27,27],[-29,63],[-49,15],[-43,40],[-47,-8],[-67,-85],[-40,-18],[-152,13],[-47,9],[-59,-5],[-25,7],[-13,45],[-32,40],[-4,26],[20,29],[89,18],[7,17],[-26,25],[-40,64],[-36,2],[-40,-17],[-69,-9],[-50,24],[-32,0],[-25,-18],[-60,-76],[-58,-29],[-66,23],[-36,-4],[-27,57],[-27,-15],[-21,-32],[-36,-16],[-50,21],[-32,46],[7,23],[59,47],[-12,19],[-57,43],[-69,92],[-26,15],[-72,-4],[-42,16],[-14,49],[13,55],[29,45],[-13,28],[-64,34],[-71,16],[-52,91],[106,27],[194,31],[143,1],[53,18],[69,39],[45,12],[37,-1],[118,-20],[56,-4],[175,19],[68,-7],[374,-52],[120,-6],[138,1],[45,7],[30,-70],[255,-322],[42,3],[52,-15],[56,-31],[36,-11],[79,-1],[85,-23],[142,28],[42,-57],[44,-38]]],"transform":{"scale":[0.00006106883593320618,0.00005650522648598228],"translate":[150.97066393192154,-33.99582495301881]},"objects":{"auspol-maps-2019-p100-alldivisions":{"type":"GeometryCollection","geometries":[{"arcs":[[0]],"type":"Polygon","properties":{"E_div_numb":1,"Elect_div":"Banks","Numccds":370,"Actual":0,"Projected":0,"Total_Popu":0,"Australian":0,"Area_SqKm":53.007212355657,"Sortname":"Banks"}}]}}}