{"type":"Topology","arcs":[[[1579,1405],[-100,-537],[-111,-637],[-55,8],[-243,8],[-204,166],[-59,-123],[-39,4],[-74,-30],[-54,15],[-41,-41],[-96,-49],[-67,-51],[-10,-35],[-88,-103],[-51,78],[-141,-24],[-127,39],[2,46],[-21,85],[73,93],[30,62],[10,47],[29,31],[10,29],[50,28],[31,65],[51,0],[48,22],[41,52],[79,42],[49,78],[15,39],[26,112],[12,93],[6,129],[-1,83],[-14,106],[10,27],[36,4],[30,-19],[44,12],[109,-9],[10,80],[43,-6],[14,79],[738,-98]]],"transform":{"scale":[0.00011297477432997437,0.00010480372779350564],"translate":[145.06119498984376,-38.22491538593241]},"objects":{"auspol-maps-2019-p100-alldivisions":{"type":"GeometryCollection","geometries":[{"arcs":[[0]],"type":"Polygon","properties":{"E_div_numb":12,"Elect_div":"Dunkley","Numccds":354,"Actual":108476,"Projected":110545,"Total_Popu":0,"Australian":0,"Area_SqKm":152.84,"Sortname":"Dunkley"}}]}}}