{"type":"Topology","arcs":[[[1523,724],[-18,-81],[-32,-28],[-10,-37],[36,-56],[-55,-291],[-40,-231],[-48,59],[12,60],[-76,60],[-44,-4],[7,35],[-221,26],[-27,-2],[-86,20],[25,128],[-235,30],[-58,19],[-48,65],[-58,30],[-122,92],[2,-75],[-12,-56],[-90,-23],[-325,40],[9,69],[40,215],[48,274],[7,-7],[317,-42],[236,-25],[58,-86],[27,-25],[3,-2],[41,89],[89,-5],[317,-42],[24,-58],[42,-33],[17,-55],[38,-10],[69,-18],[141,-19]]],"transform":{"scale":[0.00011297829393907892,0.00010471575161181072],"translate":[145.14497803242492,-38.04364315549613]},"objects":{"auspol-maps-2019-p100-alldivisions":{"type":"GeometryCollection","geometries":[{"arcs":[[0]],"type":"Polygon","properties":{"E_div_numb":4,"Elect_div":"Bruce","Numccds":424,"Actual":109420,"Projected":111485,"Total_Popu":0,"Australian":0,"Area_SqKm":95.9,"Sortname":"Bruce"}}]}}}