{"type":"Topology","arcs":[[[517,197],[-48,-44],[-17,-51],[6,-39],[-14,-42],[-39,8],[-54,-13],[-156,-9],[-157,-7],[4,58],[-42,38],[7,56],[55,-5],[71,49],[88,-58],[73,87],[90,0],[24,44],[55,-19],[54,-53]]],"transform":{"scale":[0.000450243076519067,0.0004190599349281151],"translate":[138.54743621890944,-34.84964592722789]},"objects":{"auspol-maps-2019-p100-alldivisions":{"type":"GeometryCollection","geometries":[{"arcs":[[0]],"type":"Polygon","properties":{"E_div_numb":7,"Elect_div":"Makin","Numccds":398,"Actual":119451,"Projected":122135,"Total_Popu":0,"Australian":0,"Area_SqKm":162.4,"Sortname":"Makin"}}]}}}