{"type":"Topology","arcs":[[[317,5962],[39,10],[64,-17],[63,36],[11,41],[31,27],[57,13],[60,-1],[29,29],[218,71],[29,519],[-112,51],[-48,37],[-43,5],[0,116],[-87,65],[37,65],[-33,122],[5,64],[13,48],[-13,27],[22,60],[-47,66],[33,49],[-133,80],[12,29],[64,46],[-17,70],[79,26],[14,14],[-86,44],[-37,42],[-133,62],[-3,49],[-39,63],[-47,18],[-62,-5],[-27,53],[-25,17],[-103,30],[58,52],[-34,71],[53,44],[-9,69],[-139,0],[-23,9],[12,106],[-20,163],[11,38],[14,131],[65,79],[4,55],[-15,48],[127,-6],[3,82],[-23,60],[25,22],[-2,91],[59,13],[84,1],[14,-24],[125,10],[28,-141],[44,-8],[16,27],[96,0],[1,-54],[-33,-93],[207,-21],[-50,-35],[113,-13],[15,20],[64,15],[53,25],[109,34],[0,-56],[191,0],[1,263],[15,80],[-3,118],[-1,770],[761,5],[1,-177],[348,-1],[1,-162],[795,-4],[1,-144],[352,2],[-3,1655],[1393,-2],[0,-42],[1,-609],[0,-491],[1,-552],[-38,-13],[-12,66],[-27,9],[-15,-238],[6,-817],[1,-475],[2,-483],[1,-400],[0,-547],[0,-361],[-7,-857],[3,-590],[4,-428],[3,-473],[2,-423],[2,-575],[6,-654],[-1,-385],[4,-309],[2,-248],[-7,-785],[-5,-201],[-6,-429],[-107,8],[-35,10],[-62,-7],[-83,24],[-63,-18],[-41,8],[-49,-27],[-112,12],[-122,-20],[-44,45],[-78,32],[-79,15],[-9,31],[-33,6],[-97,53],[-39,55],[-48,23],[-33,35],[-75,14],[-96,77],[-40,93],[-71,115],[-20,55],[-82,140],[-74,103],[-140,152],[-158,111],[38,37],[-4,43],[-49,55],[-68,40],[-37,43],[-60,23],[-27,-6],[-20,-37],[-95,91],[-49,61],[-37,27],[-43,68],[-46,34],[-53,93],[-75,74],[-79,110],[-29,65],[-56,87],[-38,36],[10,42],[70,-8],[26,18],[16,48],[-9,62],[-55,76],[-49,12],[-12,68],[7,53],[-45,55],[-63,46],[-51,54],[11,39],[46,5],[114,73],[70,25],[88,74],[39,46],[31,60],[24,126],[5,127],[-5,73],[-34,138],[-54,172],[-76,210],[-66,139],[-107,234],[-120,216],[-143,222],[-92,129],[-144,179],[-157,172],[-184,183],[-137,125],[-126,104],[-242,178],[-157,106],[-179,105],[-135,67],[-7,10]]],"transform":{"scale":[0.00045105594329430135,0.00041950104024476175],"translate":[138.7440559051372,-38.06012718580474]},"objects":{"auspol-maps-2019-p100-alldivisions":{"type":"GeometryCollection","geometries":[{"arcs":[[0]],"type":"Polygon","properties":{"E_div_numb":2,"Elect_div":"Barker","Numccds":469,"Actual":117394,"Projected":120468,"Total_Popu":0,"Australian":0,"Area_SqKm":65206.36,"Sortname":"Barker"}}]}}}