{"type":"Topology","arcs":[[[177,6],[-64,-3],[-28,33],[-67,-36],[-6,150],[-12,129],[40,2],[157,7],[4,-54],[-24,-24],[-30,-72],[24,-45],[6,-87]]],"transform":{"scale":[0.000448844723768901,0.0004181009120341164],"translate":[138.54674753349357,-34.967176762329906]},"objects":{"auspol-maps-2019-p100-alldivisions":{"type":"GeometryCollection","geometries":[{"arcs":[[0]],"type":"Polygon","properties":{"E_div_numb":1,"Elect_div":"Adelaide","Numccds":401,"Actual":119793,"Projected":124114,"Total_Popu":0,"Australian":0,"Area_SqKm":86.38,"Sortname":"Adelaide"}}]}}}