{"type":"Topology","arcs":[[[1211,344],[14,-22],[63,10],[-74,-87],[-136,-2],[-44,25],[-14,25],[-99,11],[-26,-9],[-90,22],[-33,-11],[49,-40],[48,-58],[1,-17],[-89,9],[5,-34],[58,-21],[-1,-33],[45,-14],[-31,-32],[39,-45],[-27,-21],[-49,13],[-25,50],[-56,19],[-61,-32],[-19,6],[22,73],[-41,-28],[-22,32],[-33,-9],[-12,24],[-39,-5],[-83,5],[30,187],[-58,37],[-6,45],[-26,7],[-23,77],[-31,17],[-39,55],[1,72],[18,13],[-28,41],[-36,17],[24,28],[-47,69],[-16,65],[41,34],[-20,39],[13,20],[-17,46],[20,24],[-43,37],[13,46],[-26,22],[-42,92],[-45,-21],[-32,-2],[-74,50],[24,33],[-26,28],[44,44],[-16,33],[17,45],[46,5],[16,24],[51,14],[42,-1],[-5,48],[43,18],[-2,23],[-36,7],[7,44],[-28,20],[26,42],[34,14],[-37,45],[53,13],[12,18],[-51,54],[16,41],[-29,7],[4,45],[-24,11],[-24,-18],[-38,36],[-49,4],[24,31],[168,-17],[475,-51],[188,-26],[294,-35],[36,-21],[29,14],[219,-23],[-12,-44],[-100,-105],[217,-19],[82,23],[87,-11],[8,-40],[-15,-90],[-85,10],[-24,-18],[-52,-64],[47,-82],[-98,11],[-12,-98],[-363,44],[31,-47],[-37,-7],[31,-29],[-49,-56],[-49,2],[-6,-27],[-30,-21],[18,-65],[33,-47],[-22,-13],[39,-32],[-6,-19],[-45,-24],[-23,-27],[3,-38],[-19,-37],[26,-29],[-53,-28],[16,-35],[-32,-42],[1,-31],[41,-13],[17,-44],[11,-58],[72,3],[2,-37],[-44,0],[22,-39],[-12,-67],[44,-19],[-7,-34],[16,-31],[37,-16]]],"transform":{"scale":[0.00006108591648821181,0.00005652866214874418],"translate":[144.9662374716028,-37.80365515965115]},"objects":{"auspol-maps-2019-p100-alldivisions":{"type":"GeometryCollection","geometries":[{"arcs":[[0]],"type":"Polygon","properties":{"E_div_numb":8,"Elect_div":"Cooper","Numccds":347,"Actual":109048,"Projected":112299,"Total_Popu":0,"Australian":0,"Area_SqKm":60.6,"Sortname":"Cooper"}}]}}}