{"type":"Topology","arcs":[[[3333,3133],[-28,-20],[-23,-43],[-34,0],[-48,-56],[-52,-13],[-51,-55],[-8,-28],[-48,-12],[-73,-68],[-32,-8],[-14,-24],[-60,-62],[-17,-55],[-59,-21],[-36,-50],[-62,-16],[-48,-45],[-17,-40],[-53,-48],[-26,-37],[12,-31],[-14,-31],[-36,-24],[9,-31],[-51,-43],[-1,-44],[-37,-16],[-66,-91],[-32,-63],[-27,-15],[-27,-60],[-35,-31],[-8,-60],[-30,-13],[-51,-83],[-25,-20],[-37,-64],[-10,-59],[33,-34],[-26,-39],[16,-44],[-24,-21],[-39,-109],[-4,-49],[15,-50],[33,-19],[46,-46],[-33,-36],[-56,-42],[-46,-72],[-29,-23],[-40,-58],[-39,-98],[-5,-90],[9,-40],[34,-4],[8,-37],[-43,-79],[-25,-119],[9,-154],[10,-28],[42,-3],[59,-20],[-5,-92],[18,-21],[-9,-52],[32,-82],[-17,-22],[-59,3],[-51,-31],[-49,-42],[-14,15],[-79,12],[-7,59],[-65,-12],[-67,5],[-51,23],[-4,39],[18,13],[10,53],[42,-5],[17,128],[-50,9],[-41,57],[-77,54],[-48,26],[-87,-87],[-40,-21],[-66,-15],[-46,21],[-79,-3],[-96,68],[-11,23],[-39,19],[-29,47],[-26,24],[-46,-21],[-20,-29],[-136,-23],[-26,11],[-57,-6],[-43,-44],[-36,-13],[-33,-50],[-40,15],[-71,-10],[-60,36],[-15,-4],[-77,24],[-7,50],[-44,-2],[-23,24],[-45,12],[-22,19],[-107,21],[496,996],[46,339],[362,-50],[9,36],[212,-29],[-21,56],[13,43],[-40,59],[-41,86],[-14,91],[78,19],[28,-5],[91,-49],[87,4],[66,-25],[60,-13],[13,-14],[208,194],[39,11],[16,66],[33,84],[24,17],[26,46],[40,17],[6,28],[-45,13],[-5,26],[18,61],[-33,72],[-42,13],[-42,35],[-13,53],[-39,29],[-86,2],[-6,63],[-48,-6],[-11,106],[18,11],[27,-17],[72,6],[29,-51],[101,3],[124,-20],[-4,22],[45,22],[12,120],[14,72],[64,54],[22,57],[-13,25],[32,36],[7,54],[-14,31],[40,38],[2,38],[506,-81],[100,-72],[199,-81],[46,-13],[-27,-34],[-15,-41],[17,-26],[341,-48],[5,36],[51,-8],[-4,-27],[51,-9]]],"transform":{"scale":[0.00011295769409299301,0.00010480456904319589],"translate":[150.68965836447032,-34.50068536215531]},"objects":{"auspol-maps-2019-p100-alldivisions":{"type":"GeometryCollection","geometries":[{"arcs":[[0]],"type":"Polygon","properties":{"E_div_numb":11,"Elect_div":"Cunningham","Numccds":375,"Actual":0,"Projected":0,"Total_Popu":0,"Australian":0,"Area_SqKm":518.77552559698,"Sortname":"Cunningham"}}]}}}