{"type":"Topology","arcs":[[[1239,1529],[-159,-78],[15,-29],[-2,-40],[56,-87],[-11,-29],[37,-55],[12,-84],[-20,-25],[1,-92],[-28,-56],[-30,-30],[20,-36],[3,-64],[-7,-48],[13,-48],[-9,-36],[-21,-24],[5,-46],[46,-113],[2,-30],[-10,-78],[-25,-28],[-18,10],[-8,38],[-40,3],[-41,-10],[-52,-44],[7,-56],[26,-21],[-5,-18],[-61,-3],[-29,-21],[-3,-28],[-29,-27],[29,-53],[-5,-56],[29,-59],[-4,-18],[-35,-10],[-44,15],[-43,17],[-177,29],[-14,18],[-51,12],[-24,22],[-52,-10],[-4,20],[-60,6],[-157,23],[-72,32],[-62,53],[-128,8],[52,281],[-20,77],[36,-16],[36,3],[56,42],[50,0],[26,38],[-81,16],[20,134],[30,6],[21,28],[-8,40],[9,55],[32,34],[-68,84],[392,-50],[177,190],[115,134],[119,173],[89,99],[60,-20],[96,-64]]],"transform":{"scale":[0.00006106533777880341,0.00005654854084941719],"translate":[151.21502109826292,-33.91478376543827]},"objects":{"auspol-maps-2019-p100-alldivisions":{"type":"GeometryCollection","geometries":[{"arcs":[[0]],"type":"Polygon","properties":{"E_div_numb":45,"Elect_div":"Wentworth","Numccds":350,"Actual":0,"Projected":0,"Total_Popu":0,"Australian":0,"Area_SqKm":37.652062892144,"Sortname":"Wentworth"}}]}}}