{"type":"Topology","arcs":[[[1024,29],[-66,30],[-14,20],[14,63],[-26,16],[-42,3],[-108,-42],[-98,-61],[-36,1],[-32,30],[-5,36],[-31,58],[-69,44],[-9,-6],[-279,-16],[-29,416],[-18,226],[-129,100],[-47,232],[24,18],[16,64],[-20,93],[36,-23],[38,2],[-4,93],[34,0],[19,35],[24,8],[49,-13],[29,37],[1,23],[81,31],[39,24],[-143,141],[191,158],[-18,19],[-27,398],[908,54],[238,14],[69,42],[175,19],[79,-12],[5,34],[34,21],[38,-5],[27,-59],[-3,-41],[42,6],[75,45],[48,-15],[58,-5],[35,11],[10,-20],[-20,-51],[-4,-42],[-21,-44],[36,-32],[10,-75],[13,-20],[49,-23],[16,-21],[3,-37],[63,-75],[-32,-56],[-26,-5],[-18,53],[-51,12],[-62,38],[42,10],[-19,26],[-65,-17],[-20,41],[-40,-16],[-23,23],[-81,11],[-30,47],[-15,-50],[-45,-18],[-68,14],[18,-91],[-80,-103],[14,-67],[-116,-7],[9,-128],[-103,-5],[15,-216],[79,-3],[-87,-69],[-30,-50],[-61,-34],[-27,42],[-53,38],[-75,35],[-26,19],[8,-144],[65,4],[9,-127],[-30,-2],[-29,22],[-38,-53],[-79,1],[115,-43],[46,-51],[11,-28],[38,-37],[-6,-55],[5,-42],[52,-27],[-56,-65],[-66,47],[-38,-1],[-37,-25],[-70,-3],[9,-127],[-160,-12],[-58,-59],[2,-107],[7,-53],[42,-11],[-16,-21],[42,-52],[1,-60],[32,-27],[-20,-20],[140,-225],[-12,-27],[-51,0],[-69,13],[-41,16]]],"transform":{"scale":[0.00006108685420462773,0.000056539411911989566],"translate":[138.6128317150722,-34.97616903252315]},"objects":{"auspol-maps-2019-p100-alldivisions":{"type":"GeometryCollection","geometries":[{"arcs":[[0]],"type":"Polygon","properties":{"E_div_numb":10,"Elect_div":"Sturt","Numccds":405,"Actual":123255,"Projected":125191,"Total_Popu":0,"Australian":0,"Area_SqKm":97.75,"Sortname":"Sturt"}}]}}}