{"type":"Topology","arcs":[[[95,54],[-8,-54],[-72,7],[6,16],[0,1],[-21,45],[11,39],[45,51],[-3,17],[68,-11],[10,-12],[-36,-99]],[[17589,5625],[-73,-79],[-12,14],[18,49],[4,65],[-42,55],[32,6],[27,-61],[46,-49]]],"transform":{"scale":[0.00045103824253731804,0.00041947676953091155],"translate":[151.1720729197305,-33.92349013672373]},"objects":{"auspol-maps-2019-p100-alldivisions":{"type":"GeometryCollection","geometries":[{"arcs":[[[0]],[[1]]],"type":"MultiPolygon","properties":{"E_div_numb":42,"Elect_div":"Sydney","Numccds":391,"Actual":0,"Projected":0,"Total_Popu":0,"Australian":0,"Area_SqKm":43.987546041943,"Sortname":"Sydney"}}]}}}