{"type":"Topology","arcs":[[[4924,2200],[-23,-142],[-218,33],[-41,-41],[-30,-17],[-25,-25],[-22,-56],[59,-21],[-21,-130],[-30,-11],[-90,-22],[-43,-17],[-15,-23],[-9,-35],[190,-175],[1,-28],[-14,-101],[-34,-15],[-15,-28],[-21,-19],[-1,-21],[12,-17],[-4,-29],[-25,-64],[-15,-19],[-18,13],[-6,27],[-19,19],[-25,-8],[-7,-14],[4,-56],[18,-18],[22,-1],[52,13],[16,-19],[-4,-19],[-42,5],[-127,-10],[-62,0],[-82,9],[-239,34],[-63,7],[-84,5],[-59,-3],[-45,-9],[-299,-80],[-109,-17],[23,-61],[-21,-128],[-9,-95],[-39,-18],[-203,-134],[-53,-29],[-40,-39],[-97,-61],[-148,-194],[-18,-79],[9,-27],[-5,-32],[-28,-57],[-67,-101],[-333,49],[-38,14],[-315,47],[16,95],[-397,63],[-7,-2],[-248,40],[3,25],[-755,122],[-22,1],[-12,126],[8,1],[-7,78],[-298,51],[-11,12],[-30,-30],[-116,19],[12,19],[113,286],[5,57],[-17,52],[-43,75],[-8,54],[23,178],[12,104],[-10,54],[-112,228],[-22,57],[-7,60],[2,30],[19,59],[100,191],[101,187],[11,29],[8,85],[-5,78],[1,36],[39,175],[16,50],[28,60],[38,80],[21,36],[25,26],[91,58],[30,32],[23,55],[4,32],[-14,59],[-32,46],[-58,43],[-21,23],[-10,32],[356,-54],[28,-46],[62,-110],[15,-23],[97,-109],[103,-59],[28,-31],[17,-28],[99,-9],[130,-8],[241,21],[41,-5],[198,-34],[76,-15],[53,-21],[85,-41],[64,-43],[36,-13],[246,-38],[75,-2],[74,-6],[129,-21],[69,370],[36,220],[44,248],[163,-25],[283,-43],[54,-7],[41,272],[208,-31],[315,-49],[44,-36],[33,-15],[145,23],[58,-22],[100,-2],[116,-19],[50,-69],[63,-68],[66,-50],[61,-12],[87,-97],[64,-37],[80,-53],[38,-45],[17,-47],[36,-12],[42,-6],[32,-8],[125,-82],[55,-52],[31,-65],[-64,-381],[-177,27],[-1,-3],[-60,-366]]],"transform":{"scale":[0.00003227667759708773,0.000029880858478590162],"translate":[153.01487120556183,-27.7001733105673]},"objects":{"auspol-maps-2019-p100-alldivisions":{"type":"GeometryCollection","geometries":[{"arcs":[[0]],"type":"Polygon","properties":{"E_div_numb":27,"Elect_div":"Rankin","Numccds":401,"Actual":102349,"Projected":111658,"Total_Popu":0,"Australian":0,"Area_SqKm":131.05228508218,"Sortname":"RANKIN"}}]}}}