{"type":"Topology","arcs":[[[2215,0],[-35,32],[-61,32],[-42,-13],[-53,-1],[-62,-27],[-58,-2],[-30,17],[-53,4],[-60,-11],[-33,13],[2,2]],[[1730,46],[-1,-1],[1,1]],[[1730,46],[-30,18],[-49,-3],[-58,40],[-14,-11],[-67,11],[-63,37],[-161,24],[35,41],[-4,37],[-41,45],[-1,38],[69,65],[26,51],[38,12],[64,-11],[53,23],[27,33],[16,58],[-92,16],[-322,49],[-45,-22],[-90,23],[-22,-4],[-86,23],[-21,18],[-6,42],[-32,45],[-43,12],[19,103],[62,-9],[21,113],[-35,5],[14,76],[-34,-22],[-144,22],[12,67],[-154,22],[24,133],[-144,22],[10,51],[-39,21],[-96,14],[25,134],[-59,10],[9,50],[-65,9],[25,135],[-107,15],[0,148],[47,63],[12,69],[-91,14],[-80,59],[-43,97],[3,53],[33,87],[48,63],[-1,40],[-19,34],[-39,35],[-9,30],[19,39],[-1,49],[30,2],[18,39],[-39,44],[-15,79],[20,43],[38,13],[53,38],[32,-15],[3,67],[19,30],[99,68],[0,47],[79,7],[32,45],[35,28],[49,-10],[51,8],[18,20],[-17,40],[31,40],[-11,52],[16,35],[-17,58],[18,13],[25,92],[-4,49],[44,14],[53,3],[34,-16],[67,31],[58,2],[37,32],[16,59],[39,14],[26,-32],[52,-8],[38,-46],[36,-22],[27,-47],[45,-20],[12,-64],[54,-41],[60,-18],[74,-40],[31,-36],[-8,-66],[34,-7],[24,-30],[79,-6],[61,-50],[2,-45],[27,-40],[-16,-42],[15,-22],[-17,-36],[7,-73],[24,-23],[-5,-101],[38,-33],[9,-66],[35,-18],[5,-63],[41,-63],[-41,-44],[43,-3],[24,-54],[-17,-94],[110,-17],[12,-18],[-13,-45],[62,-10],[5,29],[130,-20],[-15,-48],[35,-6],[31,44],[51,19],[-12,-74],[104,-18],[54,30],[28,56],[38,6],[54,36],[66,-4],[51,7],[23,22],[110,-53],[81,-18],[61,-7],[32,-43],[-22,-37],[-34,-23],[-18,-60],[-48,-39],[39,-43],[131,-227],[88,-14],[101,53],[117,-54],[22,-11],[-19,-64],[6,-41],[-17,-43],[17,-86],[34,-42],[-4,-18],[84,-13],[25,-20],[-45,-35],[-27,-9],[-7,-32],[-44,-14],[-21,-21],[-2,-34],[-44,1],[-67,-30],[-115,-67],[-84,-60],[-49,-42],[-60,-64],[-70,-90],[-39,-98],[1,-42],[14,-39],[-41,-63],[11,-31],[-32,-36],[-31,-13],[-44,-41],[-29,-71],[23,-27],[-43,-17],[28,-66],[-18,-75],[-58,-47],[-18,-39],[-67,-22],[-52,-52],[-5,-34],[-27,-11],[-43,-38],[-44,-52]]],"transform":{"scale":[0.00011296777525359841,0.00010478582193792367],"translate":[151.19932068359884,-33.42935057920401]},"objects":{"auspol-maps-2019-p100-alldivisions":{"type":"GeometryCollection","geometries":[{"arcs":[[0,1,2]],"type":"Polygon","properties":{"E_div_numb":12,"Elect_div":"Dobell","Numccds":382,"Actual":0,"Projected":0,"Total_Popu":0,"Australian":0,"Area_SqKm":787.16957975242,"Sortname":"Dobell"}}]}}}