{"type":"Topology","arcs":[[[2119,728],[-40,-42],[-33,-64],[9,-36],[-18,-23],[-1,-101],[-13,-12],[14,-74],[-64,2],[-28,-179],[-25,-139],[-38,5],[-12,-65],[-50,44],[-11,85],[-38,-12],[-83,10],[-16,-77],[-51,-7],[-59,23],[-20,40],[-163,22],[-9,8],[-206,23],[-7,-13],[-138,17],[-23,-73],[-134,8],[-22,-11],[-89,9],[-46,34],[-47,94],[-17,126],[-42,33],[-81,91],[-5,111],[-124,49],[-42,9],[-104,66],[-7,21],[-60,-11],[-39,-23],[13,81],[-95,21],[-43,-13],[-12,34],[28,47],[25,152],[90,478],[108,15],[29,40],[58,-42],[29,7],[120,-16],[89,3],[15,90],[18,23],[132,-15],[32,-13],[20,-53],[87,-37],[12,-47],[78,-18],[50,64],[15,61],[-7,19],[23,131],[106,-13],[-2,-14],[153,-17],[-12,-70],[220,-30],[17,107],[183,-23],[-25,-16],[-4,-68],[-38,-43],[-14,-46],[-28,-30],[-9,-45],[-24,-38],[66,-40],[122,-54],[-6,-62],[59,-5],[-12,-88],[-70,9],[-6,-108],[118,-29],[39,1],[49,46],[-29,-157],[23,-24],[-23,-94],[215,-29]]],"transform":{"scale":[0.00045094432020034063,0.0004194342349884333],"translate":[143.60066545777556,-37.864135711465686]},"objects":{"auspol-maps-2019-p100-alldivisions":{"type":"GeometryCollection","geometries":[{"arcs":[[0]],"type":"Polygon","properties":{"E_div_numb":2,"Elect_div":"Ballarat","Numccds":343,"Actual":110216,"Projected":113083,"Total_Popu":0,"Australian":0,"Area_SqKm":4322.38,"Sortname":"Ballarat"}}]}}}