{"type":"Topology","arcs":[[[3692,1808],[-5,-34],[3,-32],[-39,-232],[-65,-389],[-43,-241],[-23,-121],[-402,49],[-55,-335],[-79,-473],[-126,14],[-373,49],[-339,39],[-452,55],[-144,19],[-134,-10],[-16,-94],[-33,8],[-35,23],[-62,56],[4,56],[-10,121],[-33,48],[-55,11],[-64,30],[-98,12],[-45,-20],[-72,3],[-24,18],[-33,40],[-61,55],[29,11],[52,46],[38,44],[2,16],[-48,34],[-113,64],[-33,79],[-23,16],[-36,-8],[-56,-26],[-32,14],[-23,21],[-15,28],[-12,95],[-19,64],[-21,103],[2,54],[15,38],[26,97],[-5,11],[-62,-3],[-127,5],[-14,29],[-4,54],[-13,13],[-38,13],[-96,-3],[-106,3],[-25,21],[-19,31],[0,21],[30,26],[39,0],[88,-36],[37,8],[60,33],[4,21],[-13,17],[-95,70],[-47,40],[-38,26],[-51,25],[-17,27],[7,12],[60,-6],[15,18],[14,21],[38,6],[12,-11],[6,-46],[8,-16],[28,2],[78,53],[51,-1],[-10,-31],[-66,-36],[-15,-20],[-2,-51],[37,-10],[69,31],[25,24],[20,5],[63,-11],[43,-26],[10,-17],[9,-50],[29,-28],[28,-10],[65,-13],[41,15],[9,24],[-70,65],[-3,19],[69,39],[-12,23],[-28,6],[-57,22],[-7,27],[8,33],[-48,14],[-60,28],[-12,21],[2,44],[29,7],[37,-12],[103,-13],[-1,31],[-62,67],[-30,44],[-64,57],[-28,17],[-3,26],[63,-4],[120,-24],[53,-18],[49,16],[65,-2],[51,-14],[53,4],[18,-7],[26,-47],[66,-45],[18,-5],[116,7],[142,0],[24,10],[16,42],[-21,38],[7,32],[20,3],[21,-30],[16,-2],[56,70],[11,19],[-13,13],[-47,-23],[-45,-12],[-25,-16],[-26,7],[-1,35],[67,83],[30,12],[-2,18],[21,17],[25,-5],[17,13],[31,-20],[36,26],[10,-40],[55,-3],[26,-19],[33,-5],[9,-44],[13,-23],[27,-21],[52,-18],[34,29],[-29,11],[-37,-11],[-10,12],[9,48],[24,40],[21,1],[1,-36],[14,-8],[71,44],[24,-1],[41,36],[23,7],[25,-28],[28,-19],[60,-8],[-5,-44],[32,-9],[38,-19],[29,7],[10,30],[-28,29],[8,27],[77,-10],[54,20],[8,32],[37,-3],[58,7],[13,33],[41,40],[38,16],[37,-2],[16,-16],[34,-1],[11,-32],[21,-25],[54,-31],[137,-2],[190,9],[59,-7],[24,-9],[43,-27],[27,-32],[15,-38],[23,-76],[48,-59],[23,-12],[66,-53],[16,-24],[-4,-44],[31,-22],[40,-16],[42,0],[5,-21],[23,-16],[13,-42],[58,-15],[38,2],[69,-30],[17,15],[31,-1],[25,-18],[33,-6]]],"transform":{"scale":[0.00003228160201029459,0.00002988173717916388],"translate":[144.99927222145573,-37.85039180282381]},"objects":{"auspol-maps-2019-p100-alldivisions":{"type":"GeometryCollection","geometries":[{"arcs":[[0]],"type":"Polygon","properties":{"E_div_numb":25,"Elect_div":"Kooyong","Numccds":361,"Actual":107353,"Projected":109549,"Total_Popu":0,"Australian":0,"Area_SqKm":55.89,"Sortname":"Kooyong"}}]}}}