{"type":"Topology","arcs":[[[259,130],[-12,-76],[-29,4],[-10,-58],[-103,12],[-55,26],[-50,91],[30,26],[56,4],[59,7],[64,2],[50,-38]]],"transform":{"scale":[0.0004507033899155455,0.0004174655003136878],"translate":[145.0017959363409,-37.850365068660814]},"objects":{"auspol-maps-2019-p100-alldivisions":{"type":"GeometryCollection","geometries":[{"arcs":[[0]],"type":"Polygon","properties":{"E_div_numb":25,"Elect_div":"Kooyong","Numccds":361,"Actual":107353,"Projected":109549,"Total_Popu":0,"Australian":0,"Area_SqKm":55.89,"Sortname":"Kooyong"}}]}}}