{"type":"Topology","arcs":[[[1405,628],[-7,-41],[-63,10],[-26,-24],[4,-59],[-47,-14],[-6,-17],[54,-50],[-4,-36],[-20,-18],[-5,-37],[-43,-25],[-151,15],[-116,-26],[-25,-22],[-8,-64],[-123,-81],[-42,-55],[-4,-38],[-27,-46],[-197,31],[5,28],[-186,28],[1,8],[-223,35],[-3,58],[-85,15],[-45,0],[36,87],[-18,68],[6,51],[1,45],[-38,81],[4,43],[58,107],[3,66],[24,81],[17,33],[42,34],[8,24],[-39,58],[102,-16],[30,-50],[70,-66],[65,-4],[69,6],[90,-16],[68,-33],[150,-19],[42,239],[47,-8],[97,-14],[11,78],[150,-23],[22,-15],[40,7],[79,-12],[32,-40],[36,-17],[25,-28],[80,-56],[44,-27],[25,-33],[-18,-109],[-51,8],[-17,-105]]],"transform":{"scale":[0.00011295989315051241,0.00010472877291423655],"translate":[153.01511992358002,-27.70019403304661]},"objects":{"auspol-maps-2019-p100-alldivisions":{"type":"GeometryCollection","geometries":[{"arcs":[[0]],"type":"Polygon","properties":{"E_div_numb":27,"Elect_div":"Rankin","Numccds":401,"Actual":102349,"Projected":111658,"Total_Popu":0,"Australian":0,"Area_SqKm":131.05228508218,"Sortname":"RANKIN"}}]}}}