{"type":"Topology","arcs":[[[507,583],[-31,-192],[-18,-132],[-5,-93],[20,-64],[-21,-7],[-25,-51],[-65,10],[-16,-25],[-66,9],[-6,-38],[-50,21],[-8,28],[-42,7],[12,30],[-28,87],[9,44],[41,21],[-34,118],[-76,54],[-38,97],[-60,90],[50,67],[29,16],[38,-15],[29,9],[48,-36],[112,44],[14,-34],[81,-30],[10,-37],[27,-20],[69,22]]],"transform":{"scale":[0.0004502943103694486,0.0004193270144154494],"translate":[153.22091203191133,-27.97681417757026]},"objects":{"auspol-maps-2019-p100-alldivisions":{"type":"GeometryCollection","geometries":[{"arcs":[[0]],"type":"Polygon","properties":{"E_div_numb":8,"Elect_div":"Fadden","Numccds":327,"Actual":103053,"Projected":110152,"Total_Popu":0,"Australian":0,"Area_SqKm":387.39978138316,"Sortname":"FADDEN"}}]}}}