{"type":"Topology","arcs":[[[349,66],[-46,-32],[-1,0],[-50,-34],[-46,37],[-13,18],[-75,185],[-24,31],[-5,7]],[[89,278],[3,-4],[-3,4]],[[89,278],[-42,41],[-47,15],[68,107],[71,-27],[-19,-32],[4,-56],[65,-42],[23,-39],[33,-21]],[[245,224],[0,-1]],[[245,223],[0,1]],[[245,224],[0,-1]],[[245,223],[38,-27],[39,-6],[-5,-33],[17,-38],[-12,-24],[27,-29]]],"transform":{"scale":[0.0004509014828762901,0.00041900864306328053],"translate":[150.87387213466351,-33.7966721239161]},"objects":{"auspol-maps-2019-p100-alldivisions":{"type":"GeometryCollection","geometries":[{"arcs":[[0,1,2,3,4,5,6]],"type":"Polygon","properties":{"E_div_numb":29,"Elect_div":"Mitchell","Numccds":324,"Actual":0,"Projected":0,"Total_Popu":0,"Australian":0,"Area_SqKm":101.06674490261,"Sortname":"Mitchell"}}]}}}