{"type":"Topology","arcs":[[[4804,2062],[0,-18],[-9,-23],[-38,-24],[-18,-25],[-6,-34],[11,-60],[-8,-17],[-3,-44],[-24,-19],[0,-34],[44,-41],[-21,-25],[1,-18],[-39,-16],[-28,-39],[15,-17],[-16,-15],[-3,-27],[-34,-15],[-2,-25],[-27,-41],[3,-28],[-45,-20],[-28,-37],[-3,-23],[-31,-45],[-46,-47],[-79,-17],[-17,-11],[-62,-17],[-26,-39],[-11,16],[-68,-3],[-15,10],[-41,3],[-14,17],[-27,-19],[-46,-9],[-53,48],[-20,-5],[-56,-1],[-40,39],[-3,28],[-20,12],[-22,-11],[-6,-23],[21,-4],[9,-22],[-13,-28],[-63,-39],[-28,15],[-1,28],[-34,62],[-34,33],[-46,31],[-77,37],[-55,18],[-56,10],[-82,2],[-74,-16],[-101,-18],[-53,-3],[-80,-19],[-51,-20],[-48,-16],[-39,-26],[-41,-15],[-76,-39],[-61,-38],[-30,-33],[-40,-31],[-63,-68],[-60,-82],[-21,-22],[-20,-41],[-57,-88],[16,-40],[-40,-49],[-6,-25],[24,-43],[48,-12],[19,-19],[15,-29],[-20,-27],[-19,-43],[6,-17],[-43,-43],[17,-15],[-30,-44],[18,-30],[33,-43],[38,-24],[-29,-38],[-21,-59],[13,-21],[168,-70],[-64,-95],[-263,-85],[-431,13],[-190,233],[-595,-174],[-96,73],[-236,365],[-176,208],[-116,-76],[-40,-1],[-35,24],[-33,32],[-47,22],[-28,22],[-23,29],[-21,-17],[-18,-28],[-42,-22],[-82,47],[-23,0],[-24,-20],[-40,5],[-32,79],[-1,15],[21,69],[-6,57],[12,66],[-7,25],[21,70],[18,17],[0,32],[47,267],[22,101],[-80,13],[-3,16],[100,64],[122,98],[61,29],[38,36],[30,57],[18,59],[-63,11],[4,33],[-55,9],[-12,18],[14,97],[17,26],[55,111],[47,-5],[7,11],[-2,51],[34,41],[3,58],[7,18],[42,29],[25,37],[43,29],[-3,109],[-34,53],[2,36],[-72,90],[3,141],[-20,34],[61,0],[25,36],[376,193],[234,-32],[35,51],[15,13],[45,1],[32,16],[127,94],[230,173],[185,139],[18,26],[29,147],[309,-49],[207,-32],[32,2],[-10,-27],[-82,-165],[-28,-79],[-16,-85],[-1,-3],[-16,-87],[-17,-26],[-22,-67],[-10,-77],[6,-60],[-9,-17],[1,-55],[1,-3],[-2,-28],[16,-81],[17,-30],[-3,-38],[131,-84],[160,-51],[109,-54],[32,-6],[24,-18],[1773,-28],[27,12],[23,-5],[50,-31],[62,-35],[20,-3],[38,-25],[11,-19],[16,-60],[22,-29],[8,-29],[-22,-31],[36,-61],[19,-9],[5,-20],[-19,-20],[16,-41],[-3,-30],[25,-53]]],"transform":{"scale":[0.00003228272979781604,0.00002987967545479248],"translate":[151.07683823076434,-34.077816968625655]},"objects":{"auspol-maps-2019-p100-alldivisions":{"type":"GeometryCollection","geometries":[{"arcs":[[0]],"type":"Polygon","properties":{"E_div_numb":9,"Elect_div":"Cook","Numccds":357,"Actual":0,"Projected":0,"Total_Popu":0,"Australian":0,"Area_SqKm":93.822495529488,"Sortname":"Cook"}}]}}}