{"type":"Topology","arcs":[[[838,349],[-1,1],[-12,-34],[0,1],[-11,-2],[0,-1],[4,-4],[1,-1],[6,-33],[1,-1],[10,-6],[2,0],[1,0],[1,0],[11,-9],[1,-2],[0,-4],[0,-1],[-29,-5],[-26,20],[-3,-1],[-11,-42],[-53,-82],[-30,-20],[16,-67],[-2,-55],[-34,-1],[-37,32],[-50,9],[-21,23],[-33,-8],[-17,35],[-45,2],[-31,63],[-38,36],[-82,25],[-72,-2],[-42,8],[-28,-24],[-52,-22],[-101,3],[22,200],[13,37],[90,28],[6,50],[-21,7],[-50,68],[-49,34],[-12,87],[-30,41],[12,73],[99,17],[34,-9],[46,-31],[128,-29],[4,71],[53,45],[60,3],[29,-17],[46,-40],[6,-38],[28,-8],[39,12],[48,-12],[10,-47],[55,-51],[122,-34],[-8,-35],[70,-56],[-1,-49],[19,-31],[30,37],[41,-22],[9,-72],[-49,11],[-67,-7],[-22,-17],[-3,-47]]],"transform":{"scale":[0.00011293963507800381,0.00010473828802192665],"translate":[151.0476112356514,-33.84307661829735]},"objects":{"auspol-maps-2019-p100-alldivisions":{"type":"GeometryCollection","geometries":[{"arcs":[[0]],"type":"Polygon","properties":{"E_div_numb":3,"Elect_div":"Bennelong","Numccds":357,"Actual":0,"Projected":0,"Total_Popu":0,"Australian":0,"Area_SqKm":60.265557340261,"Sortname":"Bennelong"}}]}}}