{"type":"Topology","arcs":[[[798,3],[-164,2],[-86,6],[-78,-11],[-76,0],[-8,63],[-15,43],[-56,86],[-50,-3],[-39,26],[42,31],[-83,135],[26,55],[21,95],[3,50],[-9,87],[-23,105],[-19,47],[-18,96],[-56,180],[-26,46],[-60,80],[-24,59],[367,0],[15,-99],[167,47],[46,3],[4,-55],[160,-191],[-40,-86],[17,-44],[52,-56],[31,-76],[-26,-61],[29,-12],[36,-35],[45,-15],[73,-157],[-86,-34],[26,-58],[15,-102],[-112,-18],[-141,43],[14,-71],[72,-116],[34,-85]]],"transform":{"scale":[0.00011295746354450246,0.00010473481821399018],"translate":[115.70659534585981,-31.846200014044985]},"objects":{"auspol-maps-2019-p100-alldivisions":{"type":"GeometryCollection","geometries":[{"arcs":[[0]],"type":"Polygon","properties":{"E_div_numb":9,"Elect_div":"Moore","Numccds":350,"Actual":98158,"Projected":102958,"Total_Popu":0,"Australian":0,"Area_SqKm":90.051131839836,"Sortname":"Moore"}}]}}}