{"type":"Topology","arcs":[[[3096,0],[-951,157],[-136,9],[-135,154],[-138,24],[-119,-10],[-162,-6],[-91,-14],[-106,-24],[-84,-29],[-82,-3],[-83,46],[-93,67],[0,42],[-62,28],[-79,16],[-80,-26],[-68,-30],[-49,7],[-74,-23],[-43,-55],[-51,-8],[-44,-33],[-57,-24],[-40,-9],[-42,13],[-53,51],[-9,63],[-19,28],[-40,-16],[-56,-9],[-4,121],[-3,26],[12,45],[-4,36],[-10,16],[-34,92],[-7,90],[106,72],[66,105],[117,179],[45,23],[9,23],[-21,46],[-29,15],[-13,33],[16,21],[33,-12],[7,1],[55,-17],[19,-37],[19,-16],[46,11],[28,-9],[26,19],[2,5],[-1,13],[-3,5],[-6,18],[-31,15],[-7,1],[-3,0],[-7,1],[-33,18],[-2,4],[-3,86],[-22,32],[-3,2],[-13,15],[-1,3],[10,21],[30,-14],[3,-3],[29,13],[-25,44],[-6,25],[13,35],[29,1],[2,-2],[36,24],[18,51],[-13,43],[-18,17],[-11,27],[27,16],[51,42],[27,8],[90,16],[46,-16],[20,2],[31,19],[18,0],[15,-42],[18,-7],[74,10],[34,-19],[31,16],[28,52],[-44,66],[-11,55],[-6,80],[34,-3],[8,-22],[40,-24],[111,10],[38,-14],[56,-53],[58,-33],[36,3],[59,20],[68,-2],[50,16],[59,-2],[30,-9],[7,-55],[155,52],[20,4],[452,152],[9,-2],[132,45],[-68,167],[51,-14],[29,-32],[20,-7],[56,-2],[50,-27],[36,-6],[34,-51],[66,-1],[15,-32],[19,-4],[41,32],[57,-75],[22,-14],[34,4],[15,14],[36,11],[42,-36],[30,-13],[94,-64],[24,-6],[44,6],[62,54],[39,-2],[47,6],[32,13],[-5,-69],[13,-46],[34,-79],[0,-35],[-28,-61],[-10,-57],[-2,-39],[18,-23],[35,-32],[16,-37],[-12,-44],[-43,-88],[-8,-24],[34,-65],[-8,-23],[-81,-28],[-44,-22],[33,-37],[57,-52],[-18,-81],[-43,-236],[-80,-42],[-40,-34],[-120,-50],[-31,3],[-113,46],[-53,-1],[-6,-23],[-21,-17],[-3,-32],[15,-32],[-28,-43],[-15,-9],[-5,-26],[-16,-23],[-25,-57],[12,-21],[24,-7],[27,-32],[27,-16],[-18,-16],[40,-37],[47,-30],[52,-39],[42,-87],[155,-268]]],"transform":{"scale":[0.000032275155976687524,0.00002988150278775842],"translate":[151.1267171435432,-33.85447108942067]},"objects":{"auspol-maps-2019-p100-alldivisions":{"type":"GeometryCollection","geometries":[{"arcs":[[0]],"type":"Polygon","properties":{"E_div_numb":32,"Elect_div":"North Sydney","Numccds":366,"Actual":0,"Projected":0,"Total_Popu":0,"Australian":0,"Area_SqKm":52.820341591442,"Sortname":"North Sydney"}}]}}}