{"type":"Topology","arcs":[[[1599,117],[-28,-14],[-41,54],[-76,36],[-80,-2],[-77,-48],[-50,-12],[-61,3],[-119,48],[-61,3],[-76,-28],[-90,-19],[-103,-69],[-31,-11],[-100,-9],[-139,-49],[-59,2],[-36,40],[-37,-1],[-22,24],[-85,5],[-26,24],[-57,-9],[-50,24],[25,88],[-12,2],[23,88],[26,47],[25,-3],[15,68],[-5,40],[-50,8],[51,185],[-27,4],[13,49],[-46,7],[2,366],[-3,158],[6,26],[-53,9],[13,53],[-98,13],[8,36],[32,-6],[23,30],[42,-5],[10,47],[35,-5],[11,32],[73,-10],[11,43],[95,11],[30,52],[25,18],[-30,44],[19,31],[62,27],[72,-16],[-13,41],[30,33],[44,-8],[-26,85],[24,-3],[15,63],[32,21],[-43,24],[24,62],[26,29],[43,99],[12,-2],[66,67],[23,13],[35,77],[49,-13],[33,-33],[10,-40],[94,-54],[43,-1],[7,-40],[34,-52],[5,-28],[-50,-80],[74,0],[49,-12],[28,-32],[60,18],[33,-25],[-80,-34],[-102,34],[-14,-18],[48,-30],[-13,-37],[-38,-9],[-33,-46],[67,-25],[8,-39],[-58,2],[9,-28],[31,0],[32,-30],[31,0],[61,-61],[53,7],[54,41],[101,14],[54,-17],[27,-29],[-35,-13],[-38,5],[-30,-50],[51,-6],[32,33],[55,-4],[58,-19],[43,-28],[13,-56],[-49,-19],[5,-58],[80,14],[-3,-66],[-48,1],[-18,-40],[77,-43],[18,-31],[41,-2],[17,-19],[-23,-51],[6,-28],[35,-33],[21,-47],[-40,-5],[-38,-29],[58,-8],[-5,-47],[-42,-26],[-16,-57],[56,-16],[12,-36],[75,-30],[63,2],[11,-36],[29,-30],[17,-104],[-9,-62],[-17,-15],[-26,-68],[2,-29],[-17,-70],[-76,-18],[-45,-81],[4,-41],[-24,-38],[1,-37],[-89,-28],[-33,27],[-13,-12],[4,-10],[-13,-24],[-15,1],[-29,18],[-11,36]]],"transform":{"scale":[0.00011296397881034904,0.0001047775967136417],"translate":[147.13541456065067,-42.98589535922231]},"objects":{"auspol-maps-2019-p100-alldivisions":{"type":"GeometryCollection","geometries":[{"arcs":[[0]],"type":"Polygon","properties":{"E_div_numb":3,"Elect_div":"Clark","Numccds":279,"Actual":74054,"Projected":76080,"Total_Popu":0,"Australian":0,"Area_SqKm":292.26491838588,"Sortname":"Clark"}}]}}}