{"type":"Topology","arcs":[[[297,170],[-34,-22],[-50,-8],[-6,-45],[-66,8],[11,-35],[-28,-17],[-72,12],[-11,-63],[-41,68],[54,51],[-46,63],[-1,2],[121,6],[45,41],[-40,36],[-3,28],[76,6],[46,-15],[0,-38],[50,-1],[16,-39],[-21,-38]]],"transform":{"scale":[0.00045046090093927443,0.00041813046606761854],"translate":[115.81978446743538,-31.991116678942912]},"objects":{"auspol-maps-2019-p100-alldivisions":{"type":"GeometryCollection","geometries":[{"arcs":[[0]],"type":"Polygon","properties":{"E_div_numb":13,"Elect_div":"Perth","Numccds":330,"Actual":94518,"Projected":100895,"Total_Popu":0,"Australian":0,"Area_SqKm":80.395633534249,"Sortname":"Perth"}}]}}}