{"type":"Topology","arcs":[[[1248,1489],[0,-1],[-19,-75],[21,-54],[-59,-360],[-24,-126],[-9,-96],[46,-35],[42,-122],[0,-27],[-49,-139],[-18,-82],[8,-51],[-34,-101],[-16,-105],[-67,7],[-175,-19],[-57,5],[-117,19],[-38,1],[-45,-12],[-69,-39],[-53,-18],[-143,-1],[-194,-31],[-106,-27],[-13,20],[-60,39],[5,41],[35,55],[-18,94],[17,32],[56,34],[27,4],[66,-23],[22,19],[-3,24],[-57,95],[-24,70],[-3,30],[12,96],[-22,67],[18,9],[28,-36],[25,-1],[33,49],[-105,102],[-8,44],[-64,25],[-8,45],[5,31],[-21,40],[45,23],[56,-10],[77,149],[123,185],[131,180],[48,160],[192,-24],[55,-18],[69,22],[33,34],[-23,65],[7,71],[16,70],[31,38],[34,0],[45,41],[19,-10],[67,-6],[54,-38],[179,-96],[-110,-147],[44,-31],[51,-100],[-11,-74]]],"transform":{"scale":[0.00006107513602809548,0.00005652991597042793],"translate":[150.96618524485518,-33.94695700634678]},"objects":{"auspol-maps-2019-p100-alldivisions":{"type":"GeometryCollection","geometries":[{"arcs":[[0]],"type":"Polygon","properties":{"E_div_numb":5,"Elect_div":"Blaxland","Numccds":406,"Actual":0,"Projected":0,"Total_Popu":0,"Australian":0,"Area_SqKm":61.071030977806,"Sortname":"Blaxland"}}]}}}