{"type":"Topology","arcs":[[[1793,426],[-37,-24],[-10,-61],[-25,-13],[-3,-43],[-99,-14],[-10,-43],[-66,-15],[-67,15],[-121,-27],[-123,-41],[-94,-36],[-126,-61],[-94,-58],[-53,6],[-14,40],[-97,26],[-20,25],[-120,19],[-83,-74],[-48,9],[-12,-56],[-112,18],[-40,-10],[-127,12],[10,53],[-99,16],[-16,19],[-62,22],[15,61],[-25,-2],[-15,56],[29,2],[15,32],[38,13],[-44,91],[-28,39],[14,57],[42,-29],[57,49],[8,33],[36,-13],[29,62],[29,-7],[28,-55],[-1,-60],[19,-14],[54,15],[52,-3],[6,-22],[-32,-69],[52,-22],[25,32],[52,18],[28,-22],[36,13],[71,-54],[28,34],[87,-30],[49,44],[19,102],[119,-19],[76,59],[113,-17],[3,23],[79,-6],[37,-37],[13,0],[48,-18],[140,-18],[29,10],[160,-28],[141,-12],[37,8]]],"transform":{"scale":[0.00045092954724962683,0.0004194636022297078],"translate":[151.39624002259265,-32.88012375862464]},"objects":{"auspol-maps-2019-p100-alldivisions":{"type":"GeometryCollection","geometries":[{"arcs":[[0]],"type":"Polygon","properties":{"E_div_numb":36,"Elect_div":"Paterson","Numccds":404,"Actual":0,"Projected":0,"Total_Popu":0,"Australian":0,"Area_SqKm":1123.4911766664,"Sortname":"Paterson"}}]}}}