{"type":"Topology","arcs":[[[1265,49],[-71,-20],[-48,33],[-30,-5],[-16,22],[-97,27],[-4,-34],[-219,-72],[-27,19],[-61,-10],[-32,24],[-66,15],[-41,22],[-30,-37],[-19,31],[1,49],[-70,56],[8,35],[-122,34],[-55,51],[-10,47],[-47,12],[-40,-12],[-28,8],[-5,38],[-47,40],[-13,47],[-30,2],[-39,36],[12,35],[-19,53],[21,17],[0,31],[31,6],[11,85],[24,51],[-19,38],[-4,43],[26,96],[66,73],[24,38],[16,59],[31,8],[65,-7],[112,38],[20,-30],[34,3],[47,32],[13,42],[26,7],[30,58],[25,-4],[33,39],[49,-47],[17,-31],[-15,-43],[14,-37],[27,-13],[-53,-81],[61,-65],[31,-48],[107,-7],[27,-39],[-20,-127],[-12,-42],[9,-45],[-11,-29],[-46,-42],[-18,-73],[16,-24],[55,-8],[31,-53],[19,-13],[-27,-62],[26,-29],[41,-15],[8,-61],[36,-24],[1,-25],[79,-52],[10,-40],[80,-22],[73,8],[35,-45],[-17,-35]]],"transform":{"scale":[0.00011298948810174466,0.00010481075139866326],"translate":[151.09003845414517,-33.79775856068828]},"objects":{"auspol-maps-2019-p100-alldivisions":{"type":"GeometryCollection","geometries":[{"arcs":[[0]],"type":"Polygon","properties":{"E_div_numb":6,"Elect_div":"Bradfield","Numccds":357,"Actual":0,"Projected":0,"Total_Popu":0,"Australian":0,"Area_SqKm":101.37936149876,"Sortname":"Bradfield"}}]}}}