{"type":"Topology","arcs":[[[1823,1046],[-58,-358],[2,-26],[-24,-145],[-29,-160],[-62,-349],[2,-8],[-521,68],[-156,22],[36,196],[-21,64],[79,154],[-47,67],[-29,22],[-79,15],[-26,19],[-98,100],[-286,134],[-225,33],[17,104],[-298,43],[14,88],[47,253],[0,30],[61,-63],[82,-18],[72,14],[50,-12],[-5,42],[22,11],[41,-13],[30,-29],[19,33],[37,20],[61,-30],[41,11],[50,-19],[36,-31],[62,-60],[62,9],[52,-7],[63,-21],[18,-26],[3,-94],[32,-29],[36,-16],[9,49],[70,5],[758,-92]]],"transform":{"scale":[0.00006109161732519887,0.00005653329813173643],"translate":[144.98421193569584,-37.909517283946336]},"objects":{"auspol-maps-2019-p100-alldivisions":{"type":"GeometryCollection","geometries":[{"arcs":[[0]],"type":"Polygon","properties":{"E_div_numb":19,"Elect_div":"Higgins","Numccds":345,"Actual":108550,"Projected":111855,"Total_Popu":0,"Australian":0,"Area_SqKm":41.85,"Sortname":"Higgins"}}]}}}