{"type":"Topology","arcs":[[[3970,11],[-452,-4],[-471,-1],[-171,-6],[-40,137],[-28,31],[-33,0],[-6,31],[21,13],[7,56],[-38,23],[-13,58],[51,12],[-13,32],[-43,32],[-37,13],[-69,8],[-25,-19],[-34,15],[78,22],[54,31],[35,61],[18,57],[7,53],[-8,57],[-20,5],[-33,42],[-2,34],[29,8],[-78,136],[12,59],[-6,40],[-60,35],[-12,29],[-38,20],[23,56],[-74,9],[-6,24],[-47,-3],[71,118],[57,11],[19,23],[29,73],[29,41],[10,42],[59,4],[25,-42],[79,3],[11,-3],[48,-9],[1,-113],[155,40],[0,-214],[86,2],[0,-90],[93,-27],[90,1],[1,-51],[27,-4],[71,-51],[54,0],[70,9],[-1,-76],[82,-9],[150,49],[38,24],[41,47],[70,-64],[-13,-99],[49,-42],[34,-53],[143,-126],[-99,-92],[-29,-51],[-22,-18],[-16,-40],[4,-389],[6,-30]],[[960,1698],[-48,-75],[-59,-8],[-51,-20],[-49,4],[-30,-11],[-1,-46],[-48,-69],[-56,37],[-1,45],[-20,23],[-87,29],[-72,-21],[-27,-33],[-35,7],[-34,-14],[-23,20],[-53,17],[-57,-13],[-30,-52],[-49,-11],[-38,7],[-34,-30],[-58,37],[61,60],[36,11],[22,-11],[49,18],[27,-11],[46,12],[21,32],[49,21],[20,67],[53,49],[67,23],[23,25],[69,32],[90,-39],[161,33],[31,-21],[-19,-35],[36,-63],[45,-17],[73,-9]]],"transform":{"scale":[0.00011298199375383985,0.00010481034359218752],"translate":[115.44999638552497,-32.181414505964725]},"objects":{"auspol-maps-2019-p100-alldivisions":{"type":"GeometryCollection","geometries":[{"arcs":[[[0]],[[1]]],"type":"MultiPolygon","properties":{"E_div_numb":7,"Elect_div":"Fremantle","Numccds":311,"Actual":94241,"Projected":100408,"Total_Popu":0,"Australian":0,"Area_SqKm":196.29688468202,"Sortname":"Fremantle"}}]}}}