{"type":"Topology","arcs":[[[2376,105],[-33,10],[-132,21],[-4,-25],[-54,7],[-75,54],[-32,-13],[-35,9],[-23,-31],[-70,0],[-72,10],[-32,-9],[-63,40],[-75,-25],[-13,25],[-147,22],[-70,-10],[-34,-37],[-44,-18],[-26,13],[-49,-33],[-17,-69],[-63,-46],[-111,8],[14,106],[-123,54],[-113,95],[-36,-10],[-71,34],[-28,41],[15,29],[-32,35],[-45,15],[-11,38],[-40,25],[3,36],[-28,58],[-38,1],[-22,66],[9,30],[-38,62],[-29,5],[-24,55],[-27,30],[-32,60],[13,23],[-79,52],[-7,41],[-49,-4],[-7,-40],[-266,41],[-11,101],[24,177],[56,-1],[118,-16],[70,-1],[-11,-35],[258,-36],[7,185],[13,11],[44,296],[250,-170],[7,89],[15,92],[-22,4],[16,132],[26,23],[-10,60],[71,-26],[63,-9],[47,25],[48,-22],[18,58],[11,105],[34,-5],[9,66],[50,1],[10,66],[81,29],[66,50],[132,-11],[43,-38],[-11,-67],[26,-18],[-39,-61],[0,-55],[26,-20],[41,-61],[1,-58],[46,-53],[87,-32],[20,-54],[26,-11],[18,-67],[53,-53],[37,-22],[80,33],[-15,-72],[-42,-12],[-38,-95],[65,-11],[2,-72],[37,-38],[60,28],[7,50],[30,35],[35,17],[32,35],[57,-73],[20,-40],[-5,-31],[24,-55],[-19,-51],[-36,-24],[-57,-9],[-21,-77],[-29,5],[-33,-33],[-55,-32],[2,-70],[-28,-27],[96,-27],[-23,-24],[28,-50],[-12,-102],[-38,-52],[-66,10],[-14,-36],[31,-41],[35,12],[30,-10],[15,-59],[41,-63],[52,-7],[-5,-32],[38,-4],[55,-32],[29,-61],[32,-19],[67,-16],[35,-65],[-17,-53],[27,-31],[-8,-68]]],"transform":{"scale":[0.0004509387307701583,0.0004194024399339199],"translate":[151.07668998963402,-27.906679973517562]},"objects":{"auspol-maps-2019-p100-alldivisions":{"type":"GeometryCollection","geometries":[{"arcs":[[0]],"type":"Polygon","properties":{"E_div_numb":14,"Elect_div":"Groom","Numccds":379,"Actual":102009,"Projected":108463,"Total_Popu":0,"Australian":0,"Area_SqKm":5585.8190134461,"Sortname":"GROOM"}}]}}}