{"type":"Topology","arcs":[[[1678,0],[-71,19],[-8,66],[22,27],[-44,9],[-57,53],[-23,8],[-4,55],[-40,52],[-585,77],[-175,24],[9,-13],[-75,-166],[-6,4],[-50,45],[5,20],[-40,33],[-42,54],[-31,54],[14,10],[-28,50],[-45,-7],[-97,54],[-1,21],[-51,30],[7,54],[-22,5],[2,71],[-37,64],[1,93],[35,48],[5,30],[-21,82],[-22,46],[66,31],[7,30],[-13,53],[-71,17],[-28,25],[-8,27],[-9,34],[-27,33],[-32,9],[-30,59],[14,39],[-39,31],[-33,9],[13,25],[-5,45],[20,22],[10,46],[-6,43],[32,37],[-4,30],[19,30],[89,80],[-23,18],[128,63],[-28,33],[54,44],[16,100],[72,118],[36,22],[105,4],[59,-25],[85,-13],[22,11],[61,-2],[34,18],[96,1],[19,13],[72,1],[95,33],[45,-15],[24,10],[116,-14],[38,18],[28,-9],[46,12],[80,2],[21,42],[86,-8],[23,6],[103,-13],[251,-136],[-4,-16],[152,-22],[84,-41],[160,-21],[-12,-64],[67,0],[83,-49],[64,-60],[10,-35],[-15,-26],[-30,-16],[-31,10],[-27,44],[15,24],[-63,17],[-40,-38],[32,-43],[-29,-17],[-61,-1],[-59,-76],[-93,12],[-41,-3],[-30,20],[-2,28],[-55,-8],[1,-20],[-159,17],[-28,-12],[12,-28],[40,-35],[21,-34],[31,-25],[-10,-92],[-28,4],[-20,-114],[-22,-53],[15,-44],[57,-14],[31,-15],[29,-56],[73,5],[1,-43],[44,-25],[63,-50],[-35,0],[-7,-23],[-48,1],[-54,-21],[-43,12],[-29,26],[-9,-44],[12,-25],[-37,-7],[-40,-35],[-19,20],[-112,60],[-41,15],[25,-51],[-7,-33],[-47,-38],[58,-57],[40,-21],[-12,-32],[22,-23],[25,-57],[-6,-46],[33,-36],[15,-69],[8,-122],[-66,35],[-106,-575]]],"transform":{"scale":[0.0000610815680871439,0.000056547725559034836],"translate":[145.1908884148521,-37.963968559367096]},"objects":{"auspol-maps-2019-p100-alldivisions":{"type":"GeometryCollection","geometries":[{"arcs":[[0]],"type":"Polygon","properties":{"E_div_numb":1,"Elect_div":"Aston","Numccds":377,"Actual":109405,"Projected":111014,"Total_Popu":0,"Australian":0,"Area_SqKm":113.78,"Sortname":"Aston"}}]}}}