{"type":"Topology","arcs":[[[6508,3864],[-59,-33],[-19,3],[0,-1],[-68,8],[-30,-10],[-382,-108],[-1173,-330],[-1549,-434],[-577,-161],[-18,-351],[-256,3],[-19,-12],[-30,-43],[-14,-52],[0,-57],[8,-49],[-18,-26],[-39,-16],[-44,-5],[-55,-23],[-23,-45],[13,-76],[71,-24],[14,-41],[-14,-12],[-31,20],[-34,-14],[-34,-63],[8,-23],[-28,-48],[51,-17],[46,-45],[-4,-39],[57,3],[23,-13],[-2,-26],[37,9],[27,-38],[45,-13],[-6,-25],[-72,-45],[-21,29],[-35,-5],[25,-40],[-18,-11],[-83,3],[-41,-34],[-35,-40],[1,-23],[27,-74],[-20,-25],[-49,12],[-47,-49],[-54,-42],[-52,-28],[-8,-29],[32,-52],[4,-39],[59,-19],[44,30],[26,2],[23,-64],[-5,-48],[-14,-21],[12,-29],[96,-25],[16,-25],[4,-57],[27,-38],[-5,-43],[-74,8],[-79,-33],[0,-36],[-24,-47],[-12,-56],[16,-30],[29,-31],[-31,-42],[-49,-45],[26,-47],[-30,-31],[-2,-75],[-36,-16],[-9,-24],[-44,-28],[12,-36],[28,-12],[-11,-53],[-33,-47],[9,-31],[29,8],[36,-16],[19,-39],[24,-18],[-49,-31],[-41,9],[-30,49],[-77,47],[-45,51],[-32,6],[-35,28],[-60,72],[-113,11],[-31,11],[-78,-12],[-40,27],[-276,42],[-22,-144],[-178,27],[-175,295],[-35,42],[-36,28],[-100,59],[-189,132],[-71,69],[-219,279],[-32,91],[-34,173],[-15,40],[125,83],[28,-22],[107,-127],[198,135],[74,-52],[93,-125],[11,10],[100,569],[19,133],[-63,123],[-40,50],[8,80],[-12,31],[18,103],[2,41],[33,183],[62,17],[42,-12],[28,15],[-80,158],[-30,29],[134,54],[91,75],[60,76],[87,72],[203,113],[91,66],[56,70],[74,157],[15,53],[60,99],[16,42],[0,85],[107,165],[91,285],[3195,5382],[38,38],[71,45],[37,36],[132,88],[61,25],[53,49],[108,76],[32,33],[72,49],[40,15],[48,37],[268,27],[119,-1],[99,-9],[57,6],[54,24],[59,17],[62,29],[73,47],[34,56],[10,-25],[71,-31],[21,-31],[66,-15],[14,16],[42,-8],[13,-17],[-17,-59],[3,-50],[-25,-28],[3,-50],[-35,8],[-36,-81],[-40,-116],[-12,-20],[-27,-97],[-20,-51],[-25,-99],[-16,-31],[-35,-101],[-6,-47],[-61,-193],[-12,-55],[-21,-56],[-46,-173],[-32,-150],[-15,-44],[-12,-71],[-37,-123],[-18,-41],[-22,-91],[-18,-107],[-18,-58],[-3,-38],[-30,-87],[-10,-53],[-22,-73],[-26,-161],[-34,-148],[-21,-193],[-19,-95],[0,-35],[-13,-48],[-4,-71],[-13,-64],[-16,-181],[-13,-95],[-6,-125],[-10,-65],[-6,-177],[1,-133],[4,-43],[-2,-110],[-7,-49],[3,-100],[9,-88],[-3,-26],[7,-108],[15,-92],[51,-240],[12,-73],[24,-102],[37,-69],[38,-43],[78,-109],[22,-40],[31,-146],[15,-139],[-1,-137],[-67,-208],[-10,-93],[-49,-104],[389,-415]]],"transform":{"scale":[0.00006108565932174317,0.00005654816281457298],"translate":[153.05576148254264,-27.606617328063788]},"objects":{"auspol-maps-2019-p100-alldivisions":{"type":"GeometryCollection","geometries":[{"arcs":[[0]],"type":"Polygon","properties":{"E_div_numb":2,"Elect_div":"Bonner","Numccds":352,"Actual":100770,"Projected":107808,"Total_Popu":0,"Australian":0,"Area_SqKm":371.33719549778,"Sortname":"BONNER"}}]}}}