{"type":"Topology","arcs":[[[2459,87],[-80,-19],[-52,-23],[-42,-32],[-46,-13],[-57,0],[-75,31],[-35,48],[-8,91],[-30,57],[-98,108],[-43,-32],[-57,16],[-84,14],[-36,17],[-31,51],[-28,81],[-51,6],[-62,-21],[-58,-41],[-68,14],[-56,-17],[-23,-59],[-45,-29],[-83,-26],[-56,4],[-30,15],[-48,84],[3,32],[-14,28],[-46,-20],[15,24],[-49,77],[-18,3],[15,87],[-12,51],[13,14],[-19,35],[-5,49],[-151,23],[-7,19],[-68,11],[5,31],[-143,21],[0,-18],[-269,39],[-13,38],[-116,17],[-3,-20],[-54,8],[-39,22],[-7,40],[-75,-2],[17,105],[51,-8],[18,109],[-24,33],[-45,27],[27,16],[-24,30],[-40,22],[25,54],[-22,26],[47,37],[4,82],[44,47],[-25,33],[19,75],[43,18],[40,-4],[-23,87],[-51,13],[3,54],[-13,34],[-37,-17],[-32,10],[-15,65],[57,37],[25,27],[38,8],[-15,52],[41,40],[44,-2],[67,39],[-36,40],[-113,70],[29,72],[35,25],[-39,14],[-6,40],[13,25],[74,24],[9,13],[-3,58],[6,27],[28,31],[137,-2],[11,189],[1149,321],[634,178],[222,64],[38,-4],[42,16],[22,-2],[40,-34],[87,-122],[77,-79],[39,-25],[85,-27],[144,-28],[63,3],[45,-29],[54,-17],[38,1],[33,18],[67,-10],[1,-60],[32,-35],[-40,-20],[-27,-46],[-53,-123],[-39,-77],[-48,-116],[-102,-222],[-84,-224],[-96,-278],[-101,-310],[-56,-198],[-54,-232],[-54,-262],[-42,-240],[-31,-262],[-2,-58],[9,-134],[-42,-36]]],"transform":{"scale":[0.0001129787175923664,0.00010480627774584702],"translate":[153.17154350691567,-27.74143744073908]},"objects":{"auspol-maps-2019-p100-alldivisions":{"type":"GeometryCollection","geometries":[{"arcs":[[0]],"type":"Polygon","properties":{"E_div_numb":3,"Elect_div":"Bowman","Numccds":345,"Actual":104241,"Projected":109932,"Total_Popu":0,"Australian":0,"Area_SqKm":536.30704580511,"Sortname":"BOWMAN"}}]}}}