{"type":"Topology","arcs":[[[3184,651],[-25,-20],[-41,3],[-41,-44],[2,-26],[35,-36],[-6,-52],[-22,-24],[33,-66],[-43,-118],[-53,21],[-32,-20],[-6,-77],[-38,-10],[-51,-34],[-14,-40],[3,-54],[-34,-33],[-48,17],[-58,-17],[-21,-21],[-36,18],[-89,23],[-2,49],[-32,60],[-9,96],[-50,24],[-6,25],[-47,24],[-39,51],[-107,-26],[-10,-94],[-30,-5],[-62,-49],[-41,-43],[-86,33],[-61,35],[-21,43],[-28,5],[-22,31],[-45,5],[-69,-12],[-28,-40],[-10,-54],[-71,-16],[-22,9],[-48,-19],[-66,17],[-58,28],[-35,-23],[-58,14],[-35,51],[-17,120],[-71,48],[-31,42],[-91,13],[-6,-34],[-36,-12],[-92,22],[-21,34],[-37,-41],[-10,-32],[21,-43],[39,6],[41,-63],[-195,24],[-43,-18],[-14,-9],[-71,27],[-43,-3],[-22,45],[-50,14],[-50,0],[-29,-32],[-45,6],[-36,25],[-96,27],[-27,-24],[-47,45],[10,60],[-21,44],[-1,84],[-24,45],[-33,112],[47,9],[2,51],[-29,66],[-25,23],[7,33],[-54,26],[-62,43],[-31,44],[4,35],[31,26],[14,71],[31,107],[-167,91],[52,27],[15,47],[-65,9],[24,57],[-16,132],[12,34],[-43,42],[61,11],[28,19],[29,67],[45,6],[42,26],[42,28],[10,28],[69,0],[30,14],[15,63],[-1,45],[77,-27],[4,42],[87,14],[19,-26],[107,-45],[64,38],[-22,21],[-34,-11],[-5,43],[-26,30],[-34,84],[0,27],[-31,34],[17,34],[-4,74],[12,73],[25,19],[-22,62],[289,-44],[61,-4],[0,-25],[271,-40],[206,-34],[11,36],[87,-12],[53,16],[57,-8],[22,20],[89,-18],[112,28],[30,-23],[47,-8],[39,-36],[49,-8],[74,-35],[51,-52],[26,32],[66,30],[17,-4],[55,61],[53,34],[33,73],[40,-38],[-1,-40],[34,-12],[12,-101],[-25,-44],[6,-59],[49,-65],[22,-5],[26,-78],[61,-59],[78,-138],[48,-32],[2,-66],[-31,-39],[5,-19],[96,-74],[-11,-49],[15,-12],[-13,-68],[-36,6],[-20,-151],[-80,11],[-23,-78],[-47,-36],[9,-42],[-14,-57],[28,-39],[43,-91],[-37,-14],[-15,-31],[-29,-2],[14,-56],[26,2],[-15,-62],[62,-21],[16,-19],[98,-16],[-9,-53],[127,-12],[40,9],[112,-17],[-18,-22],[35,-29],[65,-22],[37,-46]]],"transform":{"scale":[0.0004509764736388899,0.0004194015436870083],"translate":[150.22650784375597,-33.20293324577132]},"objects":{"auspol-maps-2019-p100-alldivisions":{"type":"GeometryCollection","geometries":[{"arcs":[[0]],"type":"Polygon","properties":{"E_div_numb":21,"Elect_div":"Hunter","Numccds":424,"Actual":0,"Projected":0,"Total_Popu":0,"Australian":0,"Area_SqKm":10639.861096371,"Sortname":"Hunter"}}]}}}