{"type":"Topology","arcs":[[[778,0],[-59,15],[-1,0],[-20,7],[-3,1],[-1,0],[-10,1]],[[684,24],[-18,0],[-50,-18],[-45,29],[16,63],[-41,14],[-80,-7],[-18,66],[-61,-17],[-2,48],[-41,59],[-56,12],[-27,-36],[-67,51],[-1,0],[-20,46],[-70,46],[-3,45],[-80,16],[-11,43],[-9,20],[36,48],[68,0],[45,23],[66,16],[28,53],[-8,104],[21,37],[14,59],[-16,18],[-5,66],[7,116],[17,39],[63,43],[61,-35],[87,-34],[-1,-71],[14,-17],[-20,-61],[10,-23],[43,-19],[-14,-70],[20,-37],[29,-18],[-6,-33],[67,-27],[-6,-33],[38,-6],[48,-37],[-15,-55],[15,-26],[164,-21],[-50,-29],[-23,-29],[3,-40],[111,-29],[-1,0],[0,-1],[44,-5],[54,10],[24,-16],[-31,-84],[-3,-62],[-38,-77],[-54,0],[-47,-13],[-55,-34],[-26,-94]]],"transform":{"scale":[0.00045078197520623925,0.0004192227579490253],"translate":[150.9844061439089,-33.58210629416583]},"objects":{"auspol-maps-2019-p100-alldivisions":{"type":"GeometryCollection","geometries":[{"arcs":[[0,1]],"type":"Polygon","properties":{"E_div_numb":40,"Elect_div":"Robertson","Numccds":367,"Actual":0,"Projected":0,"Total_Popu":0,"Australian":0,"Area_SqKm":980.03104091367,"Sortname":"Robertson"}}]}}}