{"type":"Topology","arcs":[[[3134,462],[-135,25],[-70,2],[24,-69],[30,-108],[-2,-154],[13,-47],[-11,-102],[-317,1],[-32,-10],[-19,12],[0,277],[-263,-2],[-9,66],[-34,44],[-32,6],[-158,-29],[-217,-23],[-69,-4],[-121,12],[9,51],[-3,95],[-22,106],[7,51],[-133,34],[-88,4],[-425,3],[-64,18],[-65,40],[-41,38],[-30,12],[-64,-6],[-131,-42],[-149,-15],[-137,0],[-23,74],[-40,84],[-131,214],[-21,55],[-7,76],[25,-5],[237,-76],[63,5],[71,25],[73,4],[1,32],[-27,92],[-2,66],[-49,107],[16,9],[143,54],[-12,23],[-123,267],[-40,6],[-41,23],[-68,64],[-54,24],[48,111],[-56,142],[-98,103],[-31,83],[73,157],[-31,39],[-262,314],[-10,102],[111,13],[106,51],[43,15],[76,2],[64,19],[36,29],[26,34],[41,-44],[13,-37],[4,-62],[-1,-259],[-25,-49],[415,0],[0,66],[128,103],[223,0],[0,60],[533,2],[0,-78],[-50,0],[-1,-130],[49,1],[-5,-1122],[576,0],[733,0],[3,-136],[9,-178],[-11,1],[-4,-285],[15,-82],[27,-37],[23,-58],[10,-120],[0,-189],[-33,-90]]],"transform":{"scale":[0.00006107343398793709,0.00005654750785195073],"translate":[115.77373716218415,-31.888145990615413]},"objects":{"auspol-maps-2019-p100-alldivisions":{"type":"GeometryCollection","geometries":[{"arcs":[[0]],"type":"Polygon","properties":{"E_div_numb":3,"Elect_div":"Cowan","Numccds":318,"Actual":93613,"Projected":100388,"Total_Popu":0,"Australian":0,"Area_SqKm":179.89785250451,"Sortname":"Cowan"}}]}}}