{"type":"Topology","arcs":[[[1525,700],[-24,-82],[-4,-65],[-57,-107],[-4,-43],[38,-82],[-1,-44],[-105,7],[-91,21],[-70,28],[-94,49],[-25,25],[-22,44],[-67,36],[-90,7],[-51,15],[-48,36],[-32,6],[-19,-110],[-16,-37],[-108,-131],[26,-48],[35,-32],[-34,-183],[-38,-10],[-17,13],[-39,-9],[-26,8],[-81,101],[-47,-2],[-60,67],[-32,60],[-19,-72],[-98,21],[-47,-50],[-6,-59],[-29,4],[43,297],[-135,20],[-31,21],[18,52],[48,285],[-20,41],[19,45],[22,13],[59,141],[23,23],[39,-4],[121,-109],[48,-92],[22,-15],[55,4],[14,40],[-29,60],[-42,34],[-15,26],[-19,72],[7,27],[61,69],[-59,69],[58,23],[46,34],[-35,70],[4,19],[47,20],[135,11],[25,34],[5,76],[24,23],[78,12],[99,-12],[36,-21],[53,-46],[27,-60],[20,-22],[-2,-47],[-18,-19],[-9,-47],[12,-44],[125,28],[22,-88],[89,20],[-9,-67],[-19,-23],[25,-54],[21,-79],[56,-67],[-33,-39],[13,-23],[-34,-48],[273,-40],[19,-25]]],"transform":{"scale":[0.00011297063642654185,0.00010479777983229294],"translate":[152.85291081044977,-27.68637997601227]},"objects":{"auspol-maps-2019-p100-alldivisions":{"type":"GeometryCollection","geometries":[{"arcs":[[0]],"type":"Polygon","properties":{"E_div_numb":25,"Elect_div":"Oxley","Numccds":376,"Actual":98556,"Projected":107534,"Total_Popu":0,"Australian":0,"Area_SqKm":156.84952567884,"Sortname":"OXLEY"}}]}}}