{"type":"Topology","arcs":[[[194,84],[-34,-24],[-11,-31],[-51,11],[-6,2],[-36,-42],[-12,2],[-3,0],[-41,9],[7,112],[1,192],[38,22],[65,6],[45,-47],[4,-29],[1,-2],[46,-63],[-54,-50],[41,-68]]],"transform":{"scale":[0.0004491426625167758,0.00041921612444137965],"translate":[115.75091592584947,-32.02634390472281]},"objects":{"auspol-maps-2019-p100-alldivisions":{"type":"GeometryCollection","geometries":[{"arcs":[[0]],"type":"Polygon","properties":{"E_div_numb":4,"Elect_div":"Curtin","Numccds":336,"Actual":94033,"Projected":99066,"Total_Popu":0,"Australian":0,"Area_SqKm":97.821263111884,"Sortname":"Curtin"}}]}}}