{"type":"Topology","arcs":[[[2248,0],[-136,41],[-203,45],[-164,26],[-107,32],[-174,37],[-75,23],[-468,120],[-89,25],[-115,24],[-13,41],[4,27],[-19,18],[-26,58],[-30,27],[-26,50],[-17,1],[-17,62],[-50,93],[22,39],[-32,27],[-36,13],[13,29],[-5,38],[-41,16],[-29,36],[-19,63],[-22,12],[-71,4],[-19,43],[-23,20],[-226,20],[-3,51],[-32,38],[14,29],[44,15],[12,35],[-19,89],[45,45],[35,111],[-15,25],[-11,82],[30,4],[27,43],[55,30],[48,-47],[62,50],[1,54],[-12,17],[39,43],[33,6],[40,35],[1,22],[35,9],[53,34],[-14,37],[78,30],[28,103],[41,63],[20,18],[44,-17],[29,12],[41,-57],[44,-7],[36,15],[27,-2],[67,18],[16,16],[-11,34],[-43,-1],[-31,32],[-14,48],[6,33],[31,32],[39,67],[37,25],[64,16],[54,42],[87,4],[44,-17],[260,139],[12,-38],[6,-122],[25,-84],[40,-54],[46,-161],[28,-67],[223,-442],[28,-128],[95,-182],[139,-180],[127,-103],[36,-57],[1,-91],[13,-54],[32,-78],[23,-69],[31,-132],[-22,-27],[-56,-169],[-37,-200],[-6,-4],[-33,-171]]],"transform":{"scale":[0.00006108317580950386,0.00005654983932337415],"translate":[150.759628197354,-33.79792082509361]},"objects":{"auspol-maps-2019-p100-alldivisions":{"type":"GeometryCollection","geometries":[{"arcs":[[0]],"type":"Polygon","properties":{"E_div_numb":8,"Elect_div":"Chifley","Numccds":387,"Actual":0,"Projected":0,"Total_Popu":0,"Australian":0,"Area_SqKm":125.94218267579,"Sortname":"Chifley"}}]}}}