{"type":"Topology","arcs":[[[353,52],[-83,-52],[-128,8],[0,37],[-50,-17],[-31,20],[-61,68],[88,17],[56,-2],[92,-6],[38,-54],[79,-19]]],"transform":{"scale":[0.0004506694930976293,0.0004165625468162627],"translate":[150.9706324355917,-33.99522557831188]},"objects":{"auspol-maps-2019-p100-alldivisions":{"type":"GeometryCollection","geometries":[{"arcs":[[0]],"type":"Polygon","properties":{"E_div_numb":1,"Elect_div":"Banks","Numccds":370,"Actual":0,"Projected":0,"Total_Popu":0,"Australian":0,"Area_SqKm":53.007212355657,"Sortname":"Banks"}}]}}}