{"type":"Topology","arcs":[[[257,73],[-43,2],[19,-50],[-8,-25],[-123,33],[20,77],[-18,65],[-36,38],[-47,102],[-21,71],[50,-16],[47,-15],[43,-41],[3,-4],[2,-3],[23,-31],[76,-185],[13,-18]]],"transform":{"scale":[0.0004501912446082743,0.00041897666083011957],"translate":[150.85114551594017,-33.81172375674933]},"objects":{"auspol-maps-2019-p100-alldivisions":{"type":"GeometryCollection","geometries":[{"arcs":[[0]],"type":"Polygon","properties":{"E_div_numb":18,"Elect_div":"Greenway","Numccds":334,"Actual":0,"Projected":0,"Total_Popu":0,"Australian":0,"Area_SqKm":81.34897980184,"Sortname":"Greenway"}}]}}}