{"type":"Topology","arcs":[[[5119,1940],[-144,-119],[-22,-31],[-56,-228],[-40,-147],[-76,-300],[-147,-22],[-53,-3],[-156,2],[-233,6],[-40,-5],[-65,-18],[-61,-37],[-149,-127],[-140,-116],[-127,-120],[-62,-77],[-52,-43],[-53,-50],[-79,-83],[-7,-2],[-149,-166],[-96,-79],[-36,-1],[-256,-82],[-158,-78],[-56,-14],[-55,0],[-182,22],[-102,6],[0,145],[-3,28],[7,98],[-51,-4],[-100,-20],[-94,-11],[-191,0],[-39,15],[-46,35],[-85,84],[-49,34],[-30,12],[-59,14],[-34,1],[-4,179],[-314,-4],[-61,10],[-67,31],[-41,14],[-158,39],[-3,114],[1,201],[-245,-4],[-52,-3],[-2,205],[5,44],[0,114],[-4,293],[0,97],[-237,-60],[-306,-80],[5,401],[-10,-4],[15,7],[30,63],[38,44],[14,25],[36,43],[52,48],[22,30],[26,72],[-5,38],[-17,32],[-58,61],[-21,44],[-10,42],[0,41],[16,55],[22,11],[80,7],[93,-17],[47,-17],[126,-34],[88,-26],[193,-48],[53,-18],[95,-16],[91,-7],[61,-26],[74,-39],[80,-10],[60,5],[39,39],[36,84],[11,165],[20,72],[51,66],[143,125],[121,76],[145,65],[59,79],[157,-80],[84,-58],[81,-85],[42,-126],[13,-96],[40,-100],[51,-117],[20,-97],[0,-141],[10,-60],[14,-45],[50,-72],[17,-48],[0,-43],[-13,-43],[-23,-51],[-4,-98],[33,-62],[67,-52],[85,-7],[73,31],[25,49],[10,55],[45,46],[78,4],[54,-23],[49,-13],[36,-22],[48,0],[30,38],[50,77],[38,82],[42,66],[81,33],[83,19],[76,30],[48,42],[68,17],[77,6],[37,-14],[63,-51],[41,-22],[67,-13],[26,-16],[12,-58],[0,-47],[-24,-32],[2,-36],[53,-26],[44,-41],[10,-20],[82,-55],[30,-5],[64,2],[50,22],[8,8],[23,96],[0,23],[14,30],[53,51],[23,11],[14,25],[-17,36],[2,31],[52,20],[32,23],[72,-15],[24,-16],[3,-40],[-6,-28],[13,-18],[61,-28],[28,-2],[26,12],[35,32],[5,42],[-37,38],[17,44],[37,16],[42,-4],[56,-29],[15,-21],[41,-30],[89,-97],[57,-9],[31,-43],[40,-17],[48,-72]]],"transform":{"scale":[0.00003228129331361826,0.00002987889113986419],"translate":[115.77590321964611,-32.08758735887239]},"objects":{"auspol-maps-2019-p100-alldivisions":{"type":"GeometryCollection","geometries":[{"arcs":[[0]],"type":"Polygon","properties":{"E_div_numb":16,"Elect_div":"Tangney","Numccds":320,"Actual":93090,"Projected":97967,"Total_Popu":0,"Australian":0,"Area_SqKm":83.092372117187,"Sortname":"Tangney"}}]}}}