{"type":"Topology","arcs":[[[127,13],[-33,30],[-3,27],[-39,3],[-52,22],[10,34],[8,8],[46,-15],[61,19],[-14,66],[115,-2],[-10,-87],[14,-23],[-16,-95],[-24,22],[-27,-18],[-36,9]]],"transform":{"scale":[0.0004491426625168307,0.00041926122908877674],"translate":[152.99846664258885,-27.53102964770104]},"objects":{"auspol-maps-2019-p100-alldivisions":{"type":"GeometryCollection","geometries":[{"arcs":[[0]],"type":"Polygon","properties":{"E_div_numb":13,"Elect_div":"Griffith","Numccds":342,"Actual":101827,"Projected":109442,"Total_Popu":0,"Australian":0,"Area_SqKm":53.91233302672,"Sortname":"GRIFFITH"}}]}}}