{"type":"Topology","arcs":[[[2636,825],[-44,-16],[-37,27],[-13,-31],[68,-29],[-55,-36],[10,-57],[-36,-20],[-60,-8],[-18,-33],[-29,32],[-52,-36],[-6,-35],[-40,-28],[-22,16],[-48,-43],[37,-10],[-3,-27],[34,-14],[10,-26],[-56,4],[23,-43],[-43,2],[-2,-63],[35,-20],[80,34],[0,-39],[61,13],[45,-21],[57,5],[36,-21],[-30,-80],[-33,-35],[-514,59],[-20,-27],[-107,-120],[-16,-31],[-22,-68],[-220,23],[-28,-13],[-36,20],[-294,35],[-188,26],[-475,52],[-169,16],[21,16],[-43,43],[14,66],[21,28],[-6,21],[33,14],[-6,28],[-27,26],[31,23],[51,2],[-42,34],[22,40],[-37,5],[2,45],[29,21],[-16,52],[-36,13],[-10,19],[22,42],[56,48],[-33,37],[10,29],[-15,32],[28,40],[-30,56],[-47,29],[-11,38],[-25,8],[14,38],[-26,38],[-27,1],[-24,43],[-64,3],[-50,22],[-18,45],[25,59],[-10,21],[-46,25],[1,36],[-37,8],[43,35],[-9,39],[11,32],[-26,33],[-10,35],[-39,56],[-17,-13],[-63,74],[93,4],[-5,41],[18,16],[4,40],[-13,20],[454,-60],[165,-21],[298,-26],[595,-64],[293,-35],[273,-30],[40,258],[382,-49],[10,-14],[-45,-36],[-4,-49],[21,-18],[14,-71],[41,-26],[-18,-26],[49,-9],[-16,-24],[21,-21],[47,39],[60,-28],[-10,-35],[29,-43],[30,-6],[10,30],[54,-7],[-6,-41],[-60,-77],[-43,12],[-47,-12],[-17,-46],[-48,-28],[-11,-33],[10,-26],[-23,-32],[24,-32],[-31,-19],[-89,30],[18,-101],[38,-18],[-13,-38],[27,-9],[-55,-49],[23,-37],[49,-13]]],"transform":{"scale":[0.0000610795800147784,0.00005654880934734918],"translate":[144.94665068016585,-37.700004254662396]},"objects":{"auspol-maps-2019-p100-alldivisions":{"type":"GeometryCollection","geometries":[{"arcs":[[0]],"type":"Polygon","properties":{"E_div_numb":36,"Elect_div":"Scullin","Numccds":337,"Actual":103164,"Projected":108238,"Total_Popu":0,"Australian":0,"Area_SqKm":116.28,"Sortname":"Scullin"}}]}}}