{"type":"Topology","arcs":[[[229,11],[-50,20],[-14,-24],[-40,29],[-68,-36],[-34,87],[-23,16],[11,63],[72,-11],[29,16],[-12,35],[67,-8],[5,45],[50,8],[34,22],[38,10],[61,-5],[44,-32],[-15,-69],[-95,-111],[-60,-55]]],"transform":{"scale":[0.00045049346751683574,0.00041869815414587045],"translate":[115.83803463095565,-32.034350092400054]},"objects":{"auspol-maps-2019-p100-alldivisions":{"type":"GeometryCollection","geometries":[{"arcs":[[0]],"type":"Polygon","properties":{"E_div_numb":15,"Elect_div":"Swan","Numccds":352,"Actual":93811,"Projected":99687,"Total_Popu":0,"Australian":0,"Area_SqKm":133.88594130483,"Sortname":"Swan"}}]}}}