{"type":"Topology","arcs":[[[861,465],[-81,-46],[-27,-38],[-20,-99],[73,-54],[-33,-19],[-5,-4],[-53,-68],[-16,-43],[-1,-3],[-1,-2],[-1,-2],[-2,-4],[0,-3],[-1,-2],[-1,-4],[-1,-1],[-2,-5],[0,-2],[-156,23],[-13,-49],[-53,-40],[-47,51],[-77,-15],[-88,13],[-78,32],[-22,-2],[-139,173],[-16,38],[73,28],[56,-1],[81,16],[-18,90],[-34,69],[215,94],[20,-8],[62,9],[49,26],[124,-19],[47,-22],[79,-23],[22,4],[41,-53],[44,-35]]],"transform":{"scale":[0.00011298793507767525,0.00010473178077137308],"translate":[151.076967442387,-33.97366417903929]},"objects":{"auspol-maps-2019-p100-alldivisions":{"type":"GeometryCollection","geometries":[{"arcs":[[0]],"type":"Polygon","properties":{"E_div_numb":2,"Elect_div":"Barton","Numccds":380,"Actual":0,"Projected":0,"Total_Popu":0,"Australian":0,"Area_SqKm":39.608255317977,"Sortname":"Barton"}}]}}}