{"type":"Topology","arcs":[[[2797,768],[-140,18],[-297,27],[-585,79],[-14,12],[-87,-507],[-15,-71],[-61,-326],[-39,42],[-55,84],[-90,165],[3,32],[-32,9],[-97,58],[-52,13],[-248,32],[-30,10],[-45,32],[-15,5],[-62,165],[-36,45],[-55,44],[-69,31],[-41,10],[-145,18],[-116,19],[-43,3],[-331,48],[44,265],[39,248],[521,-68],[-2,8],[62,349],[29,160],[16,-4],[585,-74],[300,-36],[76,-11],[438,-52],[382,-48],[8,-27],[28,-25],[71,-17],[13,-53],[-7,-30],[-66,-31],[22,-46],[21,-82],[-5,-30],[-35,-48],[-1,-93],[37,-64],[-2,-71],[22,-6],[-7,-53],[51,-30],[1,-21],[97,-54],[45,7],[28,-50],[-14,-10]]],"transform":{"scale":[0.0000610754194987515,0.000056551298354019145],"translate":[145.04834673448633,-37.98359313071163]},"objects":{"auspol-maps-2019-p100-alldivisions":{"type":"GeometryCollection","geometries":[{"arcs":[[0]],"type":"Polygon","properties":{"E_div_numb":21,"Elect_div":"Hotham","Numccds":406,"Actual":107479,"Projected":109930,"Total_Popu":0,"Australian":0,"Area_SqKm":83.07,"Sortname":"Hotham"}}]}}}