{"type":"Topology","arcs":[[[0,0],[8,17],[43,9],[20,52],[-5,94],[-17,95],[30,74],[-2,79],[-14,117],[-20,61],[6,32],[-19,76],[2,54],[34,38],[-7,120],[-19,35],[0,31],[25,27],[-7,54],[7,26],[-6,78],[-11,34],[28,60],[3,45],[48,72],[5,24],[37,53],[112,99],[17,34],[-3,57],[14,41],[50,93],[11,40],[20,-27],[28,-4],[44,25],[105,16],[298,17],[-2,33],[12,72],[-12,29],[10,28],[-39,45],[21,50],[39,33],[6,-61],[33,-11],[42,-39],[-8,-29],[67,12],[67,-11],[9,-23],[83,-52],[20,-35],[42,17],[55,-22],[19,-42],[38,-8],[26,-51],[54,-38],[-27,-18],[50,-23],[-3,-37],[-22,-39],[-26,-17],[-27,-72],[-57,-15],[-26,13],[-53,-32],[-56,-11],[2,-32],[-55,1],[1,-23],[-55,-4],[1,-28],[79,-67],[-10,-86],[-51,-52],[-18,-106],[11,-19],[142,8],[20,-7],[6,-61],[-38,-15],[-46,3],[-52,-41],[-25,-53],[-36,-1],[-9,-37],[-25,-2],[1,-40],[-37,6],[-28,20],[-56,-10],[-18,-32],[-70,7],[-36,22],[-35,-50],[-46,7],[-36,20],[-84,-43],[10,-21],[-47,-14],[-46,5],[6,-36],[-63,-22],[-46,-33],[-42,6],[8,-42],[-35,-23],[-50,-6],[8,-29],[67,-61],[-9,-57],[-40,-52],[-61,-5],[-8,-51],[19,-55],[18,-242],[-113,-6],[2,-26],[-175,-9]]],"transform":{"scale":[0.0001129701584988488,0.00010477379032179601],"translate":[138.46194114357047,-35.24734011394688]},"objects":{"auspol-maps-2019-p100-alldivisions":{"type":"GeometryCollection","geometries":[{"arcs":[[0]],"type":"Polygon","properties":{"E_div_numb":6,"Elect_div":"Kingston","Numccds":391,"Actual":116847,"Projected":119268,"Total_Popu":0,"Australian":0,"Area_SqKm":165.67,"Sortname":"Kingston"}}]}}}