{"type":"Topology","arcs":[[[3643,848],[-187,16],[-103,-21],[-10,-33],[16,-35],[-6,-29],[-142,19],[-22,-125],[-73,9],[-23,-128],[-298,36],[-30,-192],[-158,19],[-59,1],[-10,-59],[-30,-5],[-50,30],[-56,-351],[-25,3],[-22,35],[-37,-4],[-26,43],[-29,14],[-246,1],[-24,34],[-64,40],[-5,-24],[-53,-21],[-53,-1],[-61,-3],[-46,21],[-172,18],[-65,26],[-55,1],[-51,29],[-35,-23],[-31,4],[-29,41],[-56,11],[-33,-20],[-38,22],[-57,9],[-13,16],[-58,-13],[-4,-13],[-68,-35],[-63,17],[-42,25],[-31,14],[-25,-7],[-37,16],[-51,6],[-21,42],[-60,20],[-6,36],[-47,35],[-25,30],[-21,60],[-50,37],[-30,4],[-173,-4],[-29,16],[-17,31],[-46,9],[-19,-8],[-30,-39],[-50,-2],[-33,-28],[-40,6],[19,73],[19,33],[-3,45],[32,23],[51,-27],[20,31],[-57,29],[-7,40],[18,7],[54,-15],[39,57],[13,34],[-27,21],[-9,42],[-65,-14],[27,44],[79,-22],[5,22],[-42,17],[18,38],[54,-2],[19,47],[41,-26],[43,0],[49,-26],[36,13],[34,53],[5,22],[48,3],[55,-58],[88,-43],[41,-10],[53,4],[41,38],[105,24],[2,30],[37,-11],[18,22],[-35,33],[-48,-7],[-4,58],[28,58],[14,14],[46,7],[127,-46],[41,33],[-24,47],[9,59],[15,21],[-12,28],[24,152],[11,35],[39,230],[11,101],[27,156],[20,128],[424,-59],[158,-18],[19,90],[58,-64],[79,-11],[5,19],[55,-5],[59,67],[18,-3],[33,59],[28,134],[-29,29],[27,119],[56,2],[-35,30],[21,19],[29,-3],[16,48],[52,-14],[31,91],[160,-21],[-8,-81],[6,-70],[64,-11],[15,67],[78,-10],[5,29],[45,2],[-6,-49],[69,-9],[21,24],[89,26],[32,-8],[27,-23],[75,-10],[-11,-63],[-28,4],[-8,-49],[44,17],[86,-8],[0,-27],[23,-20],[91,-58],[29,-34],[5,-38],[-16,-54],[22,-16],[9,-33],[-27,-45],[26,-27],[-15,-57],[52,-91],[-48,-25],[-27,-48],[-27,6],[-33,-29],[6,-28],[48,8],[24,-51],[55,17],[-17,68],[77,-5],[14,-26],[-7,-48],[50,-43],[-49,-100],[73,7],[1,35],[23,8],[44,-11],[29,-41],[10,-47],[42,40],[12,30],[-30,7],[-3,49],[-33,34],[-4,21],[27,51],[43,45],[59,2],[28,10],[-19,-89],[-33,-26],[26,-13],[12,-33],[35,-12],[-20,-124],[26,-64],[-23,-78],[-16,-18],[-114,-57],[-24,-31],[-24,-164],[43,-92],[76,-69],[30,-68],[-19,-129]]],"transform":{"scale":[0.00006108250642669548,0.000056539626644859845],"translate":[145.06709750433754,-37.81073106143172]},"objects":{"auspol-maps-2019-p100-alldivisions":{"type":"GeometryCollection","geometries":[{"arcs":[[0]],"type":"Polygon","properties":{"E_div_numb":33,"Elect_div":"Menzies","Numccds":378,"Actual":107503,"Projected":109176,"Total_Popu":0,"Australian":0,"Area_SqKm":184.73,"Sortname":"Menzies"}}]}}}