{"type":"Topology","arcs":[[[739,301],[-214,-95],[33,-68],[18,-91],[-81,-16],[-56,1],[-73,-27],[-24,-5],[-139,4],[-203,27],[9,57],[19,54],[-5,28],[36,119],[-23,81],[-25,19],[50,314],[-12,28],[11,41],[39,-13],[76,-4],[57,-29],[33,-44],[31,-101],[-3,-28],[104,-48],[61,-18],[30,41],[34,27],[81,-26],[22,13],[57,3],[43,-18],[46,8],[46,-24],[39,4],[-2,-106],[-54,-64],[-61,-44]]],"transform":{"scale":[0.00011289693394631326,0.00010478848199535139],"translate":[151.0356116182996,-33.94375028574909]},"objects":{"auspol-maps-2019-p100-alldivisions":{"type":"GeometryCollection","geometries":[{"arcs":[[0]],"type":"Polygon","properties":{"E_div_numb":44,"Elect_div":"Watson","Numccds":399,"Actual":0,"Projected":0,"Total_Popu":0,"Australian":0,"Area_SqKm":47.483262096275,"Sortname":"Watson"}}]}}}