{"type":"Topology","arcs":[[[6483,2835],[-127,-105],[-55,-41],[-40,-41],[-47,-36],[-90,-89],[-60,-66],[-98,-125],[-57,-99],[-44,-94],[-38,-91],[-20,-82],[-7,-73],[1,-58],[22,-106],[17,-39],[67,-101],[45,-5],[56,15],[111,65],[24,8],[129,-83],[-10,-24],[-114,-53],[4,-48],[-74,-30],[-91,-58],[-35,-34],[-23,-60],[31,-14],[15,-51],[-21,-8],[-17,-31],[-45,-7],[0,-27],[16,-22],[-11,-18],[-37,-17],[-14,2],[-16,24],[-30,11],[-19,-8],[-110,-74],[-27,-27],[-14,-71],[-13,-15],[-47,-8],[-28,-16],[-24,-26],[-12,-30],[-51,-9],[-13,-28],[-27,-7],[-51,0],[-28,-9],[-48,0],[-23,-37],[-27,-56],[-50,8],[-58,-18],[-166,-122],[-63,-37],[-46,-32],[-22,-24],[-16,-65],[-58,-45],[-22,-35],[-29,-20],[-36,0],[-59,-25],[-2,-30],[-24,-15],[-48,-6],[-31,-16],[-95,-65],[-50,-53],[-20,-13],[-26,-30],[-46,-34],[-24,-26],[-42,6],[-94,51],[-84,21],[-84,41],[28,144],[-362,58],[-443,72],[-43,16],[-23,-22],[-30,-5],[0,27],[-432,73],[-44,4],[71,147],[-51,46],[9,59],[22,107],[-40,-20],[-22,1],[-52,16],[-33,18],[-62,20],[-50,9],[-39,-1],[-106,18],[-29,-11],[-27,28],[-89,174],[-42,26],[-79,-10],[-30,-8],[-38,3],[-9,42],[-36,67],[-33,39],[-25,12],[-165,26],[-50,24],[31,60],[28,39],[28,29],[84,61],[35,38],[34,81],[11,16],[55,54],[80,67],[17,28],[4,50],[-10,17],[-139,-23],[-69,-23],[-105,-50],[-81,-21],[-70,-5],[-67,5],[-58,11],[-71,31],[-128,81],[-88,50],[-63,30],[-88,32],[-107,24],[-75,9],[-125,3],[-118,28],[-61,22],[-59,29],[-54,35],[-49,40],[-33,32],[-184,197],[-45,39],[-49,32],[184,229],[55,75],[25,-4],[96,478],[36,209],[16,98],[129,-2],[59,-3],[56,-15],[108,-12],[174,-33],[40,-36],[23,-13],[36,-6],[35,8],[168,149],[994,877],[34,29],[43,21],[-34,85],[24,21],[66,17],[43,-40],[99,-48],[58,8],[4,54],[27,18],[39,48],[149,-104],[40,-56],[94,-79],[89,-52],[69,-24],[67,-13],[99,-1],[86,21],[37,-2],[106,-21],[116,-46],[152,-33],[47,-13],[128,-43],[37,-20],[69,-51],[56,-60],[23,-77],[40,-73],[56,-79],[60,-31],[55,-2],[85,-41],[66,-26],[137,-46],[120,-33],[65,-11],[143,-10],[109,-2],[107,4],[103,-12],[70,-15],[99,-36],[55,-30],[47,-34],[38,-36],[43,-71],[71,-188],[41,-166],[36,-130],[235,-17],[260,-42],[241,-42]]],"transform":{"scale":[0.000032278363644015235,0.00002988591912110041],"translate":[151.60085531765134,-32.96295719662278]},"objects":{"auspol-maps-2019-p100-alldivisions":{"type":"GeometryCollection","geometries":[{"arcs":[[0]],"type":"Polygon","properties":{"E_div_numb":31,"Elect_div":"Newcastle","Numccds":379,"Actual":0,"Projected":0,"Total_Popu":0,"Australian":0,"Area_SqKm":170.78396268789,"Sortname":"Newcastle"}}]}}}