{"type":"Topology","arcs":[[[885,0],[-272,46],[-39,1],[-38,45],[-40,7],[-80,-5],[-104,-20],[-24,13],[-26,32],[-40,12],[-78,-21],[-12,-15],[-55,-22],[-63,37],[2,55],[-16,67],[30,20],[53,82],[11,42],[3,1],[26,-20],[29,5],[0,1],[0,4],[-1,2],[-11,10],[-1,0],[-1,0],[-2,0],[-10,5],[-1,1],[-6,33],[-1,1],[-4,4],[0,1],[11,2],[0,-1],[12,34],[1,-1],[3,47],[22,17],[67,7],[49,-11],[-10,72],[67,-15],[32,-25],[61,11],[27,-19],[219,72],[4,34],[97,-28],[16,-21],[30,4],[48,-32],[71,20],[11,-55],[-10,-55],[19,-27],[-18,-44],[8,-25],[-36,-14],[25,-26],[-17,-90],[-68,-36],[-42,14],[-45,-75],[61,-56],[56,-102]]],"transform":{"scale":[0.00011293678810526784,0.00010474954430296758],"translate":[151.12668014284435,-33.854505514404906]},"objects":{"auspol-maps-2019-p100-alldivisions":{"type":"GeometryCollection","geometries":[{"arcs":[[0]],"type":"Polygon","properties":{"E_div_numb":32,"Elect_div":"North Sydney","Numccds":366,"Actual":0,"Projected":0,"Total_Popu":0,"Australian":0,"Area_SqKm":52.820341591442,"Sortname":"North Sydney"}}]}}}