{"type":"Topology","arcs":[[[262,0],[-81,11],[-30,23],[-43,-8],[-61,10],[-47,-5],[15,62],[53,42],[91,-6],[20,14],[33,-53],[50,-90]]],"transform":{"scale":[0.00045079980465584325,0.0004187852015791504],"translate":[144.90641300624443,-37.834352693306315]},"objects":{"auspol-maps-2019-p100-alldivisions":{"type":"GeometryCollection","geometries":[{"arcs":[[0]],"type":"Polygon","properties":{"E_div_numb":32,"Elect_div":"Melbourne","Numccds":341,"Actual":104982,"Projected":111134,"Total_Popu":0,"Australian":0,"Area_SqKm":40.46,"Sortname":"Melbourne"}}]}}}