{"type":"Topology","arcs":[[[1161,331],[0,-1],[-3,-1],[-1,-1],[-33,2],[0,-1],[0,-1],[0,-2],[0,-2],[0,-1],[-2,-5],[-2,0],[-40,-9],[-1,0],[-2,-2],[-2,0],[-4,-4],[-1,0],[-2,-2],[-2,-2],[-41,-33],[2,-1],[8,-3],[1,-1],[19,3],[1,0],[-4,-10],[-2,1],[-13,-4],[-5,-3],[-2,0],[-4,-1],[-2,-1],[-2,-1],[-2,-1],[-7,-3],[-2,-1],[-7,-3],[-2,0],[-8,-24],[-49,-26],[-79,-11],[18,-25],[-64,-38],[-44,-72],[-43,18],[-57,-3],[-22,-13],[-81,25],[-34,-26],[-30,-42],[-61,19],[-104,47],[3,29],[-31,100],[-33,45],[-57,28],[-76,4],[-39,13],[0,1],[7,40],[-28,54],[-25,16],[60,80],[-125,73],[46,31],[28,-2],[65,27],[25,40],[25,9],[100,-3],[53,22],[28,24],[42,-8],[72,2],[81,-25],[38,-36],[32,-63],[44,-2],[17,-35],[34,8],[20,-23],[51,-9],[37,-32],[34,1],[62,-37],[56,22],[12,15],[78,21],[39,-12],[27,-32],[-21,-21],[26,-20],[33,-48],[-23,-32]]],"transform":{"scale":[0.0001129307617565608,0.00010479993311770361],"translate":[151.02982608850502,-33.89276747093888]},"objects":{"auspol-maps-2019-p100-alldivisions":{"type":"GeometryCollection","geometries":[{"arcs":[[0]],"type":"Polygon","properties":{"E_div_numb":37,"Elect_div":"Reid","Numccds":385,"Actual":0,"Projected":0,"Total_Popu":0,"Australian":0,"Area_SqKm":55.106740631561,"Sortname":"Reid"}}]}}}