{"type":"Topology","arcs":[[[1050,515],[0,-19],[-48,-280],[-115,14],[-39,-230],[-410,49],[-79,-4],[-12,64],[-62,15],[-34,-4],[-33,32],[34,33],[-45,27],[-16,28],[-47,9],[-15,74],[12,54],[-55,3],[-45,50],[25,22],[-66,46],[19,14],[41,-37],[42,14],[64,-8],[-8,43],[16,24],[-36,69],[49,-12],[67,-1],[32,-27],[73,2],[40,46],[-41,6],[33,38],[66,-15],[14,-26],[68,44],[31,-28],[26,18],[66,13],[27,26],[49,-30],[111,0],[26,-20],[11,-33],[75,-65],[12,-23],[77,-15]]],"transform":{"scale":[0.00011295558170421113,0.00010476901598312617],"translate":[144.99980409035655,-37.850345738720584]},"objects":{"auspol-maps-2019-p100-alldivisions":{"type":"GeometryCollection","geometries":[{"arcs":[[0]],"type":"Polygon","properties":{"E_div_numb":25,"Elect_div":"Kooyong","Numccds":361,"Actual":107353,"Projected":109549,"Total_Popu":0,"Australian":0,"Area_SqKm":55.89,"Sortname":"Kooyong"}}]}}}