{"type":"Topology","arcs":[[[3048,237],[-28,38],[-58,12],[-40,34],[-17,48],[-55,19],[-88,7],[-47,-30],[-52,4],[-65,-29],[-51,-45],[-122,-58],[-25,50],[-101,21],[18,-32],[-47,-42],[39,-26],[-16,-93],[-59,30],[-105,-112],[-1,-33],[-45,2],[-36,25],[-41,10],[-111,-4],[-48,27],[-93,13],[18,-50],[-140,17],[-36,57],[6,30],[-16,49],[18,43],[-12,47],[9,62],[-68,-10],[-21,-23],[-58,4],[-13,24],[-113,-37],[-80,61],[-55,-42],[-12,-35],[-44,-17],[-5,-38],[-56,-3],[-24,32],[-61,48],[14,89],[-15,51],[-42,36],[-60,21],[-2,33],[-53,12],[-53,34],[-14,-53],[-120,16],[-24,28],[17,32],[-72,9],[11,78],[-208,27],[29,53],[38,16],[-22,31],[-32,4],[3,49],[-50,66],[-7,37],[-46,-21],[-42,0],[-11,62],[-32,25],[-26,-22],[-88,88],[-28,-10],[-4,51],[-45,7],[-7,64],[31,59],[-26,48],[66,30],[-24,34],[13,59],[1,80],[33,70],[37,34],[3,52],[-15,28],[-3,78],[-18,59],[22,32],[-28,34],[35,61],[26,7],[23,35],[23,-16],[7,-40],[34,-34],[54,-29],[22,2],[66,-102],[19,-50],[60,5],[44,40],[84,118],[0,53],[25,19],[-5,81],[-33,10],[4,43],[73,26],[5,56],[-14,31],[60,59],[7,55],[71,-11],[42,-19],[44,12],[-2,69],[40,25],[50,8],[28,23],[2,65],[62,67],[48,16],[122,-22],[7,93],[-25,15],[-1,42],[26,63],[57,53],[64,20],[81,-10],[56,13],[14,-20],[45,-9],[-34,-124],[10,-44],[37,17],[63,-11],[30,30],[64,9],[10,21],[170,-28],[64,-33],[55,18],[25,31],[24,-15],[51,-3],[25,-14],[94,0],[34,11],[22,-75],[28,-21],[50,13],[42,41],[40,-16],[56,19],[37,60],[13,40],[55,24],[21,34],[36,-29],[248,112],[0,4],[27,55],[9,42],[-6,66],[-18,90],[23,44],[-3,2],[-9,47],[-29,35]],[[2906,3277],[-32,-17],[-48,0],[9,52],[70,78],[58,25],[52,36],[98,81],[95,98],[72,102],[58,122],[16,99],[-10,50],[-71,122],[-49,69],[-67,50],[-54,27],[78,88],[35,52],[15,12],[28,24],[1,1],[3,2],[1,1],[21,17],[1,2],[17,14],[1,0],[4,3],[1,0]],[[3309,4487],[0,1],[20,10],[0,1],[9,5],[1,0],[29,14],[1,0],[1,1],[1,0],[22,12]],[[3393,4531],[16,-1],[13,1],[1,0],[5,-35],[-16,-229],[3,-103],[20,-101],[32,-75],[27,-43],[63,-50],[57,-11],[5,-78],[11,-18],[-17,-55],[-56,-117],[-132,-307],[-119,-261],[-52,-123],[-93,-226],[-86,-228],[-32,-102],[-32,-148],[3,-131],[21,-88],[-19,-48],[-18,-86],[20,-150],[17,-46],[42,-61],[46,-44],[52,-20],[53,9],[-24,-78],[-72,-172],[-45,-128],[-48,-158],[-53,-227],[-13,-114],[5,-77],[37,-85],[81,2],[-39,-215],[-9,-67]]],"transform":{"scale":[0.00045106048931267136,0.0004194811199688615],"translate":[151.7206108534623,-26.597828412040897]},"objects":{"auspol-maps-2019-p100-alldivisions":{"type":"GeometryCollection","geometries":[{"arcs":[[0,1,2,3]],"type":"Polygon","properties":{"E_div_numb":29,"Elect_div":"Wide Bay","Numccds":387,"Actual":102737,"Projected":107139,"Total_Popu":0,"Australian":0,"Area_SqKm":14226.664950486,"Sortname":"WIDE BAY"}}]}}}