{"type":"Topology","arcs":[[[783,1204],[-158,-8],[15,-235],[21,-14],[-22,-119],[25,-21],[8,-125],[-35,-85],[9,-109],[25,1],[28,-407],[-153,-82],[-80,17],[-3,31],[-31,-1],[-17,57],[-57,11],[-71,-5],[-74,189],[-21,64],[-16,86],[-66,250],[-24,110],[-29,96],[-9,46],[-28,89],[-20,97],[2,108],[30,91],[34,58],[51,116],[8,64],[-6,96],[-14,44],[-56,6],[34,49],[-66,73],[85,117],[78,53],[74,19],[80,-34],[17,-47],[-23,-84],[-21,-104],[-6,-88],[18,-65],[-6,-105],[-46,-77],[-3,-116],[-23,-22],[-54,-7],[5,-32],[79,35],[16,51],[10,75],[60,110],[-4,53],[157,-40],[59,-4],[3,22],[29,25],[32,-9],[43,-72],[49,-45],[53,-20],[20,7],[81,-66],[-106,-6],[10,-162]],[[621,1688],[-33,-12],[-54,2],[-63,-18],[-50,-68],[-48,39],[-16,51],[20,174],[26,62],[8,50],[-10,30],[-70,80],[42,12],[28,-27],[58,-98],[8,-29],[126,-165],[28,-83]],[[602,1621],[-35,-47],[-30,-10],[-107,17],[34,28],[23,37],[58,19],[33,-42],[24,-2]]],"transform":{"scale":[0.00011299005855981996,0.00010480252557121984],"translate":[138.47608354973505,-34.97592867681887]},"objects":{"auspol-maps-2019-p100-alldivisions":{"type":"GeometryCollection","geometries":[{"arcs":[[[0]],[[1]],[[2]]],"type":"MultiPolygon","properties":{"E_div_numb":5,"Elect_div":"Hindmarsh","Numccds":392,"Actual":120587,"Projected":122634,"Total_Popu":0,"Australian":0,"Area_SqKm":122.42,"Sortname":"Hindmarsh"}}]}}}