{"type":"Topology","arcs":[[[935,2],[-274,-2],[-26,42],[-8,64],[5,74],[-26,57],[1,24],[-53,43],[31,33],[22,44],[41,-9],[3,-1],[12,-1],[39,-19],[0,-54],[21,-21],[46,-7],[25,-27],[52,-18],[57,30],[14,-41],[57,-56],[-42,-49],[3,-106]],[[180,424],[-12,-19],[-143,-19],[-25,13],[36,43],[40,20],[62,-2],[42,-36]]],"transform":{"scale":[0.0004507566248564484,0.00041937173547495343],"translate":[115.47716347304548,-32.18134369815435]},"objects":{"auspol-maps-2019-p100-alldivisions":{"type":"GeometryCollection","geometries":[{"arcs":[[[0]],[[1]]],"type":"MultiPolygon","properties":{"E_div_numb":7,"Elect_div":"Fremantle","Numccds":311,"Actual":94241,"Projected":100408,"Total_Popu":0,"Australian":0,"Area_SqKm":196.29688468202,"Sortname":"Fremantle"}}]}}}