{"type":"Topology","arcs":[[[5218,1224],[-19,1],[-123,48],[-122,39],[-125,20],[-40,-22],[-5,-24],[-132,-26],[-71,-81],[14,-27],[-82,-43],[-96,-81],[-93,21],[-117,7],[-46,-27],[-244,6],[-77,-7],[-23,-21],[-71,-28],[-70,-8],[-59,9],[-80,38],[-73,51],[-4,49],[48,52],[18,49],[101,102],[54,-13],[148,78],[75,54],[104,180],[90,52],[64,11],[66,36],[16,93],[-8,98],[31,18],[9,39],[72,10],[-8,87],[11,44],[96,64],[55,-1],[44,23],[24,108],[-20,17],[75,32],[13,52],[-34,34],[-52,29],[87,18],[-12,32],[63,3],[51,-24],[22,44],[-14,78],[-6,56],[56,71],[-17,21],[34,28],[3,45],[37,42],[39,10],[13,46],[15,42],[-6,38],[17,52],[48,44],[66,-20],[10,28],[-6,60],[29,27],[50,111],[27,-53],[63,5],[47,-18],[38,-63],[3,-50],[134,-61],[36,-42],[87,-44],[-14,-15],[-79,-25],[16,-71],[-63,-46],[-12,-28],[133,-81],[-33,-48],[46,-66],[-22,-60],[14,-27],[-14,-48],[-4,-64],[33,-123],[-37,-65],[87,-64],[-1,-116],[44,-5],[48,-37],[112,-51],[-30,-520],[-217,-70],[-29,-29],[-60,1],[-57,-13],[-31,-27],[-11,-41],[-64,-36],[-64,17],[-39,-10]],[[3551,550],[-54,-16],[-101,-77],[-54,-56],[-41,3],[-187,91],[-62,12],[-61,-26],[-75,31],[-99,15],[-107,0],[-43,-10],[-22,-51],[-55,0],[-86,-17],[-91,-50],[-32,-33],[-17,-77],[40,-57],[-3,-35],[-34,-48],[-42,-20],[-99,-20],[-74,-70],[-41,-2],[-49,-37],[-88,64],[-88,73],[-28,39],[-43,11],[-64,-5],[-67,13],[-33,-6],[-39,23],[-113,22],[-57,-17],[-16,-68],[-68,-26],[-32,-31],[-64,37],[-23,-16],[-54,11],[-70,-17],[-87,22],[-71,-21],[-48,1],[-62,-40],[-47,29],[-77,33],[-62,-6],[-35,-39],[-73,12],[-57,-44],[-66,11],[-45,-41],[2,59],[-42,78],[-81,95],[-62,25],[-45,-15],[-53,28],[1,41],[-84,85],[-21,50],[15,36],[53,27],[-8,49],[12,42],[29,37],[-11,70],[29,40],[67,9],[49,-7],[128,20],[45,41],[75,-3],[61,29],[11,27],[167,15],[72,12],[127,34],[137,2],[93,17],[35,-4],[117,39],[47,54],[46,-8],[49,28],[43,-8],[66,41],[73,9],[79,33],[22,24],[52,-1],[35,-17],[72,-9],[49,7],[98,-19],[98,35],[36,-33],[80,20],[39,37],[97,1],[57,13],[-9,-65],[-50,4],[-85,-66],[1,-34],[45,-25],[59,17],[54,-10],[5,-35],[-48,-24],[-36,-33],[-5,-33],[-56,-50],[8,-38],[44,-15],[57,10],[91,-19],[142,9],[80,31],[27,-2],[51,-82],[-29,-17],[-103,-96],[5,-42],[29,-24],[30,25],[49,-26],[41,20],[-34,36],[-73,-1],[28,58],[99,-33],[66,12],[87,86],[5,74],[30,26],[81,-9],[66,3],[92,-26],[69,-29],[48,-41],[-2,-49],[47,-55],[69,-39],[35,-52]]],"transform":{"scale":[0.0004510179488912273,0.0004194682537109596],"translate":[136.53337572022951,-36.072350909297356]},"objects":{"auspol-maps-2019-p100-alldivisions":{"type":"GeometryCollection","geometries":[{"arcs":[[[0]],[[1]]],"type":"MultiPolygon","properties":{"E_div_numb":8,"Elect_div":"Mayo","Numccds":398,"Actual":118942,"Projected":123713,"Total_Popu":0,"Australian":0,"Area_SqKm":9135.12,"Sortname":"Mayo"}}]}}}