{"type":"Topology","arcs":[[[425,61],[-21,-20],[0,-41],[-49,1],[0,37],[-46,16],[-77,-7],[-1,41],[-87,6],[-28,15],[-65,-9],[-26,50],[60,11],[11,49],[-65,114],[10,22],[-41,61],[68,16],[2,-48],[54,-7],[47,31],[72,0],[-1,-179],[178,0],[5,-159]]],"transform":{"scale":[0.0004504812837854602,0.0004186687267630054],"translate":[115.77364254457282,-31.887676734152855]},"objects":{"auspol-maps-2019-p100-alldivisions":{"type":"GeometryCollection","geometries":[{"arcs":[[0]],"type":"Polygon","properties":{"E_div_numb":3,"Elect_div":"Cowan","Numccds":318,"Actual":93613,"Projected":100388,"Total_Popu":0,"Australian":0,"Area_SqKm":179.89785250451,"Sortname":"Cowan"}}]}}}