{"type":"Topology","arcs":[[[3673,3503],[-36,-16],[-44,8],[-41,56],[-30,-11],[-44,16],[-19,-17],[-41,-64],[-29,-102],[-77,-31],[14,-37],[-53,-33],[-35,-10],[-1,-21],[-40,-36],[-33,-5],[-39,-44],[11,-16],[-1,-55],[-61,-50],[-48,47],[-55,-29],[-27,-43],[-31,-5],[12,-81],[15,-26],[-35,-111],[-45,-45],[19,-89],[-13,-34],[-44,-16],[-13,-28],[32,-38],[3,-52],[226,-20],[23,-19],[19,-43],[71,-4],[22,-13],[18,-62],[30,-37],[41,-15],[5,-38],[-13,-30],[36,-12],[31,-28],[-21,-39],[50,-93],[17,-61],[17,-1],[26,-50],[30,-27],[26,-58],[19,-19],[-4,-26],[12,-41],[77,-79],[5,-45],[30,-13],[-17,-29],[5,-33],[33,-2],[-1,-52],[-63,3],[-93,11],[-287,70],[-180,35],[-135,17],[6,-17],[-47,-15],[-15,-15],[21,-54],[-41,-23],[-29,-28],[5,-47],[77,-37],[-3,-93],[-23,-40],[42,-19],[58,9],[24,-26],[10,-45],[-6,-30],[-28,-47],[-60,9],[-9,-38],[21,-24],[11,-78],[-2,-27],[-75,-68],[12,-46],[69,-5],[7,-52],[-16,-54],[10,-17],[40,-9],[3,-88],[10,-12],[-18,-121],[37,-54],[-41,-105],[29,-29],[18,-38],[-25,-29],[22,-18],[-21,-43],[53,-11],[11,-34],[40,-27],[-29,-14],[-14,-41],[-88,-32],[-397,58],[-149,22],[-224,31],[-46,7],[-80,54],[-64,22],[-180,12],[-10,68],[-64,90],[-27,63],[-64,64],[-5,32],[-62,7],[-95,46],[-84,24],[-15,-12],[-154,-42],[-126,-42],[-139,-71],[-91,-43],[-104,-25],[-45,-26],[-26,-26],[-30,-71],[-47,-7],[-30,21],[-31,-10],[-34,14],[-41,-23],[-76,8],[-27,38],[-12,41],[-60,6],[-154,-4],[-43,7],[-45,39],[-42,84],[-19,52],[-3,36],[20,57],[32,118],[54,85],[46,51],[41,24],[152,60],[96,75],[77,76],[55,93],[55,78],[27,50],[82,105],[56,123],[69,120],[31,25],[-49,22],[29,30],[22,38],[2,33],[-11,47],[17,71],[-21,53],[11,44],[-15,59],[11,33],[25,30],[17,48],[-18,42],[-54,23],[15,70],[18,38],[26,138],[35,-4],[13,62],[-75,12],[26,159],[71,-11],[21,102],[100,-15],[36,56],[15,138],[-5,63],[20,168],[-32,280],[17,70],[30,58],[82,38],[22,22],[13,58],[-2,63],[-25,88],[44,95],[54,142],[39,72],[43,112],[35,59],[35,42],[61,54],[40,-9],[69,18],[40,25],[84,113],[0,25],[147,-21],[186,-66],[26,-14],[284,-95],[203,-73],[369,-125],[6,-7],[132,-45],[93,-104],[64,-103],[77,-194],[196,-238],[66,-70]]],"transform":{"scale":[0.00006108150397809775,0.000056550343468892866],"translate":[150.5880646247981,-33.87570046419718]},"objects":{"auspol-maps-2019-p100-alldivisions":{"type":"GeometryCollection","geometries":[{"arcs":[[0]],"type":"Polygon","properties":{"E_div_numb":23,"Elect_div":"Lindsay","Numccds":374,"Actual":0,"Projected":0,"Total_Popu":0,"Australian":0,"Area_SqKm":339.03662835054,"Sortname":"Lindsay"}}]}}}