{"type":"Topology","arcs":[[[3205,986],[-32,1],[-29,-11],[-24,-23],[-15,-29],[-8,-34],[-20,-38],[-41,-38],[-24,-10],[-51,-4],[-52,-17],[-66,-46],[-39,-15],[-59,13],[-37,-7],[-55,-51],[-78,-49],[-30,-11],[-60,9],[-68,2],[-35,17],[-44,-14],[0,-26],[-18,-25],[-23,-12],[-34,6],[-32,-6],[-36,-38],[-22,-34],[-7,-85],[-22,-46],[-11,-59],[-3,-78],[36,-61],[12,-45],[-5,-15],[-42,-33],[-21,-32],[-24,5],[-4,-24],[-38,-15],[-62,-8],[-103,14],[-1,21],[-226,30],[-3,-5],[-136,19],[19,73],[-245,52],[46,71],[2,5],[13,37],[3,37],[-20,78],[5,61],[33,69],[-412,89],[-46,12],[-234,52],[1,55],[-9,475],[8,27],[-150,37],[1,7],[-380,93],[108,353],[-35,41],[-32,49],[-21,42],[-18,61],[-24,212],[-8,52],[-12,45],[-23,58],[-37,69],[-46,63],[123,121],[-2,-21],[26,-33],[3,-23],[33,13],[45,-2],[0,-28],[33,-12],[-4,-21],[50,-2],[12,27],[35,5],[19,-18],[25,2],[11,29],[58,-20],[68,-4],[30,-32],[32,-6],[45,-53],[54,-51],[75,-63],[214,-175],[70,-50],[93,-104],[39,-23],[46,2],[194,96],[172,82],[30,0],[40,-10],[21,23],[77,41],[91,68],[25,45],[10,47],[19,45],[31,38],[2,2],[21,40],[4,74],[17,29],[130,89],[28,10],[153,2],[76,-7],[28,4],[32,26],[14,50],[78,106],[61,24],[36,-17],[181,-9],[71,10],[88,47],[52,33],[82,19],[24,-61],[22,-21],[51,-36],[10,-25],[4,-104],[6,-72],[28,-101],[2,-24],[174,-121],[27,-71],[61,-48],[37,-39],[48,-80],[13,-10],[42,4],[19,-18],[12,-40],[0,-26],[-39,-65],[3,-46],[-180,-42],[-80,-37],[-53,-18],[-37,-96],[-9,-37],[-13,-201],[-20,-132],[-8,-104],[-17,-131],[-12,-112],[-7,-19]]],"transform":{"scale":[0.00003228252291919434,0.000029879905603635725],"translate":[150.9476210730448,-33.853699498554434]},"objects":{"auspol-maps-2019-p100-alldivisions":{"type":"GeometryCollection","geometries":[{"arcs":[[0]],"type":"Polygon","properties":{"E_div_numb":35,"Elect_div":"Parramatta","Numccds":402,"Actual":0,"Projected":0,"Total_Popu":0,"Australian":0,"Area_SqKm":56.770103353206,"Sortname":"Parramatta"}}]}}}