{"type":"Topology","arcs":[[[746,64],[-110,7],[-122,-71],[-143,16],[-49,8],[-25,3],[2,14],[32,189],[-67,18],[-51,26],[-13,46],[27,38],[-3,19],[-47,19],[9,55],[-25,63],[-14,13],[-51,-3],[-20,54],[-31,24],[30,20],[-7,24],[-51,-3],[-17,19],[16,69],[101,-33],[9,-36],[48,1],[-5,38],[-24,15],[-59,3],[20,31],[-3,27],[36,-34],[50,-22],[91,-11],[207,172],[166,141],[40,8],[1,0],[-1,0],[-4,-4],[-6,-5],[-16,-10],[-8,-12],[7,-68],[-52,-43],[68,-81],[44,-44],[67,-21],[55,-45],[-1,-29],[38,-33],[3,-21],[37,-74],[-35,-2],[-20,-61],[31,-16],[42,2],[-18,-54],[47,-20],[0,-100],[-18,-24],[7,-36],[28,-93],[-19,-14],[-115,13],[-109,-72]]],"transform":{"scale":[0.0001129893190985024,0.00010477974165147672],"translate":[144.82859526421248,-37.80194684824774]},"objects":{"auspol-maps-2019-p100-alldivisions":{"type":"GeometryCollection","geometries":[{"arcs":[[0]],"type":"Polygon","properties":{"E_div_numb":30,"Elect_div":"Maribyrnong","Numccds":361,"Actual":110235,"Projected":113924,"Total_Popu":0,"Australian":0,"Area_SqKm":64.15,"Sortname":"Maribyrnong"}}]}}}