{"type":"Topology","arcs":[[[453,143],[-26,-143],[-33,51],[-57,16],[-90,-32],[-51,67],[6,36],[-54,25],[-18,38],[15,89],[40,32],[-20,27],[-38,6],[-3,72],[-39,66],[14,48],[-26,55],[3,53],[-76,10],[24,87],[23,10],[45,62],[-26,26],[-7,67],[-41,18],[26,35],[163,-22],[21,-40],[58,-23],[52,7],[16,77],[82,-10],[38,12],[12,-86],[49,-43],[42,-26],[37,-47],[-11,-100],[43,-62],[3,-26],[50,-18],[53,23],[55,-35],[24,-37],[32,-7],[-53,-43],[-13,-25],[-103,-30],[0,-45],[-18,-60],[-44,27],[-54,4],[-34,-24],[-78,6],[-33,24],[-32,-24],[-4,-31],[-35,-19],[-21,-79],[27,-20],[37,8],[48,-27]]],"transform":{"scale":[0.00045087747388225155,0.0004191425921809548],"translate":[144.20257651123643,-38.2144864842221]},"objects":{"auspol-maps-2019-p100-alldivisions":{"type":"GeometryCollection","geometries":[{"arcs":[[0]],"type":"Polygon","properties":{"E_div_numb":10,"Elect_div":"Corio","Numccds":370,"Actual":107954,"Projected":109503,"Total_Popu":0,"Australian":0,"Area_SqKm":773.2,"Sortname":"Corio"}}]}}}