{"type":"Topology","arcs":[[[2911,836],[-61,-100],[-15,-53],[-74,-157],[-56,-69],[-91,-67],[-203,-112],[-87,-73],[-60,-76],[-90,-74],[-134,-55],[-5,37],[1,1],[-64,118],[-49,27],[-101,2],[-57,28],[-51,80],[-6,49],[10,45],[-4,36],[-52,70],[-6,29],[12,81],[-8,31],[-45,42],[-125,-74],[-110,14],[-63,29],[-50,41],[-34,38],[-27,-35],[-107,-29],[-27,-37],[-92,-75],[-29,28],[-311,45],[-226,35],[-38,18],[-31,-5],[-70,9],[-22,-6],[6,-48],[20,-47],[-23,-27],[-34,20],[-15,37],[-32,16],[-33,-3],[-63,47],[-10,50],[-32,-2],[19,49],[-30,22],[18,110],[-44,39],[18,44],[67,31],[55,61],[-13,46],[-27,28],[-5,36],[59,-9],[26,37],[-1,25],[34,11],[18,22],[34,5],[37,26],[14,31],[57,39],[0,54],[1,0],[-1,51],[-14,40],[35,47],[23,-30],[50,-22],[82,-49],[97,-21],[39,1],[151,-24],[23,131],[-22,3],[12,71],[43,8],[16,-11],[71,50],[2,74],[64,34],[20,43],[-26,62],[18,33],[52,36],[1,15],[37,28],[17,38],[77,15],[5,94],[-38,122],[-75,180],[-10,48],[-29,12],[27,46],[25,61],[37,39],[12,33],[-18,69],[2,106],[41,102],[147,0],[174,22],[-54,-79],[-41,-35],[21,-41],[-1,-100],[-7,-112],[12,-88],[19,-72],[28,-80],[32,-24],[-5,-29],[63,-85],[29,-29],[50,-23],[85,-10],[52,-51],[21,-41],[-9,-32],[-68,-13],[-14,-15],[2,-49],[84,-29],[38,-35],[62,-30],[7,-69],[27,10],[70,-7],[103,-70],[46,-39],[84,-8],[82,-39],[49,-12],[148,-81],[59,-49],[58,-26],[74,17],[13,-10],[137,-10],[54,-28],[13,-19],[17,-115],[-10,-53],[6,-25],[53,-53],[-22,-28],[-88,-68],[-15,-22],[-51,-22],[-57,-37],[63,-125],[51,-53]]],"transform":{"scale":[0.00006107569293154707,0.00005654233993523543],"translate":[152.9753839786581,-27.445253599177292]},"objects":{"auspol-maps-2019-p100-alldivisions":{"type":"GeometryCollection","geometries":[{"arcs":[[0]],"type":"Polygon","properties":{"E_div_numb":19,"Elect_div":"Lilley","Numccds":363,"Actual":103292,"Projected":110537,"Total_Popu":0,"Australian":0,"Area_SqKm":140.73481940635,"Sortname":"LILLEY"}}]}}}