{"type":"Topology","arcs":[[[235,116],[-13,55],[-7,721],[29,76],[41,32],[55,94],[182,170],[-31,22],[-234,213],[-62,97],[-91,79],[1,69],[-16,21],[21,26],[17,66],[-127,120],[101,93],[32,41],[67,64],[154,128],[32,20],[55,11],[206,-4],[106,14],[91,357],[12,16],[76,63],[40,3],[48,-51],[30,-4],[64,-61],[25,-33],[23,-47],[-12,-35],[41,-22],[22,3],[50,38],[56,-20],[24,-54],[27,-27],[43,3],[34,-23],[-31,-59],[29,-35],[48,-2],[-20,-44],[64,-39],[-22,-26],[19,-24],[51,20],[26,-50],[61,16],[22,22],[37,-18],[34,20],[49,-7],[-6,-28],[24,-14],[27,-39],[24,-22],[44,-10],[-3,-31],[22,-21],[26,13],[24,-7],[51,-76],[-3,-22],[66,-24],[12,-39],[-2,-39],[24,-15],[1,-36],[39,-43],[6,-55],[-36,-63],[281,2],[0,-26],[175,-1],[0,-13],[79,0],[-18,-37],[-102,-174],[-11,-43],[-34,-40],[-29,-8],[-33,-44],[-54,5],[-7,-27],[183,2],[0,-16],[95,-66],[36,-8],[0,-71],[49,-41],[-16,-19],[-32,14],[0,-43],[-109,0],[-142,-130],[13,-24],[-33,-40],[-49,-37],[-58,-19],[-23,-34],[3,-29],[-19,-30],[-48,-2],[-52,-57],[-27,-174],[-29,-133],[6,-151],[13,-74],[-8,-60],[-225,0],[-32,23],[-25,-28],[-49,17],[-47,94],[-43,-19],[-191,-1],[-6,37],[-1301,-12]]],"transform":{"scale":[0.00006107693360655924,0.000056551754989194915],"translate":[115.88427115898226,-32.18682643843102]},"objects":{"auspol-maps-2019-p100-alldivisions":{"type":"GeometryCollection","geometries":[{"arcs":[[0]],"type":"Polygon","properties":{"E_div_numb":10,"Elect_div":"Burt","Numccds":316,"Actual":93763,"Projected":100530,"Total_Popu":0,"Australian":0,"Area_SqKm":172.37424491618,"Sortname":"Burt"}}]}}}