{"type":"Topology","arcs":[[[1198,680],[-24,-28],[-27,2],[-45,24],[-20,-8],[-18,-78],[-71,-22],[-132,-10],[-50,-28],[-10,-42],[73,-64],[-8,-29],[-24,-17],[-89,-15],[-46,14],[-17,26],[6,40],[-17,37],[-34,23],[-40,-5],[-31,-54],[2,-34],[46,-141],[-30,-34],[-83,-30],[-96,17],[-102,41],[-54,1],[-34,-15],[-34,-78],[4,-150],[-16,-23],[-95,176],[-81,-9],[-1,70],[15,36],[215,202],[-39,34],[-45,74],[-82,85],[-18,57],[-1,10],[202,1],[52,55],[38,-35],[98,-2],[7,45],[41,0],[44,-40],[92,103],[29,27],[56,31],[-158,145],[-2,75],[-10,37],[66,-6],[154,15],[86,15],[35,-28],[4,-34],[143,1],[0,-151],[199,0],[74,-1],[-13,-38],[-39,-35],[1,-25],[32,-32],[9,-29],[-8,-64],[-56,-52],[-23,-33]]],"transform":{"scale":[0.00011293076175657384,0.00010476039874133358],"translate":[115.8180203641263,-31.991197922052958]},"objects":{"auspol-maps-2019-p100-alldivisions":{"type":"GeometryCollection","geometries":[{"arcs":[[0]],"type":"Polygon","properties":{"E_div_numb":13,"Elect_div":"Perth","Numccds":330,"Actual":94518,"Projected":100895,"Total_Popu":0,"Australian":0,"Area_SqKm":80.395633534249,"Sortname":"Perth"}}]}}}