{"type":"Topology","arcs":[[[2753,195],[-34,0],[-73,15],[-130,14],[-30,-186],[-4,-38],[-1219,159],[-20,-43],[-32,-35],[-18,69],[-5,54],[9,16],[35,29],[20,40],[-21,20],[-64,-2],[-14,14],[13,30],[63,28],[6,13],[-3,55],[6,12],[15,181],[-8,11],[-47,18],[-35,2],[-36,-15],[-14,11],[1,26],[-27,18],[17,53],[22,15],[1,25],[-24,31],[34,30],[11,33],[-14,11],[-33,-3],[-26,17],[-25,-17],[-49,-15],[-40,56],[-19,-24],[-47,25],[-4,17],[21,36],[-2,34],[32,16],[26,43],[-28,15],[2,36],[24,18],[74,-2],[46,7],[11,24],[33,8],[8,14],[-39,49],[-60,13],[-49,75],[0,55],[-35,22],[-9,75],[-9,16],[-35,18],[-43,38],[-36,15],[-11,28],[10,24],[28,22],[-21,23],[-11,34],[-44,-8],[-18,13],[-8,48],[-28,33],[-41,20],[-10,17],[-43,32],[-54,17],[-26,-14],[-33,8],[1,22],[-40,20],[-5,23],[-21,32],[-55,-34],[-36,35],[-6,50],[34,11],[5,16],[-13,22],[-25,18],[-46,13],[-71,-9],[-18,12],[-6,38],[-15,-1],[-29,-39],[-36,17],[23,58],[-4,14],[-27,16],[-24,51],[-75,77],[-24,39],[4,11],[46,43],[42,5],[14,13],[5,45],[51,16],[16,21],[1,73],[15,25],[-5,50],[-34,85],[28,47],[57,33],[24,20],[12,12],[2,2],[66,-4],[115,-6],[127,-15],[65,-2],[72,4],[351,24],[104,11],[158,20],[252,19],[55,2],[252,4],[164,17],[213,24],[22,-2],[-20,-3],[-32,-38],[8,-18],[52,-1],[19,8],[22,-14],[23,-32],[26,-7],[23,-29],[20,5],[24,29],[48,-19],[-19,-55],[11,-31],[54,-14],[2,-36],[-32,-42],[12,-39],[37,-3],[46,-61],[-21,-32],[-49,1],[-50,-25],[1,-22],[25,-15],[41,-49],[-8,-17],[-30,0],[-25,-11],[-43,-59],[-6,-19],[25,-24],[28,-13],[4,-34],[-45,-23],[-2,-28],[30,1],[67,-13],[3,-45],[-34,-32],[-47,-1],[22,-63],[-10,-28],[-38,-3],[-44,6],[-69,-24],[-28,-5],[-30,-43],[-37,-10],[-49,0],[-10,-21],[1,-39],[-22,-25],[29,-47],[1,-17],[-36,-31],[-49,-52],[-1,-10],[42,-28],[10,-16],[-14,-28],[-28,-6],[-6,-26],[17,-16],[28,-5],[68,-46],[9,-19],[19,-10],[61,4],[33,30],[52,11],[31,-64],[-3,-25],[30,-33],[21,-53],[50,-41],[1,-31],[-24,-57],[31,-41],[48,-30],[15,-30],[-29,-16],[-25,3],[8,-50],[26,-38],[-25,-38],[22,-31],[16,-43],[-63,-41],[-14,-22],[5,-34],[24,-90],[57,-99],[33,-30],[-21,-20],[-34,-8],[10,-27],[68,-31],[15,-34],[35,-29],[2,-14],[-32,-25],[-11,-98],[9,-38],[52,-57],[20,-26],[2,-22]]],"transform":{"scale":[0.00003227709202090959,0.000029885211888088875],"translate":[144.89800777064053,-37.780206710567654]},"objects":{"auspol-maps-2019-p100-alldivisions":{"type":"GeometryCollection","geometries":[{"arcs":[[0]],"type":"Polygon","properties":{"E_div_numb":38,"Elect_div":"Wills","Numccds":346,"Actual":107306,"Projected":110841,"Total_Popu":0,"Australian":0,"Area_SqKm":46.95,"Sortname":"Wills"}}]}}}