{"type":"Topology","arcs":[[[5876,4005],[-12,-22],[-59,-64],[-80,-64],[-62,-61],[-24,-32],[-46,-85],[-8,-41],[-1,-124],[3,-67],[14,-47],[22,-48],[-38,-46],[23,-26],[46,-66],[16,-53],[-18,-3],[-22,68],[-18,-12],[37,-103],[-12,-8],[-26,33],[-53,4],[-30,-31],[4,-18],[28,-31],[68,-45],[95,-87],[17,-30],[30,-94],[-18,-32],[5,-28],[34,-27],[4,-52],[54,-16],[35,2],[26,11],[24,-8],[41,17],[57,-17],[36,-32],[26,-39],[-8,-20],[55,-8],[13,-19],[-48,-29],[-25,-34],[-63,-37],[-51,-40],[-67,-41],[-26,1],[-38,-14],[-30,-39],[-42,-7],[-61,16],[-42,20],[-32,32],[-91,24],[-30,37],[-64,38],[-38,9],[-37,0],[-21,-9],[-11,-22],[-30,-4],[-93,7],[-3,15],[-44,17],[8,38],[-43,15],[-47,2],[-7,-15],[-29,-4],[-17,-16],[6,-30],[-12,-17],[-49,29],[-17,45],[-32,40],[-46,39],[6,63],[-44,42],[-64,32],[-56,10],[-24,17],[-36,-18],[-86,-29],[-109,-21],[-117,-58],[-36,-32],[-70,5],[-63,-8],[-47,-15],[-26,-17],[-16,-24],[-57,-39],[-47,-62],[-16,-1],[-84,-43],[-62,-64],[-22,-3],[-76,5],[-78,-6],[-62,15],[-123,3],[-25,7],[-86,-5],[-74,-16],[-100,-37],[-68,-33],[-92,-54],[-75,-64],[-1,-12],[-36,-27],[-72,-71],[-23,-10],[22,-35],[-30,-103],[-1,-85],[22,-9],[8,-36],[-23,-42],[-3,-50],[-45,-54],[-48,-40],[-45,-56],[-35,-53],[-21,-40],[-7,-36],[-36,-47],[-1,-31],[-14,-39],[-45,-69],[-13,-43],[1,-31],[19,-7],[-26,-43],[-10,-45],[-10,-89],[17,-107],[-8,-42],[7,-52],[29,-40],[31,-88],[-11,-15],[-30,0],[-55,-20],[-15,-11],[-18,-40],[-30,-41],[-37,-24],[-55,-10],[-57,2],[-39,-7],[-104,10],[-101,-5],[-98,-14],[-111,-29],[-59,-24],[-98,-53],[-118,-86],[-37,-25],[-88,-73],[-21,-21],[-45,-6],[-54,-21],[-164,-36],[-64,11],[-16,-6],[-52,1],[-131,-7],[-11,-12],[-44,-14],[-30,-21],[1,-17],[-26,-4],[70,417],[-8,5],[28,158],[22,29],[44,12],[123,-15],[46,284],[80,483],[-201,25],[-634,78],[-302,36],[36,245],[39,242],[-10,117],[555,155],[-43,121],[-31,30],[10,17],[-9,36],[-98,136],[14,8],[-34,144],[-3,25],[21,175],[473,-42],[145,109],[303,226],[143,177],[51,406],[17,151],[42,329],[-1,7],[900,-81],[368,-35],[516,-47],[-34,-25],[-15,-21],[7,-50],[24,-55],[39,-47],[575,172],[22,9],[419,123],[-9,23],[16,95],[12,-1],[36,239],[-56,14],[17,110],[41,-5],[2,12],[89,-10],[170,-26],[500,-57],[412,235],[19,16],[296,-36],[51,-3],[37,15],[73,-46],[32,-35],[6,-26],[-9,-24],[-44,-39],[-40,17],[-33,5],[-45,-17],[-43,-57],[-42,-94],[-56,-142],[-22,-101],[-8,-54],[-1,-60],[33,-129],[4,-63],[-3,-20]]],"transform":{"scale":[0.00003227871860010276,0.00002988190418396762],"translate":[144.71686012532345,-37.94129114218135]},"objects":{"auspol-maps-2019-p100-alldivisions":{"type":"GeometryCollection","geometries":[{"arcs":[[0]],"type":"Polygon","properties":{"E_div_numb":15,"Elect_div":"Gellibrand","Numccds":331,"Actual":107465,"Projected":112513,"Total_Popu":0,"Australian":0,"Area_SqKm":124.62,"Sortname":"Gellibrand"}}]}}}