{"type":"Topology","arcs":[[[1353,385],[-34,20],[-39,-8],[-52,10],[-27,-19],[-35,3],[-26,-12],[-33,5],[13,55],[-30,17],[-48,54],[-37,26],[-24,-3],[3,62],[-13,50],[-72,-61],[-39,-72],[-1,-22],[38,-35],[34,-48],[-17,-52],[21,-54],[-2,-67],[-20,-66],[3,-61],[-550,-32],[3,-47],[-52,32],[-75,-1],[-71,-14],[-81,-45],[-53,6],[-37,51],[20,67],[58,154],[60,58],[27,10],[26,32],[30,75],[7,36],[-5,86],[-16,77],[-34,102],[-46,196],[-8,116],[-10,45],[-17,135],[17,68],[0,88],[-10,14],[-11,77],[28,9],[-8,100],[-28,85],[132,8],[40,-22],[65,3],[4,-58],[22,-14],[5,-32],[57,2],[5,-59],[53,6],[7,-33],[73,4],[15,-9],[282,154],[492,270],[23,-44],[178,-204],[477,25],[279,16],[9,6],[68,-44],[32,-58],[5,-36],[32,-31],[36,-1],[98,62],[107,42],[42,-3],[27,-17],[-14,-62],[14,-21],[65,-29],[-87,-66],[-1,-13],[-42,-32],[-37,-15],[70,-74],[23,19],[48,-10],[-38,-50],[-3,-24],[65,-21],[39,-147],[39,-26],[-47,-122],[69,-4],[-94,-142],[-63,-181],[-64,33],[-84,9],[-46,-6],[-26,17],[-56,4],[-65,52],[-5,25],[-32,44],[-30,-2],[-22,16],[-76,-16],[-64,-6],[-269,-15],[-27,-13],[-4,-36],[14,-26],[-1,-34],[47,-11],[24,-18],[31,-79],[-2,-23],[-77,-4],[-3,-26],[-176,-10],[1,-18],[-101,-3],[2,-34],[-126,-27],[-5,73],[-79,-19],[-15,-26],[-62,-36]]],"transform":{"scale":[0.00006109167364724365,0.00005652697492832288],"translate":[138.50367118230776,-35.05975312230609]},"objects":{"auspol-maps-2019-p100-alldivisions":{"type":"GeometryCollection","geometries":[{"arcs":[[0]],"type":"Polygon","properties":{"E_div_numb":3,"Elect_div":"Boothby","Numccds":406,"Actual":122901,"Projected":125502,"Total_Popu":0,"Australian":0,"Area_SqKm":115.62,"Sortname":"Boothby"}}]}}}