{"type":"Topology","arcs":[[[88,238],[-15,25],[-62,13],[16,68],[-27,60],[40,31],[27,51],[-33,35],[19,33],[45,31],[-22,18],[-24,56],[16,33],[98,24],[49,28],[39,58],[-23,10],[-15,42],[44,8],[19,-46],[33,29],[45,12],[55,-6],[41,19],[18,-45],[78,-3],[18,100],[122,-16],[26,33],[36,16],[119,-12],[29,48],[29,163],[18,-3],[15,84],[-11,65],[22,1],[9,77],[44,9],[32,42],[36,-5],[9,51],[30,23],[12,69],[-35,4],[26,67],[21,113],[-37,142],[-49,13],[13,73],[36,9],[-28,44],[15,77],[73,-9],[18,15],[113,-15],[28,184],[26,39],[161,-21],[4,66],[-41,130],[46,-33],[89,-10],[22,12],[134,-9],[24,73],[137,-17],[7,13],[206,-23],[9,-7],[-26,-35],[41,-19],[8,-67],[26,-26],[-46,-61],[-22,-10],[-25,-87],[76,-10],[-3,-53],[26,-55],[-14,-48],[39,-66],[3,-73],[38,-5],[20,-27],[-40,-32],[-15,-89],[18,-38],[54,-25],[-6,-36],[51,-67],[90,32],[57,-16],[33,-51],[26,143],[26,33],[31,3],[44,-39],[63,-21],[102,10],[84,21],[43,37],[106,69],[82,-13],[83,-42],[25,-46],[5,-56],[-21,-59],[-39,8],[-59,-37],[-93,-110],[51,-38],[-63,-13],[-10,-35],[-144,46],[-82,-1],[-28,-41],[-142,22],[-127,-50],[-18,-21],[-91,-35],[-27,-47],[-30,-7],[-40,-46],[-75,-49],[2,-17],[-83,-15],[-74,-38],[-5,-28],[-64,-2],[-42,-13],[-56,-77],[-87,-3],[-68,-16],[-126,-134],[15,-38],[-32,-45],[-52,-23],[-65,-49],[-25,-69],[-37,-22],[-58,-62],[2,-25],[-53,-18],[-12,-33],[-58,0],[-278,-100],[-31,-32],[-21,-81],[-37,-22],[-64,-9],[-60,-55],[-17,-37],[-58,-50],[-97,-6],[-103,113],[-84,66],[-42,0],[-27,25],[-86,42],[-67,-7],[-53,18],[-36,-19]],[[3226,1464],[-66,-28],[-5,24],[71,4]]],"transform":{"scale":[0.0004509676628198327,0.0004194470509692667],"translate":[143.24736983943987,-38.85754347845874]},"objects":{"auspol-maps-2019-p100-alldivisions":{"type":"GeometryCollection","geometries":[{"arcs":[[[0]],[[1]]],"type":"MultiPolygon","properties":{"E_div_numb":9,"Elect_div":"Corangamite","Numccds":290,"Actual":103597,"Projected":109236,"Total_Popu":0,"Australian":0,"Area_SqKm":5441.65,"Sortname":"Corangamite"}}]}}}