{"type":"Topology","arcs":[[[1797,0],[-382,48],[-438,52],[-77,11],[-300,36],[-584,74],[-16,4],[24,145],[-2,26],[58,358],[72,426],[212,-25],[35,192],[55,327],[1,34],[42,-25],[63,-17],[68,36],[4,12],[58,13],[13,-16],[57,-8],[38,-23],[33,21],[56,-12],[29,-41],[31,-4],[35,23],[50,-29],[56,-1],[65,-25],[172,-19],[46,-21],[61,3],[-37,-269],[-52,-275],[-7,-22],[-30,-223],[-20,-119],[-6,-94],[6,-25],[434,-56],[-20,-30],[4,-30],[-31,-37],[6,-43],[-10,-46],[-21,-22],[5,-45],[-12,-25],[33,-10],[39,-30],[-15,-39],[31,-59],[32,-10],[26,-32],[10,-34]]],"transform":{"scale":[0.00006107829217582615,0.000056528854880571794],"translate":[145.09068525622044,-37.8929884196308]},"objects":{"auspol-maps-2019-p100-alldivisions":{"type":"GeometryCollection","geometries":[{"arcs":[[0]],"type":"Polygon","properties":{"E_div_numb":7,"Elect_div":"Chisholm","Numccds":391,"Actual":106409,"Projected":108880,"Total_Popu":0,"Australian":0,"Area_SqKm":65.79,"Sortname":"Chisholm"}}]}}}