{"type":"Topology","arcs":[[[315,164],[-37,-62],[24,-23],[-24,-60],[-72,3],[-39,-22],[-32,2],[2,41],[-23,53],[-29,25],[-85,27],[22,33],[36,-5],[14,32],[89,-16],[1,-38],[42,-18],[54,2],[23,31],[34,-5]]],"transform":{"scale":[0.0004503783989427633,0.00041878520157918766],"translate":[150.84356997636573,-33.93918226457114]},"objects":{"auspol-maps-2019-p100-alldivisions":{"type":"GeometryCollection","geometries":[{"arcs":[[0]],"type":"Polygon","properties":{"E_div_numb":15,"Elect_div":"Fowler","Numccds":381,"Actual":0,"Projected":0,"Total_Popu":0,"Australian":0,"Area_SqKm":60.354185622051,"Sortname":"Fowler"}}]}}}