{"type":"Topology","arcs":[[[230,65],[-47,-27],[-27,-36],[-47,-2],[-13,15],[-47,31],[0,40],[-38,9],[7,25],[-18,50],[43,-1],[46,-38],[50,34],[1,0],[46,33],[37,5],[35,-57],[-19,-21],[-9,-60]]],"transform":{"scale":[0.00044978097896224714,0.0004180570905361736],"translate":[150.94756147416044,-33.85143444762849]},"objects":{"auspol-maps-2019-p100-alldivisions":{"type":"GeometryCollection","geometries":[{"arcs":[[0]],"type":"Polygon","properties":{"E_div_numb":35,"Elect_div":"Parramatta","Numccds":402,"Actual":0,"Projected":0,"Total_Popu":0,"Australian":0,"Area_SqKm":56.770103353206,"Sortname":"Parramatta"}}]}}}