{"type":"Topology","arcs":[[[2539,1089],[0,-9],[-37,-56],[6,-32],[-19,-60],[24,-22],[-12,-23],[-34,-29],[-21,-39],[-14,-50],[-24,-9],[-32,-56],[-25,-25],[-41,-9],[-61,-28],[-66,6],[-46,-6],[-28,26],[-79,-8],[-34,-22],[-33,57],[-43,33],[-40,20],[-59,15],[-44,1],[-162,-29],[-53,-19],[-114,-63],[-70,-69],[-43,-56],[-41,-69],[8,-20],[-24,-39],[57,-55],[-41,-68],[-6,-32],[47,-50],[-27,-52],[7,-11],[89,-37],[-34,-50],[-139,-45],[-228,7],[-101,123],[-314,-93],[-51,39],[-123,193],[-94,110],[-62,-40],[-21,-1],[-60,41],[-27,28],[-43,-36],[-43,25],[-46,-8],[-18,42],[11,44],[0,78],[19,63],[37,194],[-44,16],[54,33],[64,53],[53,34],[25,62],[-66,37],[6,51],[38,72],[25,-2],[3,33],[18,22],[5,39],[58,51],[-1,58],[-17,46],[-39,48],[2,74],[35,37],[199,103],[123,-18],[27,34],[42,9],[188,142],[98,73],[9,14],[15,77],[273,-43],[17,1],[-49,-102],[-24,-86],[0,-2],[-8,-46],[-21,-49],[-6,-110],[0,-2],[15,-93],[69,-44],[85,-27],[87,-41],[938,-16],[25,5],[90,-50],[31,-72],[-12,-17],[32,-48],[-10,-10],[20,-66]]],"transform":{"scale":[0.00006107995437244483,0.00005654749920396474],"translate":[151.0768386733084,-34.07780590880459]},"objects":{"auspol-maps-2019-p100-alldivisions":{"type":"GeometryCollection","geometries":[{"arcs":[[0]],"type":"Polygon","properties":{"E_div_numb":9,"Elect_div":"Cook","Numccds":357,"Actual":0,"Projected":0,"Total_Popu":0,"Australian":0,"Area_SqKm":93.822495529488,"Sortname":"Cook"}}]}}}