{"type":"Topology","arcs":[[[3426,1499],[-142,-118],[-79,-82],[-52,-67],[-30,-51],[-43,-99],[-11,-43],[-3,-69],[11,-56],[45,-74],[54,6],[71,38],[69,-44],[-6,-13],[-60,-27],[1,-26],[-39,-16],[-67,-48],[-11,-32],[24,-35],[-35,-49],[-26,-19],[-42,15],[-72,-53],[-8,-37],[-31,-13],[-34,-38],[-33,-20],[-82,-8],[-27,-49],[-57,-5],[-88,-65],[-56,-36],[-21,-47],[-58,-54],[-50,-12],[0,-16],[-55,-20],[-50,-35],[-89,-82],[-71,30],[-44,11],[-45,23],[15,76],[-728,117],[38,77],[-27,25],[16,88],[-21,-11],[-89,29],[-104,14],[-29,10],[-47,91],[-22,15],[-78,-9],[-23,57],[-32,28],[-87,13],[-26,12],[46,69],[62,52],[19,43],[86,88],[-3,35],[-73,-13],[-92,-38],[-80,-15],[-67,9],[-37,17],[-67,43],[-81,42],[-102,30],[-106,6],[-95,26],[-59,34],[-44,39],[-97,103],[-50,37],[127,162],[13,-2],[50,252],[28,162],[99,-2],[180,-32],[32,-26],[37,1],[90,79],[525,464],[40,26],[-17,45],[48,19],[22,-21],[52,-24],[31,3],[2,30],[35,34],[78,-55],[22,-29],[49,-42],[48,-28],[71,-19],[53,0],[45,11],[75,-12],[62,-25],[105,-24],[68,-23],[56,-38],[29,-31],[13,-42],[50,-79],[61,-18],[80,-36],[73,-23],[97,-24],[133,-7],[57,3],[91,-14],[81,-36],[46,-37],[23,-37],[37,-100],[41,-156],[124,-9],[264,-44]]],"transform":{"scale":[0.00006107538229450796,0.0000565322849368528],"translate":[151.60084506007416,-32.96296441498684]},"objects":{"auspol-maps-2019-p100-alldivisions":{"type":"GeometryCollection","geometries":[{"arcs":[[0]],"type":"Polygon","properties":{"E_div_numb":31,"Elect_div":"Newcastle","Numccds":379,"Actual":0,"Projected":0,"Total_Popu":0,"Australian":0,"Area_SqKm":170.78396268789,"Sortname":"Newcastle"}}]}}}