{"type":"Topology","arcs":[[[2948,0],[-96,16],[9,51],[-93,14],[-11,-66],[-323,43],[-308,46],[-31,49],[28,76],[48,61],[28,-15],[25,19],[-136,21],[-369,150],[-184,134],[-426,68],[-129,19],[-381,63],[0,62],[35,13],[41,-2],[30,25],[-3,37],[-37,47],[-12,39],[32,61],[53,59],[38,23],[50,253],[-185,31],[-31,65],[35,32],[76,33],[35,24],[32,61],[-14,55],[21,23],[36,19],[10,67],[10,19],[-40,41],[31,69],[-25,19],[-7,54],[-20,27],[14,42],[31,38],[-21,34],[-3,45],[36,31],[3,53],[40,50],[6,42],[-357,54],[-105,22],[-78,7],[-24,33],[-43,-9],[-64,-32],[-73,9],[-56,42],[-87,14],[-9,61],[12,117],[-1,55],[9,92],[20,145],[11,16],[37,6],[13,-22],[-1,-104],[20,-35],[-11,-96],[68,-35],[47,2],[99,40],[13,29],[-38,16],[-17,25],[-19,54],[-10,74],[10,20],[46,35],[99,42],[26,26],[-6,20],[-36,8],[-23,36],[-1,57],[-11,55],[19,60],[16,103],[21,48],[11,125],[24,137],[-14,63],[-6,102],[23,75],[85,107],[-4,57],[7,29],[38,64],[60,59],[45,67],[6,26],[135,-55],[33,-3],[61,16],[439,14],[-5,-46],[-17,-32],[18,-94],[-35,-55],[-5,-41],[60,-39],[13,-20],[52,-91],[72,-15],[63,-35],[14,-28],[-30,-45],[-12,-55],[13,-49],[42,-15],[72,4],[26,-15],[70,-93],[56,-42],[12,-20],[-59,-46],[-6,-23],[31,-46],[51,-21],[35,15],[21,32],[27,15],[27,-57],[36,4],[66,-22],[58,28],[60,76],[26,18],[31,0],[50,-23],[69,8],[40,18],[36,-2],[40,-64],[26,-25],[-7,-18],[-89,-17],[-20,-29],[4,-26],[32,-40],[13,-45],[25,-8],[59,6],[47,-10],[152,-12],[40,18],[67,84],[47,9],[43,-40],[49,-16],[29,-62],[27,-28],[36,-16],[57,2],[75,19],[93,2],[94,-10],[39,-49],[17,-46],[1,-58],[-58,-51],[-5,-39],[-19,-22],[-3,-33],[-24,2],[-38,-72],[-7,-51],[67,-37],[-26,-62],[-53,-34],[-63,-53],[-54,-33],[44,-16],[-37,-194],[-20,-63],[0,-78],[-10,-44],[17,-42],[46,8],[43,-25],[43,36],[28,-28],[59,-41],[22,1],[61,40],[94,-110],[123,-193],[51,-39],[315,93],[101,-123],[227,-7],[139,45],[34,50],[105,-44],[43,-117],[-5,-59],[8,-29],[-20,-42],[-51,-69],[-24,-15],[-5,-27],[-58,-58],[-46,-30],[-15,-46],[-28,-21],[-1,-30],[-55,-45],[-25,-31],[-7,-45],[9,-35],[-69,-33],[-74,-14],[-29,15],[-67,-67],[-26,-9],[0,-50],[-21,-55],[-33,-14],[-16,-31],[-35,-28],[-12,-42],[-11,-87],[-69,19],[-76,0],[-14,-18],[64,-31],[-30,-24],[-36,-11],[-3,-32],[-24,-20],[-54,5],[-28,-19],[22,-19],[-51,-48],[-30,-8],[-35,-40],[-87,-40],[-32,6],[-22,-23],[-22,-55],[-39,-15],[-45,-37],[-155,-101],[-93,-30],[-64,-5],[-87,-63]]],"transform":{"scale":[0.00006108200107058279,0.00005654119857483981],"translate":[150.8861063201084,-34.172335534154335]},"objects":{"auspol-maps-2019-p100-alldivisions":{"type":"GeometryCollection","geometries":[{"arcs":[[0]],"type":"Polygon","properties":{"E_div_numb":19,"Elect_div":"Hughes","Numccds":375,"Actual":0,"Projected":0,"Total_Popu":0,"Australian":0,"Area_SqKm":369.32581944304,"Sortname":"Hughes"}}]}}}