{"type":"Topology","arcs":[[[3519,2084],[-41,-16],[-38,4],[-223,-63],[-634,-179],[-1149,-320],[-11,-190],[-137,2],[-28,-30],[-6,-28],[4,-58],[-10,-13],[-74,-24],[-13,-24],[7,-41],[38,-13],[-35,-26],[-29,-72],[113,-69],[36,-41],[-67,-39],[-44,2],[-41,-40],[15,-52],[-38,-8],[-24,-26],[-58,-37],[15,-66],[32,-10],[37,17],[13,-34],[-3,-53],[51,-14],[24,-87],[-41,4],[-43,-18],[-19,-75],[25,-33],[-44,-47],[-4,-82],[-47,-37],[22,-26],[-25,-54],[40,-22],[24,-30],[-27,-16],[-80,56],[-24,28],[-36,17],[-32,40],[-79,12],[-41,-7],[-22,15],[-150,23],[-11,-78],[-97,14],[-95,160],[-37,38],[-55,31],[-102,71],[-39,38],[-117,151],[-18,48],[-27,116],[68,44],[73,-80],[107,73],[39,-29],[57,-61],[54,306],[11,72],[-56,94],[-2,60],[28,176],[71,11],[-43,85],[-15,15],[72,30],[49,39],[32,42],[47,39],[111,61],[48,36],[30,38],[49,113],[32,54],[9,68],[57,88],[50,155],[1728,2903],[78,65],[71,47],[34,15],[104,84],[87,55],[144,14],[149,-2],[95,38],[64,41],[49,-32],[73,-14],[-8,-58],[-31,-38],[-47,-118],[-39,-133],[-82,-260],[-24,-93],[-33,-144],[-41,-137],[-21,-109],[-33,-116],[-34,-166],[-11,-104],[-17,-96],[-25,-223],[-11,-197],[3,-95],[-6,-86],[9,-174],[8,-49],[47,-225],[20,-37],[74,-103],[17,-79],[8,-75],[0,-75],[-36,-111],[-6,-51],[-26,-56],[210,-224]]],"transform":{"scale":[0.00011297434723294787,0.00010479570325154661],"translate":[153.0557257715829,-27.60657646666998]},"objects":{"auspol-maps-2019-p100-alldivisions":{"type":"GeometryCollection","geometries":[{"arcs":[[0]],"type":"Polygon","properties":{"E_div_numb":2,"Elect_div":"Bonner","Numccds":352,"Actual":100770,"Projected":107808,"Total_Popu":0,"Australian":0,"Area_SqKm":371.33719549778,"Sortname":"BONNER"}}]}}}