{"type":"Topology","arcs":[[[1307,19],[-465,62],[-14,-81],[-50,7],[-82,83],[-13,84],[10,35],[-51,49],[13,19],[-70,69],[-244,123],[-20,-12],[-57,37],[-75,2],[-45,-21],[-7,-37],[-39,13],[-22,42],[-22,-15],[-44,4],[-10,82],[15,36],[68,69],[101,24],[87,-2],[169,-38],[74,0],[48,25],[58,13],[64,-8],[60,-63],[60,-28],[-34,-200],[163,-24],[-10,-56],[122,-18],[154,-72],[68,-63],[42,-9],[41,-48],[-43,-83]]],"transform":{"scale":[0.00011293290669030925,0.0001046877992159082],"translate":[144.89716450622262,-37.89168852811834]},"objects":{"auspol-maps-2019-p100-alldivisions":{"type":"GeometryCollection","geometries":[{"arcs":[[0]],"type":"Polygon","properties":{"E_div_numb":28,"Elect_div":"Macnamara","Numccds":374,"Actual":110119,"Projected":113562,"Total_Popu":0,"Australian":0,"Area_SqKm":41.21,"Sortname":"Macnamara"}}]}}}