{"type":"Topology","arcs":[[[1216,0],[-74,23],[-198,38],[-557,141],[-4,36],[-24,41],[-39,42],[-36,84],[10,21],[-36,22],[4,37],[-38,27],[-10,33],[-50,10],[-23,34],[-122,9],[-19,50],[38,41],[-10,49],[24,24],[19,60],[-15,58],[62,41],[25,-25],[33,27],[-5,38],[109,80],[-8,21],[42,16],[15,55],[33,44],[40,-2],[22,-31],[44,4],[50,9],[-37,43],[-5,44],[39,53],[54,22],[30,24],[70,-8],[140,75],[11,-86],[13,-46],[22,-28],[40,-124],[120,-238],[16,-70],[52,-97],[74,-97],[69,-56],[19,-31],[1,-49],[36,-109],[17,-71],[-11,-14],[-31,-91],[-41,-203]]],"transform":{"scale":[0.00011291292858916398,0.00010480893316021069],"translate":[150.75962041920877,-33.797957324098846]},"objects":{"auspol-maps-2019-p100-alldivisions":{"type":"GeometryCollection","geometries":[{"arcs":[[0]],"type":"Polygon","properties":{"E_div_numb":8,"Elect_div":"Chifley","Numccds":387,"Actual":0,"Projected":0,"Total_Popu":0,"Australian":0,"Area_SqKm":125.94218267579,"Sortname":"Chifley"}}]}}}