{"type":"Topology","arcs":[[[772,337],[-16,-23],[-77,-40],[-41,-35],[-20,-40],[-3,-46],[-21,-35],[-40,1],[-39,18],[-53,6],[-70,19],[-25,8],[-77,19],[-29,-5],[-1,-39],[28,-50],[-7,-21],[-59,-74],[-48,9],[-11,2],[-79,-2],[-25,41],[-59,-4],[9,100],[-7,37],[-1,114],[10,108],[18,88],[0,268],[4,80],[-1,123],[5,71],[2,151],[-7,76],[151,2],[1,84],[137,-1],[0,27],[120,-1],[15,-82],[16,-25],[41,-23],[58,-14],[50,-45],[18,-112],[1,-11],[18,-57],[83,-84],[44,-74],[39,-34],[-214,-202],[-15,-36],[0,-70],[81,8],[96,-175]]],"transform":{"scale":[0.00011299050232633367,0.00010480647085527132],"translate":[115.75084393484448,-32.026478427428444]},"objects":{"auspol-maps-2019-p100-alldivisions":{"type":"GeometryCollection","geometries":[{"arcs":[[0]],"type":"Polygon","properties":{"E_div_numb":4,"Elect_div":"Curtin","Numccds":336,"Actual":94033,"Projected":99066,"Total_Popu":0,"Australian":0,"Area_SqKm":97.821263111884,"Sortname":"Curtin"}}]}}}