{"type":"Topology","arcs":[[[1694,245],[-110,14],[28,-96],[-1,-82],[7,-26],[-6,-55],[-199,1],[0,151],[-142,-1],[-5,34],[-35,27],[-85,-15],[-155,-15],[-65,7],[3,78],[-9,85],[-71,19],[-278,4],[-34,9],[-74,49],[-34,-3],[-71,-23],[-81,-9],[-74,0],[-34,86],[-71,115],[-15,72],[141,-44],[113,18],[-15,102],[-27,58],[86,34],[-73,157],[-44,15],[-36,35],[-30,13],[26,60],[-31,76],[-52,56],[-17,45],[40,85],[-159,191],[-5,55],[60,6],[80,36],[76,11],[33,34],[22,-24],[10,-53],[0,-139],[-14,-27],[224,0],[0,35],[70,56],[120,0],[0,32],[288,1],[0,-42],[-27,0],[0,-69],[26,0],[-2,-606],[707,0],[7,-169],[-7,0],[-2,-153],[9,-45],[26,-51],[6,-65],[0,-102],[-18,-48]]],"transform":{"scale":[0.00011295951539528742,0.00010477406152069657],"translate":[115.77377177514163,-31.887642185148014]},"objects":{"auspol-maps-2019-p100-alldivisions":{"type":"GeometryCollection","geometries":[{"arcs":[[0]],"type":"Polygon","properties":{"E_div_numb":3,"Elect_div":"Cowan","Numccds":318,"Actual":93613,"Projected":100388,"Total_Popu":0,"Australian":0,"Area_SqKm":179.89785250451,"Sortname":"Cowan"}}]}}}