{"type":"Topology","arcs":[[[1899,649],[-20,-91],[2,-72],[-4,-78],[-61,-338],[-738,98],[-14,-79],[-43,6],[-10,-80],[-109,9],[-44,-12],[-30,18],[-36,-3],[-10,-27],[-50,209],[-38,106],[-43,95],[-56,113],[-53,86],[-44,60],[-51,37],[-34,50],[-65,67],[-107,78],[-88,36],[32,182],[-149,231],[-17,75],[-19,25],[123,-16],[344,-48],[59,-21],[50,-49],[33,-89],[8,-2],[25,-17],[16,-6],[161,-24],[53,-31],[64,-111],[51,-69],[-8,-69],[325,-40],[90,23],[11,56],[-2,75],[123,-92],[58,-30],[48,-65],[58,-19],[235,-29],[-26,-128]]],"transform":{"scale":[0.00011298341013035237,0.00010479629474329892],"translate":[145.03441012968355,-38.08498594489387]},"objects":{"auspol-maps-2019-p100-alldivisions":{"type":"GeometryCollection","geometries":[{"arcs":[[0]],"type":"Polygon","properties":{"E_div_numb":23,"Elect_div":"Isaacs","Numccds":347,"Actual":105189,"Projected":109034,"Total_Popu":0,"Australian":0,"Area_SqKm":155.83,"Sortname":"Isaacs"}}]}}}