{"type":"Topology","arcs":[[[3506,1445],[-7,-29],[4,-57],[-85,-107],[-22,-75],[5,-101],[14,-64],[-23,-137],[-12,-125],[-21,-48],[-15,-103],[-20,-60],[11,-55],[1,-57],[23,-36],[37,-8],[5,-20],[-26,-26],[-99,-42],[-46,-35],[-9,-19],[9,-75],[19,-54],[17,-25],[39,-16],[-14,-29],[-99,-40],[-47,-2],[-68,35],[12,96],[-21,35],[1,104],[-13,22],[-37,-6],[-11,-16],[-47,45],[-71,56],[-17,39],[-44,17],[-108,87],[-56,51],[-21,39],[-49,-11],[-62,-34],[-119,-129],[-23,-17],[-112,-65],[-51,-45],[-36,-49],[-12,19],[13,33],[98,174],[4,35],[-11,50],[2,77],[-56,24],[-59,46],[-53,16],[-50,51],[-29,45],[-46,14],[-67,-40],[-28,0],[-92,141],[108,196],[15,82],[-157,14],[-341,49],[-170,25],[-224,29],[-174,29],[-95,41],[-94,11],[-38,-1],[-170,13],[-25,4],[-90,191],[-25,30],[-122,88],[-51,57],[-39,32],[-93,49],[-21,28],[6,98],[-3,57],[118,-17],[22,123],[25,6],[22,91],[-2,42],[76,54],[32,4],[9,38],[-35,43],[9,57],[-20,23],[15,47],[-18,70],[8,36],[224,-31],[148,-23],[397,-57],[214,-33],[66,-31],[37,-10],[108,-15],[169,-1],[80,4],[91,18],[77,-20],[47,10],[88,69],[28,12],[61,-6],[86,19],[32,-2],[53,-41],[73,-47],[69,-62],[30,-7],[143,9],[42,-5],[157,-66],[115,-23],[117,-78],[59,-54],[40,-54],[43,-97],[30,-87],[18,-19],[57,-25],[58,-38],[-14,-19],[-33,12],[-22,-14],[30,-46],[-11,-21],[8,-39],[-38,3],[-24,-13],[-25,-60],[4,-23],[105,-16],[-35,-189],[95,9],[145,-26]]],"transform":{"scale":[0.00006107842487171996,0.00005653967214622039],"translate":[150.70480906766159,-34.02081173118144]},"objects":{"auspol-maps-2019-p100-alldivisions":{"type":"GeometryCollection","geometries":[{"arcs":[[0]],"type":"Polygon","properties":{"E_div_numb":46,"Elect_div":"Werriwa","Numccds":368,"Actual":0,"Projected":0,"Total_Popu":0,"Australian":0,"Area_SqKm":171.61810774423,"Sortname":"Werriwa"}}]}}}