{"type":"Topology","arcs":[[[32,15],[-3,105],[42,50],[-56,56],[-15,40],[48,45],[54,5],[24,59],[53,-31],[39,-49],[34,-6],[34,-27],[6,-39],[72,-6],[-17,-34],[21,-27],[-70,-76],[-6,-80],[-84,17],[-176,-2]]],"transform":{"scale":[0.0004510140902772912,0.00041845674259754633],"translate":[115.88417655381821,-32.18646765826779]},"objects":{"auspol-maps-2019-p100-alldivisions":{"type":"GeometryCollection","geometries":[{"arcs":[[0]],"type":"Polygon","properties":{"E_div_numb":10,"Elect_div":"Burt","Numccds":316,"Actual":93763,"Projected":100530,"Total_Popu":0,"Australian":0,"Area_SqKm":172.37424491618,"Sortname":"Burt"}}]}}}