{"type":"Topology","arcs":[[[771,276],[-52,35],[-32,11],[-49,-54],[-63,-93],[-159,-175],[-212,27],[-56,101],[-61,57],[45,75],[42,-14],[68,36],[17,90],[-26,25],[36,15],[-7,24],[18,45],[-19,26],[10,55],[-11,55],[17,36],[-35,44],[-73,-7],[-80,21],[-10,40],[-79,52],[17,27],[-9,43],[41,54],[77,-3],[27,43],[62,45],[108,-18],[63,13],[100,-15],[43,-17],[24,8],[76,-10],[51,-31],[36,40],[135,-21],[19,-33],[5,-56],[-40,-19],[-44,-53],[9,-47],[-38,-43],[15,-23],[-29,-33],[-1,-56],[16,-37],[38,-22],[48,8],[43,-66],[29,-8],[-13,-39],[-25,-9],[-3,-42],[-16,-11],[3,-48],[-96,-48]]],"transform":{"scale":[0.00011295591407412144,0.00010478288491799638],"translate":[151.20360626122448,-33.85728820215283]},"objects":{"auspol-maps-2019-p100-alldivisions":{"type":"GeometryCollection","geometries":[{"arcs":[[0]],"type":"Polygon","properties":{"E_div_numb":43,"Elect_div":"Warringah","Numccds":351,"Actual":0,"Projected":0,"Total_Popu":0,"Australian":0,"Area_SqKm":68.228120360877,"Sortname":"Warringah"}}]}}}