{"type":"Topology","arcs":[[[69,815],[-63,83],[-6,35],[13,78],[23,55],[51,-14],[52,-2],[72,-22],[82,-7],[64,-33],[83,-26],[3,23],[-20,44],[57,118],[-30,16],[-24,34],[37,27],[15,31],[56,54],[44,110],[33,10],[48,-36],[64,-35],[100,-103],[53,-111],[94,29],[57,27],[81,-52],[60,40],[137,45],[53,24],[84,71],[33,37],[71,25],[45,-57],[15,-42],[-45,-82],[22,-47],[49,30],[23,58],[61,-4],[34,16],[44,-25],[50,6],[37,-11],[18,-28],[43,-16],[12,-23],[-50,-73],[-59,-35],[3,-28],[51,-23],[58,-7],[28,-14],[61,-87],[44,-2],[48,-21],[49,4],[6,-39],[-19,-72],[33,-41],[14,36],[74,-3],[34,-38],[82,33],[69,-22],[3,-20],[77,3],[8,-53],[37,-21],[45,5],[108,-33],[34,2],[15,-51],[41,5],[24,-42],[0,-32],[39,-3],[62,-33],[-21,-43],[18,-14],[75,8],[36,34],[84,-17],[4,20],[49,16],[45,-5],[-3,-57],[25,-18],[0,-60],[18,-17],[-19,-49],[-62,-65],[-42,-14],[-77,-42],[-77,-25],[-24,-18],[-2,-52],[-68,-33],[-62,-9],[-27,10],[-55,48],[-19,39],[-23,12],[-198,36],[-76,1],[-29,24],[-69,2],[-78,-39],[-35,-6],[-49,21],[-68,7],[-55,37],[-31,-8],[-31,17],[-72,-8],[-29,-39],[-113,-71],[-83,13],[-33,-3],[-102,-42],[-26,21],[-103,-3],[-137,61],[-32,-17],[-123,-21],[-99,-34],[-41,-4],[-51,14],[-57,-8],[-53,-26],[-32,2],[-64,23],[-26,-5],[-93,-48],[-21,70],[-82,61],[-50,-18],[-6,-48],[14,-48],[-53,11],[-75,-7],[-43,104],[-12,59],[6,94],[-18,97],[3,46],[22,40],[33,34],[54,69],[79,55],[24,50],[-88,37],[-68,8],[-167,65],[-95,-7],[-46,37]]],"transform":{"scale":[0.00011297810225615316,0.00010480631900739283],"translate":[149.0261042696398,-35.35129337767296]},"objects":{"auspol-maps-2019-p100-alldivisions":{"type":"GeometryCollection","geometries":[{"arcs":[[0]],"type":"Polygon","properties":{"E_div_numb":2,"Elect_div":"Canberra","Numccds":311,"Actual":93379,"Projected":96894,"Total_Popu":0,"Australian":0,"Area_SqKm":312.26314223983,"Sortname":"Canberra"}}]}}}