{"type":"Topology","arcs":[[[775,25],[9,109],[12,51],[-7,89],[-21,85],[-8,106],[-20,57],[-75,99],[-34,59],[-87,89],[-77,55],[4,22],[82,8],[34,21],[44,5],[25,17],[41,51],[33,89],[8,118],[-7,67],[-17,62],[-50,88],[-41,39],[-72,18],[-77,33],[-107,-4],[15,72],[-22,44],[16,49],[-6,52],[-30,46],[-43,28],[-26,32],[-46,3],[2,57],[30,-24],[76,-20],[13,-38],[67,-20],[80,6],[77,-13],[67,36],[73,62],[91,97],[47,60],[32,91],[1,37],[-37,123],[39,57],[24,21],[52,74],[36,70],[16,63],[4,118],[170,6],[472,1],[452,5],[18,-17],[1,-107],[-18,-9],[-15,-78],[-36,-27],[-68,11],[-21,-8],[12,-37],[3,-305],[23,-38],[0,-135],[-13,-60],[-43,-28],[-12,-23],[20,-49],[-44,-60],[69,-85],[45,-11],[-129,-386],[-101,-81],[-77,-50],[-26,-51],[-4,-36],[10,-73],[-7,-46],[-49,-45],[-52,-17],[-49,-44],[0,-159],[-34,-46],[-4,-39],[-36,-20],[275,2],[1,-366],[-233,0],[-36,-130],[-230,54],[0,-29],[-474,0]],[[355,2213],[-22,-18],[-48,21],[-42,-31],[-5,-45],[22,-38],[42,-39],[-34,-39],[-66,20],[-31,26],[0,56],[-23,94],[-58,150],[-10,58],[7,59],[-16,49],[-27,29],[-2,52],[-16,13],[-2,52],[-24,42],[12,74],[-11,81],[63,9],[18,-47],[46,-50],[21,-62],[-21,-106],[21,-57],[45,-77],[12,-86],[23,-53],[37,-51],[47,-28],[42,-58]],[[46,3185],[-46,41],[27,10],[19,-51]]],"transform":{"scale":[0.00011297974849533432,0.0001047868907372599],"translate":[115.66031110750296,-32.45819255517802]},"objects":{"auspol-maps-2019-p100-alldivisions":{"type":"GeometryCollection","geometries":[{"arcs":[[[0]],[[1]],[[2]]],"type":"MultiPolygon","properties":{"E_div_numb":1,"Elect_div":"Brand","Numccds":301,"Actual":90093,"Projected":96631,"Total_Popu":0,"Australian":0,"Area_SqKm":377.34061216559,"Sortname":"Brand"}}]}}}