{"type":"Topology","arcs":[[[1932,445],[-6,-32],[-21,1],[-9,-57],[29,-8],[-28,-188],[-538,-161],[-20,25],[-17,55],[27,25],[-944,87],[100,802],[64,395],[5,41],[-267,32],[-12,37],[27,221],[66,279],[-124,17],[7,37],[-72,10],[1,42],[-19,78],[36,257],[12,69],[-229,316],[34,1],[178,-20],[41,6],[61,-9],[16,-24],[52,30],[71,-1],[-62,-60],[11,-31],[25,-14],[52,-6],[21,-32],[24,-81],[36,0],[75,21],[112,-4],[62,18],[41,28],[35,-9],[64,-1],[-11,38],[32,35],[19,2],[-19,-48],[0,-81],[33,-15],[-7,-47],[29,-52],[50,31],[98,-18],[62,-6],[11,-30],[-28,-51],[31,-48],[-7,-43],[-76,-21],[-83,-43],[-17,-20],[17,-26],[60,-12],[60,0],[45,16],[66,5],[54,-48],[-49,-6],[5,-38],[41,-15],[17,-23],[34,0],[23,25],[50,13],[29,-37],[20,-9],[-5,-62],[59,-63],[-65,-58],[1,-1],[44,-25],[22,-32],[-24,-16],[6,-48],[-32,-27],[-6,-31],[50,-17],[60,12],[43,-28],[9,-72],[-38,-23],[-50,21],[-18,67],[-80,19],[-35,31],[-54,22],[-16,-9],[-7,-73],[-22,-56],[30,-36],[50,-5],[45,10],[19,-18],[-6,-25],[-56,-37],[-12,-36],[16,-13],[54,4],[24,-33],[13,-67],[21,-7],[73,14],[27,-24],[45,-119],[-20,-76],[4,-25],[56,-30],[29,-5],[7,-37],[-20,-45],[-30,-24],[10,-67],[14,-18],[94,-48],[39,-3],[52,33],[0,-60],[32,-5],[-8,-59],[-50,-290]]],"transform":{"scale":[0.00006106618546111656,0.00005655197288464411],"translate":[144.7443931722484,-37.82283748713441]},"objects":{"auspol-maps-2019-p100-alldivisions":{"type":"GeometryCollection","geometries":[{"arcs":[[0]],"type":"Polygon","properties":{"E_div_numb":14,"Elect_div":"Fraser","Numccds":423,"Actual":109137,"Projected":111482,"Total_Popu":0,"Australian":0,"Area_SqKm":106.23,"Sortname":"Fraser"}}]}}}