{"type":"Topology","arcs":[[[203,211],[-43,-3],[-17,-62],[21,-48],[-29,-35],[-27,-63],[-60,19],[-45,22],[33,33],[29,79],[30,44],[-5,80],[-24,24],[-39,79],[-27,128],[102,7],[25,-34],[-12,-45],[39,-28],[85,-27],[69,17],[3,-80],[-22,-71],[-55,7],[-31,-43]]],"transform":{"scale":[0.0004506349907631271,0.00041912003840511344],"translate":[152.97780608011306,-27.36514143902844]},"objects":{"auspol-maps-2019-p100-alldivisions":{"type":"GeometryCollection","geometries":[{"arcs":[[0]],"type":"Polygon","properties":{"E_div_numb":26,"Elect_div":"Petrie","Numccds":334,"Actual":106757,"Projected":113340,"Total_Popu":0,"Australian":0,"Area_SqKm":148.66558843655,"Sortname":"PETRIE"}}]}}}