{"type":"Topology","arcs":[[[1183,0],[0,1],[-18,153],[-16,55],[-49,60],[-44,23],[-106,26],[-46,18],[-30,24],[-30,46],[-21,95],[-7,59],[-221,0],[-1,-50],[-253,2],[-1,-155],[-62,1],[-114,-8],[-103,3],[-19,153],[-12,61],[-15,35],[-6,83],[12,46],[2,101],[-7,72],[6,15],[-11,104],[2,50],[-13,50],[15,41],[-12,39],[143,0],[143,21],[160,-14],[303,-2],[137,0],[148,15],[131,42],[64,7],[30,-13],[41,-38],[66,-39],[63,-19],[425,-2],[88,-4],[133,-35],[-6,-50],[21,-106],[3,-96],[-9,-51],[-12,-69],[31,0],[3,-138],[293,-270],[-104,-57],[-54,-49],[-170,-192],[-81,73],[-76,0],[-14,-82],[-115,0],[-35,30],[-29,-27],[-71,66],[-81,-77],[-15,-25],[-374,-2]]],"transform":{"scale":[0.00006108317580949203,0.00005654080813013454],"translate":[115.75080628440432,-31.914183097948595]},"objects":{"auspol-maps-2019-p100-alldivisions":{"type":"GeometryCollection","geometries":[{"arcs":[[0]],"type":"Polygon","properties":{"E_div_numb":14,"Elect_div":"Stirling","Numccds":333,"Actual":95584,"Projected":101801,"Total_Popu":0,"Australian":0,"Area_SqKm":74.147083660318,"Sortname":"Stirling"}}]}}}