{"type":"Topology","arcs":[[[6649,2275],[-60,-243],[-13,-77],[0,-111],[11,-140],[-7,-123],[-1,-76],[-9,-75],[-86,-485],[-84,-457],[-42,-244],[-258,31],[-574,79],[-559,76],[-1151,153],[-40,6],[-50,-277],[-150,21],[-32,-178],[-6,-72],[2,-30],[-34,7],[-186,24],[-91,-22],[-72,22],[-125,-42],[-27,1],[-106,63],[-31,4],[-96,-16],[19,-86],[-52,-8],[-13,36],[0,37],[-18,79],[-11,31],[-41,144],[-3,28],[-13,39],[-3,33],[-21,106],[-42,130],[-12,68],[-54,160],[-18,58],[-39,83],[-22,72],[-36,84],[-50,109],[-42,79],[-19,60],[-54,108],[-35,77],[-36,61],[-17,39],[-57,110],[-45,70],[-20,43],[-49,80],[-18,23],[-51,86],[-92,129],[-50,57],[-16,24],[-96,103],[-47,36],[-35,-7],[-36,44],[-6,20],[-37,63],[-37,47],[-60,68],[-19,16],[-45,52],[-63,52],[-43,50],[-50,45],[-93,75],[-109,77],[-121,76],[-120,63],[-78,33],[-111,29],[42,234],[41,246],[28,160],[-521,808],[-36,70],[-20,67],[-5,32],[2,97],[-35,54],[-32,32],[174,-22],[258,-35],[204,-26],[58,-13],[277,-37],[90,-14],[80,-5],[71,-10],[149,-26],[160,-19],[113,-15],[77,-19],[62,-24],[70,-35],[33,-23],[69,-60],[38,-40],[31,-46],[26,-58],[90,-253],[30,-10],[35,-29],[51,-31],[57,-20],[276,-38],[192,-23],[98,-24],[63,-28],[43,-25],[80,-56],[57,-18],[-4,-60],[15,-33],[154,-279],[105,-160],[55,-67],[18,-12],[-9,-46],[-28,-196],[7,0],[631,-81],[213,-28],[215,-30],[79,-14],[2,12],[205,57],[110,24],[40,196],[5,78],[-13,129],[1,55],[224,-170],[57,-41],[148,-111],[200,-105],[19,-21],[79,-129],[41,-51],[31,-25],[224,-111],[-19,42],[821,-104],[-18,-100],[-71,-347]]],"transform":{"scale":[0.00003227945779687993,0.00002988667140171073],"translate":[145.0343733843689,-38.084985102732844]},"objects":{"auspol-maps-2019-p100-alldivisions":{"type":"GeometryCollection","geometries":[{"arcs":[[0]],"type":"Polygon","properties":{"E_div_numb":23,"Elect_div":"Isaacs","Numccds":347,"Actual":105189,"Projected":109034,"Total_Popu":0,"Australian":0,"Area_SqKm":155.83,"Sortname":"Isaacs"}}]}}}