{"type":"Topology","arcs":[[[1896,781],[-2,-47],[-45,-57],[-13,-41],[11,-89],[-19,-142],[-31,-114],[7,-59],[35,-36],[-67,-36],[-31,-30],[6,-40],[33,-66],[-78,-24],[-37,19],[5,52],[-11,19],[1,56],[-33,0],[-155,132],[-42,48],[-60,-23],[-65,-71],[-118,-66],[52,94],[-2,87],[-91,47],[-43,51],[-26,8],[-51,-22],[-49,76],[59,106],[7,45],[-84,7],[-492,71],[-52,22],[-176,15],[-49,103],[-79,64],[-48,48],[-63,41],[2,84],[64,-9],[12,66],[13,4],[10,72],[64,51],[-19,24],[-3,125],[416,-61],[115,-16],[36,-18],[78,-13],[136,2],[49,9],[67,-5],[62,44],[97,6],[29,-22],[93,-64],[100,3],[85,-36],[62,-12],[63,-42],[53,-58],[40,-99],[72,-45],[-38,-11],[16,-57],[-34,-6],[-12,-45],[57,-8],[-19,-103],[52,6],[78,-14]]],"transform":{"scale":[0.000112959779452034,0.00010474254415723954],"translate":[150.70476502560066,-34.02087048904873]},"objects":{"auspol-maps-2019-p100-alldivisions":{"type":"GeometryCollection","geometries":[{"arcs":[[0]],"type":"Polygon","properties":{"E_div_numb":46,"Elect_div":"Werriwa","Numccds":368,"Actual":0,"Projected":0,"Total_Popu":0,"Australian":0,"Area_SqKm":171.61810774423,"Sortname":"Werriwa"}}]}}}