{"type":"Topology","arcs":[[[3874,4323],[-44,-48],[35,-50],[-42,-69],[16,-38],[12,-82],[-14,-108],[-32,-85],[-12,-75],[-41,-175],[-5,-73],[-20,-87],[-88,-531],[-59,-421],[-13,-118],[-27,-196],[-29,-250],[-6,-96],[-13,-139],[-4,-120],[-13,-189],[0,-143],[4,-54],[23,-134],[36,-130],[80,-152],[-70,-18],[-83,-33],[-26,-28],[-24,-47],[-4,-83],[4,-59],[-133,-164],[-39,-8],[-13,18],[-187,29],[-3,-2],[-239,38],[-8,-19],[-90,-97],[-14,-28],[-7,-47],[-94,9],[-258,42],[-131,21],[-31,18],[12,-79],[19,-87],[-2,-65],[-15,-38],[-29,-33],[-135,19],[15,93],[-247,40],[40,232],[-56,22],[-26,-11],[-48,6],[-6,-18],[33,-21],[-305,48],[4,42],[-15,41],[18,34],[-4,52],[35,4],[14,38],[36,21],[-17,152],[-25,13],[7,38],[-38,25],[9,17],[52,7],[27,32],[20,1],[16,71],[0,54],[-12,22],[-90,11],[-139,25],[7,45],[17,-3],[100,151],[-2,49],[-75,47],[9,-52],[-53,-67],[-18,8],[56,45],[8,20],[-14,30],[-27,29],[-22,-36],[-31,-26],[-41,10],[-36,58],[6,29],[35,19],[55,2],[35,27],[39,115],[16,18],[42,7],[71,31],[55,40],[34,33],[87,27],[-24,151],[-12,48],[-46,117],[-32,123],[-51,152],[-44,186],[-45,96],[-59,62],[-49,32],[-280,149],[-88,61],[-36,35],[-49,60],[-36,65],[-31,72],[-21,84],[-35,77],[-56,92],[-23,58],[-11,53],[-10,95],[-12,42],[-42,85],[-45,56],[-71,68],[-25,18],[-82,167],[-27,46],[-37,86],[-23,41],[-115,165],[-18,22],[19,25],[60,27],[33,-8],[-4,-52],[37,-2],[49,58],[-32,34],[-72,16],[-58,30],[-55,16],[-70,0],[-41,57],[21,14],[101,-1],[57,-7],[47,-14],[28,9],[11,37],[30,24],[39,6],[12,21],[-28,51],[11,30],[42,13],[14,26],[-38,66],[-8,47],[17,49],[107,-35],[2,-33],[36,-10],[69,12],[80,4],[41,37],[6,46],[21,16],[40,-18],[119,2],[25,-14],[36,-42],[56,-37],[25,5],[50,34],[39,-2],[76,16],[30,18],[53,36],[31,1],[19,-19],[8,-34],[-5,-60],[16,-42],[71,-113],[56,-29],[104,-7],[152,49],[85,54],[41,109],[38,24],[65,8],[127,-27],[106,77],[115,39],[95,-13],[27,-55],[26,-94],[55,-95],[69,-31],[154,-26],[59,-25],[46,-3],[79,58],[32,-9],[31,-51],[70,-76],[50,-66],[55,-104],[12,-90],[2,-79],[19,-35],[46,-54],[59,-36],[80,-20],[106,0],[85,24],[78,57],[95,44],[148,35]]],"transform":{"scale":[0.00006108771930490285,0.00005654603150389912],"translate":[153.2126946773484,-27.976775439959642]},"objects":{"auspol-maps-2019-p100-alldivisions":{"type":"GeometryCollection","geometries":[{"arcs":[[0]],"type":"Polygon","properties":{"E_div_numb":8,"Elect_div":"Fadden","Numccds":327,"Actual":103053,"Projected":110152,"Total_Popu":0,"Australian":0,"Area_SqKm":387.39978138316,"Sortname":"FADDEN"}}]}}}