{"type":"Topology","arcs":[[[142,28],[0,-1],[-5,-16],[-11,-11],[-22,22],[-68,15],[-33,-6],[29,27],[-32,29],[57,50],[2,0],[0,1],[2,0]],[[61,138],[1,0],[0,1],[2,0],[1,1],[3,1],[1,0],[1,2],[-5,-1],[-1,0],[-1,2],[-1,0],[11,8],[1,1],[1,1]],[[75,154],[1,0],[10,3],[1,0],[0,1],[0,1],[0,1],[8,-1],[1,1],[1,0],[-4,30],[62,1],[19,-11],[4,-17],[-46,-51],[-11,-39],[21,-45]]],"transform":{"scale":[0.0004488062260653732,0.0004191721296988999],"translate":[151.11766677187765,-33.92509137425918]},"objects":{"auspol-maps-2019-p100-alldivisions":{"type":"GeometryCollection","geometries":[{"arcs":[[0,1,2]],"type":"Polygon","properties":{"E_div_numb":17,"Elect_div":"Grayndler","Numccds":363,"Actual":0,"Projected":0,"Total_Popu":0,"Australian":0,"Area_SqKm":32.298701553755,"Sortname":"Grayndler"}}]}}}