{"type":"Topology","arcs":[[[3272,1054],[7,-23],[-11,-47],[-29,-16],[-45,-54],[7,-43],[18,-16],[-14,-43],[1,-56],[-23,-13],[-36,-55],[26,-20],[-2,-25],[-40,-106],[-60,-43],[-59,-57],[-10,-32],[5,-59],[-19,-42],[-22,-151],[11,-34],[-13,-39],[-63,-25],[-19,-16],[7,-39],[-229,36],[-28,-16],[-68,23],[-91,-12],[-8,33],[-28,23],[-19,39],[-104,-3],[-29,-10],[-49,32],[-23,41],[-33,24],[-31,-6],[-9,-19],[25,-76],[-14,-21],[-89,58],[47,30],[-6,19],[-62,-9],[-30,4],[-19,54],[-59,-13],[-645,94],[-810,130],[43,37],[-7,33],[-31,33],[-1,42],[-13,33],[-28,30],[-1,26],[34,72],[26,11],[28,37],[18,44],[-16,92],[-83,68],[0,27],[43,26],[52,80],[10,60],[-47,65],[-18,9],[-104,8],[-66,-35],[-34,5],[-26,36],[-25,63],[-3,54],[21,169],[25,67],[11,118],[12,70],[-1,45],[15,45],[337,38],[17,16],[48,-7],[73,95],[61,43],[24,58],[6,46],[33,48],[33,11],[13,21],[-58,56],[-48,38],[-91,32],[-56,30],[-165,132],[-214,64],[-52,14],[-29,19],[-29,1],[-63,48],[-64,92],[-20,38],[-20,121],[-21,52],[-7,47],[5,90],[-3,46],[-22,72],[11,77],[36,67],[66,57],[56,84],[10,40],[-1,57],[29,62],[-1,52],[32,82],[4,75],[19,80],[2,90],[13,73],[-12,63],[-29,49],[-68,77],[-21,45],[25,-5],[170,-13],[37,1],[95,-10],[95,-41],[174,-30],[224,-28],[170,-26],[340,-48],[157,-14],[-14,-82],[-109,-197],[92,-141],[29,0],[66,41],[47,-14],[28,-45],[50,-51],[54,-17],[59,-45],[55,-24],[-2,-77],[11,-50],[-4,-35],[-98,-174],[-12,-34],[11,-18],[37,49],[50,45],[113,64],[22,18],[120,129],[61,33],[49,12],[22,-39],[55,-51],[109,-87],[44,-18],[16,-39],[72,-55],[47,-45],[-21,-145],[-9,-92],[1,-55],[-11,-117],[8,-61],[87,-14],[56,-42],[73,-9],[65,32],[43,9],[23,-33],[79,-7],[104,-22],[357,-54],[-6,-43],[-40,-49],[-3,-53],[-35,-31],[3,-45],[20,-34],[-31,-38],[-14,-42],[21,-27],[7,-54],[24,-20],[-30,-68],[39,-41],[-10,-20],[-10,-66],[-36,-19],[-20,-23],[13,-55],[-32,-61],[-34,-24],[-76,-33],[-35,-32],[31,-65],[185,-31],[-50,-253],[-38,-23],[-53,-59],[-32,-61],[11,-39],[37,-47],[3,-37],[-30,-25],[-41,2],[-34,-13],[0,-62]]],"transform":{"scale":[0.00006108822044942017,0.000056544823409929365],"translate":[150.7228432475822,-34.18958304474447]},"objects":{"auspol-maps-2019-p100-alldivisions":{"type":"GeometryCollection","geometries":[{"arcs":[[0]],"type":"Polygon","properties":{"E_div_numb":25,"Elect_div":"Macarthur","Numccds":388,"Actual":0,"Projected":0,"Total_Popu":0,"Australian":0,"Area_SqKm":362.76022332352,"Sortname":"Macarthur"}}]}}}