{"type":"Topology","arcs":[[[676,36],[-54,-36],[-30,17],[-22,35],[-71,-7],[-70,12],[18,96],[-35,49],[23,34],[-17,29],[-36,8],[-2,84],[-43,14],[-2,26],[-51,14],[-66,-56],[-62,41],[-12,-35],[-50,-25],[-38,2],[29,59],[10,64],[-95,13],[34,32],[8,49],[24,18],[32,-18],[151,-33],[57,77],[78,8],[13,64],[17,8],[30,-15],[114,-20],[36,-1],[55,-21],[15,-85],[-29,-9],[-38,14],[-29,-15],[-50,-67],[60,-90],[38,-97],[76,-55],[34,-117],[-41,-22],[-9,-43]]],"transform":{"scale":[0.00045106048931268703,0.0004192931278394311],"translate":[152.98710333322717,-27.919169626294075]},"objects":{"auspol-maps-2019-p100-alldivisions":{"type":"GeometryCollection","geometries":[{"arcs":[[0]],"type":"Polygon","properties":{"E_div_numb":12,"Elect_div":"Forde","Numccds":352,"Actual":100120,"Projected":108502,"Total_Popu":0,"Australian":0,"Area_SqKm":417.6874410179,"Sortname":"FORDE"}}]}}}