{"type":"Topology","arcs":[[[272,83],[-115,2],[14,-67],[-61,-18],[-45,15],[-6,-7],[-59,63],[23,27],[10,63],[92,0],[38,20],[59,-17],[13,-53],[36,-23],[0,-1],[1,-4]]],"transform":{"scale":[0.0004506838383195093,0.00041756028548744313],"translate":[152.97746173740515,-27.479790046566645]},"objects":{"auspol-maps-2019-p100-alldivisions":{"type":"GeometryCollection","geometries":[{"arcs":[[0]],"type":"Polygon","properties":{"E_div_numb":4,"Elect_div":"Brisbane","Numccds":364,"Actual":105439,"Projected":112500,"Total_Popu":0,"Australian":0,"Area_SqKm":54.785101830972,"Sortname":"BRISBANE"}}]}}}