{"type":"Topology","arcs":[[[183,44],[-57,3],[-2,-40],[-124,-7],[31,58],[-19,102],[-1,60],[32,-2],[33,-26],[38,21],[66,36],[28,-33],[64,3],[38,3],[24,-23],[46,-3],[14,-79],[-21,-44],[-52,24],[-62,-3],[11,-32],[-87,-18]]],"transform":{"scale":[0.0004509665921107413,0.00041927986872018525],"translate":[138.5037046950024,-35.056525816808005]},"objects":{"auspol-maps-2019-p100-alldivisions":{"type":"GeometryCollection","geometries":[{"arcs":[[0]],"type":"Polygon","properties":{"E_div_numb":3,"Elect_div":"Boothby","Numccds":406,"Actual":122901,"Projected":125502,"Total_Popu":0,"Australian":0,"Area_SqKm":115.62,"Sortname":"Boothby"}}]}}}