{"type":"Topology","arcs":[[[366,138],[-24,-59],[-54,-5],[-48,-44],[-57,-30],[-52,18],[-25,27],[-46,7],[-21,21],[0,55],[-39,18],[36,42],[6,-2],[50,-11],[12,31],[34,24],[22,-16],[35,-87],[67,36],[41,-29],[13,24],[50,-20]]],"transform":{"scale":[0.00045065616693513,0.0004191065201481738],"translate":[115.77605294352833,-32.08751117857699]},"objects":{"auspol-maps-2019-p100-alldivisions":{"type":"GeometryCollection","geometries":[{"arcs":[[0]],"type":"Polygon","properties":{"E_div_numb":16,"Elect_div":"Tangney","Numccds":320,"Actual":93090,"Projected":97967,"Total_Popu":0,"Australian":0,"Area_SqKm":83.092372117187,"Sortname":"Tangney"}}]}}}