{"type":"Topology","arcs":[[[823,205],[-26,33],[-101,-7],[27,-128],[39,-79],[24,-24],[-20,15],[-72,22],[-32,69],[-37,17],[-130,20],[-55,0],[-40,15],[15,103],[-50,21],[1,36],[-48,19],[-53,51],[-8,-42],[-32,-16],[-71,8],[-105,57],[-9,63],[45,63],[-85,200],[13,46],[27,29],[-35,22],[3,23],[46,-1],[-47,145],[25,14],[2,72],[155,-37],[8,43],[59,1],[27,-72],[46,-4],[44,-65],[35,-5],[20,-31],[5,-96],[36,-5],[-7,-40],[-25,-14],[-7,-47],[73,-11],[29,16],[102,-28],[37,-32],[81,-13],[33,15],[1,28],[54,-8],[52,-33],[18,30],[-11,38],[22,46],[-14,31],[9,41],[72,35],[27,76],[-4,37],[29,74],[-9,-79],[7,-87],[57,-216],[50,-131],[43,-70],[15,-66],[-19,-27],[-69,-9],[-75,33],[-55,-3],[-99,-64],[-34,-72],[-29,-45]]],"transform":{"scale":[0.00045082274728930804,0.00041947076067812777],"translate":[152.66410987318926,-27.249211841461875]},"objects":{"auspol-maps-2019-p100-alldivisions":{"type":"GeometryCollection","geometries":[{"arcs":[[0]],"type":"Polygon","properties":{"E_div_numb":20,"Elect_div":"Longman","Numccds":342,"Actual":106098,"Projected":112971,"Total_Popu":0,"Australian":0,"Area_SqKm":1236.8250988091,"Sortname":"LONGMAN"}}]}}}