{"type":"Topology","arcs":[[[398,0],[-111,14],[7,25],[-87,42],[-127,20],[31,83],[-5,86],[14,45],[-120,19],[5,64],[52,12],[-10,24],[25,122],[38,22],[72,-3],[5,-37],[61,-68],[30,-20],[51,17],[0,-36],[127,-9],[8,-20],[-33,-68],[-6,-56],[41,-2],[36,-45],[56,-5],[54,12],[21,-33],[-44,-56],[-79,-83],[-78,-53],[-34,-13]]],"transform":{"scale":[0.0004504198454434027,0.0004194245032302724],"translate":[150.8866128148569,-34.172322449732626]},"objects":{"auspol-maps-2019-p100-alldivisions":{"type":"GeometryCollection","geometries":[{"arcs":[[0]],"type":"Polygon","properties":{"E_div_numb":19,"Elect_div":"Hughes","Numccds":375,"Actual":0,"Projected":0,"Total_Popu":0,"Australian":0,"Area_SqKm":369.32581944304,"Sortname":"Hughes"}}]}}}