{"type":"Topology","arcs":[[[353,157],[-17,-8],[-13,-64],[-78,-9],[-57,-76],[-151,32],[-33,18],[6,52],[-10,32],[23,74],[32,33],[25,-29],[111,-16],[23,58],[27,15],[73,-11],[43,-35],[18,-14],[-22,-52]]],"transform":{"scale":[0.00044994113836128237,0.0004190599349281151],"translate":[153.01499509256945,-27.700120331444534]},"objects":{"auspol-maps-2019-p100-alldivisions":{"type":"GeometryCollection","geometries":[{"arcs":[[0]],"type":"Polygon","properties":{"E_div_numb":27,"Elect_div":"Rankin","Numccds":401,"Actual":102349,"Projected":111658,"Total_Popu":0,"Australian":0,"Area_SqKm":131.05228508218,"Sortname":"RANKIN"}}]}}}