{"type":"Topology","arcs":[[[186,0],[0,1],[-24,35],[-128,2],[-34,28],[5,28],[10,25],[0,1],[0,1],[0,1]],[[15,122],[0,1],[1,0],[0,2],[1,0],[0,1],[17,28],[1,1],[-4,43],[26,21],[11,11],[72,-7],[8,54],[114,-31],[-19,-19],[-1,-119],[-18,-73],[-38,-35]]],"transform":{"scale":[0.00045079980465584325,0.00041851840276737495],"translate":[151.14831327288337,-34.01668216128691]},"objects":{"auspol-maps-2019-p100-alldivisions":{"type":"GeometryCollection","geometries":[{"arcs":[[0,1]],"type":"Polygon","properties":{"E_div_numb":22,"Elect_div":"Kingsford Smith","Numccds":384,"Actual":0,"Projected":0,"Total_Popu":0,"Australian":0,"Area_SqKm":91.027220546961,"Sortname":"Kingsford Smith"}}]}}}