{"type":"Topology","arcs":[[[2470,89],[-649,-35],[-254,-14],[-287,327],[-49,61],[-42,82],[-365,-200],[-86,-47],[-482,-263],[-5,104],[-73,1075],[-16,247],[-90,-5],[-28,384],[5,27],[93,266],[25,2],[-33,439],[5,8],[-91,65],[23,117],[55,301],[-74,49],[-29,455],[-23,369],[552,28],[71,4],[155,-7],[179,6],[147,23],[279,15],[199,9],[155,10],[453,23],[183,-3],[373,17],[20,-319],[31,-435],[36,-35],[-363,-298],[223,-216],[48,-53],[-74,-44],[-40,-16],[-46,-7],[-54,-22],[-14,-13],[-1,-44],[-24,-20],[-7,-41],[-25,-9],[-92,23],[-46,-15],[-3,-37],[21,-6],[17,-19],[-9,-27],[-16,-5],[-45,28],[-20,4],[-44,-5],[-14,-17],[14,-49],[7,-109],[-40,-14],[-32,10],[-32,41],[-37,3],[18,-70],[6,-67],[14,-39],[-9,-45],[-22,-40],[2,-37],[-15,-23],[-31,-9],[90,-438],[224,-174],[18,-17],[29,-395],[5,-33],[56,-786]]],"transform":{"scale":[0.000032282159800011345,0.000029882863737237366],"translate":[138.54671680232244,-34.96722382482728]},"objects":{"auspol-maps-2019-p100-alldivisions":{"type":"GeometryCollection","geometries":[{"arcs":[[0]],"type":"Polygon","properties":{"E_div_numb":1,"Elect_div":"Adelaide","Numccds":401,"Actual":119793,"Projected":124114,"Total_Popu":0,"Australian":0,"Area_SqKm":86.38,"Sortname":"Adelaide"}}]}}}