{"type":"Topology","arcs":[[[221,0],[-67,11],[-20,11],[-61,-1],[-69,7],[-4,29],[24,36]],[[24,93],[14,-3],[0,2],[-3,2],[-1,0],[-3,2],[-1,8],[0,1],[-1,1],[-1,0],[3,0],[3,9],[0,-1],[34,33],[47,-12],[55,18],[66,-5],[-5,-85],[-39,-24],[29,-39]]],"transform":{"scale":[0.00045085549470441535,0.00041862419227444765],"translate":[151.1266196822838,-33.854316675192294]},"objects":{"auspol-maps-2019-p100-alldivisions":{"type":"GeometryCollection","geometries":[{"arcs":[[0,1]],"type":"Polygon","properties":{"E_div_numb":32,"Elect_div":"North Sydney","Numccds":366,"Actual":0,"Projected":0,"Total_Popu":0,"Australian":0,"Area_SqKm":52.820341591442,"Sortname":"North Sydney"}}]}}}