{"type":"Topology","arcs":[[[185,74],[-54,-24],[13,-39],[-52,-11],[-92,7],[15,64],[-13,25],[13,96],[51,-22],[7,-32],[109,-7],[32,-29],[-29,-28]]],"transform":{"scale":[0.0004505418608423486,0.00041865689728948224],"translate":[151.03571320739042,-33.94334548216331]},"objects":{"auspol-maps-2019-p100-alldivisions":{"type":"GeometryCollection","geometries":[{"arcs":[[0]],"type":"Polygon","properties":{"E_div_numb":44,"Elect_div":"Watson","Numccds":399,"Actual":0,"Projected":0,"Total_Popu":0,"Australian":0,"Area_SqKm":47.483262096275,"Sortname":"Watson"}}]}}}