{"type":"Topology","arcs":[[[2116,319],[-9,3],[-49,-35],[-45,-25],[-31,-10],[-59,-41],[-28,-7],[-15,-20],[-35,-8],[-18,-28],[-4,-25],[-52,-48],[-43,-24],[-2,-23],[-22,-27],[-24,-1],[-46,35],[-45,13],[-58,1],[-66,12],[0,33],[-29,5],[5,29],[-26,37],[-36,26],[-5,47],[-23,39],[-42,33],[-22,32],[-22,14],[-26,4],[-1,16],[-57,66],[-41,13],[-15,14],[-55,18],[4,22],[-23,21],[3,25],[-38,72],[-36,43],[-27,57],[-25,37],[-49,41],[-38,63],[-36,27],[3,10],[44,12],[15,41],[-1,44],[-21,57],[21,41],[-23,54],[-55,86],[-41,45],[-91,120],[-59,63],[-1,13],[-29,25],[-9,17],[-40,39],[-45,32],[-33,36],[-45,17],[-31,65],[-50,22],[-15,18],[-6,61],[-23,68],[5,4],[212,-56],[2,40],[-44,89],[-80,99],[-78,89],[-86,105],[-38,38],[-66,51],[-31,6],[9,74],[18,3],[9,23],[-17,32],[19,8],[17,29],[3,40],[-9,36],[-31,46],[6,16],[-8,67],[-39,57],[19,16],[-19,38],[12,32],[-1,32],[12,6],[0,51],[-16,32],[-38,33],[9,68],[-1,27],[-17,44],[-3,30],[48,102],[23,30],[5,27],[2,99],[-6,34],[-27,34],[4,13],[176,-24],[49,283],[126,-17],[43,-3],[200,-29],[532,-70],[372,-51],[356,-47],[40,-122],[-68,-369],[295,-41],[-39,-240],[-36,-231],[-52,-300],[-32,-201],[-258,35],[-174,21],[32,-31],[35,-55],[-2,-96],[5,-33],[21,-67],[36,-69],[521,-809],[-29,-159],[-41,-247],[-41,-234]]],"transform":{"scale":[0.00003227176936077478,0.000029880480569789372],"translate":[144.9834045724676,-37.99634118283046]},"objects":{"auspol-maps-2019-p100-alldivisions":{"type":"GeometryCollection","geometries":[{"arcs":[[0]],"type":"Polygon","properties":{"E_div_numb":17,"Elect_div":"Goldstein","Numccds":339,"Actual":106548,"Projected":108916,"Total_Popu":0,"Australian":0,"Area_SqKm":50.66,"Sortname":"Goldstein"}}]}}}