{"type":"Topology","arcs":[[[226,0],[-30,39],[-102,12],[-11,-22]],[[83,29],[-22,28],[-28,21],[-13,92],[-20,32],[9,34],[42,62],[38,-2],[109,17],[83,-26],[41,-29],[-62,-36],[-26,-72],[12,-51],[-20,-99]]],"transform":{"scale":[0.00045021204980860187,0.0004184703846638663],"translate":[145.19152876841008,-37.96405293367775]},"objects":{"auspol-maps-2019-p100-alldivisions":{"type":"GeometryCollection","geometries":[{"arcs":[[0,1]],"type":"Polygon","properties":{"E_div_numb":1,"Elect_div":"Aston","Numccds":377,"Actual":109405,"Projected":111014,"Total_Popu":0,"Australian":0,"Area_SqKm":113.78,"Sortname":"Aston"}}]}}}