{"type":"Topology","arcs":[[[172,5],[5,41],[-9,70],[-32,54],[-41,35],[58,32],[10,51],[-29,64],[-64,11],[-7,67],[58,2],[69,64],[0,63],[29,37],[13,64],[275,2],[-4,-52],[-26,-5],[2,-145],[-20,-40],[28,-24],[-32,-97],[-45,-32],[-7,-52],[-37,-26],[-10,-61],[60,-4],[0,-92],[-58,0],[-9,-32],[-58,6],[-119,-1]],[[67,552],[-46,-35],[-21,75],[67,-40]]],"transform":{"scale":[0.00045029431036942055,0.0004194178076238612],"translate":[115.67033973219395,-32.458037544280074]},"objects":{"auspol-maps-2019-p100-alldivisions":{"type":"GeometryCollection","geometries":[{"arcs":[[[0]],[[1]]],"type":"MultiPolygon","properties":{"E_div_numb":1,"Elect_div":"Brand","Numccds":301,"Actual":90093,"Projected":96631,"Total_Popu":0,"Australian":0,"Area_SqKm":377.34061216559,"Sortname":"Brand"}}]}}}