{"type":"Topology","arcs":[[[670,816],[-86,-41],[7,-37],[30,-47],[21,-91],[-11,-63],[-31,-47],[11,-20],[-3,-59],[8,-26],[-16,-33],[26,-86],[-3,-57],[-28,10],[-44,-4],[-27,-23],[14,-52],[-33,-2],[-32,-40],[28,-90],[-45,-8],[-23,9],[-96,16],[-49,28],[-147,21],[-72,45],[-69,5],[28,152],[-11,41],[39,-6],[71,42],[-44,9],[12,72],[27,18],[0,52],[18,19],[-38,44],[213,-26],[159,174],[63,94],[49,53],[32,-10],[52,-36]]],"transform":{"scale":[0.00011289618670512265,0.00010480042935301282],"translate":[151.21507018137305,-33.91393577416417]},"objects":{"auspol-maps-2019-p100-alldivisions":{"type":"GeometryCollection","geometries":[{"arcs":[[0]],"type":"Polygon","properties":{"E_div_numb":45,"Elect_div":"Wentworth","Numccds":350,"Actual":0,"Projected":0,"Total_Popu":0,"Australian":0,"Area_SqKm":37.652062892144,"Sortname":"Wentworth"}}]}}}