{"type":"Topology","arcs":[[[0,0],[18,20],[2,66],[-12,91],[8,23],[-4,101],[30,64],[28,24],[22,67],[124,6],[2,41],[58,-3],[52,-29],[34,-35],[-13,-51],[-75,-33],[20,-16],[-24,-108],[-44,-24],[-56,2],[-95,-65],[-11,-44],[8,-86],[-72,-11]]],"transform":{"scale":[0.00045087967833868915,0.00041893212657095294],"translate":[138.46203922734293,-35.24739333103362]},"objects":{"auspol-maps-2019-p100-alldivisions":{"type":"GeometryCollection","geometries":[{"arcs":[[0]],"type":"Polygon","properties":{"E_div_numb":6,"Elect_div":"Kingston","Numccds":391,"Actual":116847,"Projected":119268,"Total_Popu":0,"Australian":0,"Area_SqKm":165.67,"Sortname":"Kingston"}}]}}}