{"type":"Topology","arcs":[[[2326,1214],[-123,-186],[-76,-149],[-57,10],[-45,-23],[21,-40],[-5,-31],[8,-45],[64,-24],[9,-44],[104,-103],[-33,-49],[-24,1],[-29,36],[-17,-9],[21,-67],[-12,-96],[3,-30],[24,-70],[57,-95],[3,-24],[-22,-19],[-66,23],[-27,-4],[-56,-34],[5,46],[-439,-14],[-60,-16],[-34,3],[-135,55],[-5,-26],[-45,-67],[-61,-58],[-38,-65],[-145,26],[-95,-9],[35,189],[-105,16],[-4,22],[24,61],[25,13],[38,-3],[-8,39],[11,21],[-30,46],[22,14],[32,-12],[15,19],[-59,38],[-56,25],[-18,19],[-30,87],[-43,97],[-40,54],[-59,54],[-117,78],[-115,23],[-157,66],[-42,5],[-143,-9],[-30,7],[-70,62],[-72,47],[31,53],[115,80],[21,116],[262,-39],[37,55],[45,113],[20,67],[23,8],[142,-27],[48,3],[61,12],[-13,-63],[111,-13],[291,-41],[31,-115],[-28,-161],[30,-2],[48,-29],[43,27],[31,5],[52,-56],[74,-39],[34,-43],[65,-8],[69,-25],[19,-27],[41,23],[53,2],[27,12],[-3,30],[37,-9],[41,15],[43,1],[11,40],[28,3],[-13,45],[35,6],[-4,29],[-46,60],[22,63],[29,5],[9,-34],[98,14],[256,-37]]],"transform":{"scale":[0.00006107650633937148,0.00005653036437457281],"translate":[150.84346921923654,-33.939107177808964]},"objects":{"auspol-maps-2019-p100-alldivisions":{"type":"GeometryCollection","geometries":[{"arcs":[[0]],"type":"Polygon","properties":{"E_div_numb":15,"Elect_div":"Fowler","Numccds":381,"Actual":0,"Projected":0,"Total_Popu":0,"Australian":0,"Area_SqKm":60.354185622051,"Sortname":"Fowler"}}]}}}