{"type":"Topology","arcs":[[[2648,0],[-217,34],[-4,-20],[-47,7],[4,22],[-113,19],[14,81],[-69,12],[-19,-37],[-36,127],[-62,90],[-79,69],[-17,35],[-20,68],[-1,43],[32,173],[-65,43],[-28,10],[-120,21],[-85,-21],[-64,-3],[-38,-9],[-82,-42],[-48,-61],[-25,-43],[-80,-75],[-26,-14],[-184,-44],[-24,-16],[-38,124],[-26,198],[-43,22],[-91,30],[-21,53],[-67,50],[-82,-2],[-31,22],[-90,-18],[-31,4],[-20,45],[39,38],[6,52],[-18,18],[-163,26],[-54,-5],[-63,26],[-49,-12],[4,-26],[-307,50],[22,32],[43,21],[44,54],[28,18],[79,21],[71,77],[34,21],[62,22],[57,52],[63,34],[16,104],[25,-1],[63,41],[99,-13],[-8,-42],[69,-13],[8,14],[59,3],[10,55],[18,-4],[43,54],[51,42],[29,33],[15,39],[3,64],[-20,87],[-11,79],[31,-18],[131,-21],[257,-42],[95,-9],[7,47],[13,29],[90,97],[8,18],[240,-38],[2,2],[187,-28],[13,-19],[39,8],[133,164],[-4,60],[4,83],[24,47],[27,27],[82,33],[70,18],[-68,-34],[-4,-77],[0,-184],[3,-100],[-1,-326],[7,-140],[8,-46],[0,-98],[19,-217],[9,-52],[19,-170],[22,-139],[52,-299],[35,-156],[80,-342],[46,-136]]],"transform":{"scale":[0.00006109145650960037,0.00005653286243477928],"translate":[153.28578685027162,-28.076059186818206]},"objects":{"auspol-maps-2019-p100-alldivisions":{"type":"GeometryCollection","geometries":[{"arcs":[[0]],"type":"Polygon","properties":{"E_div_numb":23,"Elect_div":"Moncrieff","Numccds":381,"Actual":107345,"Projected":113028,"Total_Popu":0,"Australian":0,"Area_SqKm":99.922918387364,"Sortname":"MONCRIEFF"}}]}}}