{"type":"Topology","arcs":[[[168,205],[-21,-11],[14,-44],[-22,-96],[-25,-54],[-114,31],[35,100],[-10,11],[54,-6],[68,80],[21,-11]]],"transform":{"scale":[0.0004488753156938144,0.00041810091203412457],"translate":[151.2151157582217,-33.91388271151103]},"objects":{"auspol-maps-2019-p100-alldivisions":{"type":"GeometryCollection","geometries":[{"arcs":[[0]],"type":"Polygon","properties":{"E_div_numb":45,"Elect_div":"Wentworth","Numccds":350,"Actual":0,"Projected":0,"Total_Popu":0,"Australian":0,"Area_SqKm":37.652062892144,"Sortname":"Wentworth"}}]}}}