{"type":"Topology","arcs":[[[1045,203],[0,-7]],[[1045,196],[0,1],[0,-1]],[[1045,196],[-1,-36],[-39,-5],[-36,-29],[38,-48],[-26,-32],[-37,-23],[-15,-23],[-80,65],[-52,53],[-25,45],[-40,-7],[-147,42],[-86,41],[-79,4],[-47,7],[-41,24],[-64,1],[-89,-49],[-38,-10],[-78,-7],[-38,17],[113,82],[100,117],[6,86],[-1,111],[-74,-7],[-85,44],[-84,-14],[80,135],[19,16],[100,53],[-32,48],[89,23],[55,-5],[91,50],[-6,37],[22,7],[3,0],[13,5],[4,2],[12,6],[3,1],[5,2],[3,1],[8,3],[4,2],[8,4],[1,1],[25,6],[3,0],[7,16],[-3,0],[-34,-5],[-2,1],[-15,6],[-3,1],[-18,32],[19,12],[40,0],[36,18],[3,3],[3,4],[3,3],[7,6],[1,1],[4,2],[2,1],[31,24],[46,-9],[3,1],[3,10],[0,3],[0,3],[0,3],[0,2],[0,3],[62,-4],[1,0],[6,4]],[[712,1183],[5,14],[59,36],[-21,9],[-44,51],[-19,38],[-48,36],[7,32],[33,8],[44,-23],[44,1],[44,16],[104,19],[149,9],[72,-13],[72,-82],[72,-4],[-30,-70],[57,-56],[18,-40],[-9,-34],[-81,2],[-43,-27],[-27,-29],[-61,-99],[-83,-8],[-75,-25],[-10,-19],[1,-52],[30,-47],[-19,-36],[6,-39],[-13,-9],[21,-67],[-56,-20],[-19,-121],[-8,-11],[64,-34],[54,-8],[-14,-19],[7,-29],[54,-112],[-7,-39],[3,-79]]],"transform":{"scale":[0.00006106280110547013,0.00005651839409883831],"translate":[151.11750515187106,-33.92495537424784]},"objects":{"auspol-maps-2019-p100-alldivisions":{"type":"GeometryCollection","geometries":[{"arcs":[[0,1,2,3]],"type":"Polygon","properties":{"E_div_numb":17,"Elect_div":"Grayndler","Numccds":363,"Actual":0,"Projected":0,"Total_Popu":0,"Australian":0,"Area_SqKm":32.298701553755,"Sortname":"Grayndler"}}]}}}