{"type":"Topology","arcs":[[[2441,429],[-86,14],[-42,-248],[-37,-195],[-68,11],[-79,5],[-130,19],[-53,30],[-72,33],[-166,28],[-128,-11],[-121,8],[-24,32],[-54,31],[-52,58],[-55,94],[-189,30],[6,-18],[42,-34],[23,-56],[-13,-46],[-77,-61],[-32,-62],[-35,46],[-505,77],[25,53],[37,33],[-22,46],[49,29],[11,42],[-21,20],[-20,40],[-8,40],[-28,-8],[-25,31],[-5,28],[14,40],[-29,0],[-18,26],[-2,53],[-32,37],[-14,64],[35,42],[-30,31],[27,17],[19,45],[0,31],[-166,-37],[-39,162],[-232,-50],[-20,81],[15,87],[35,35],[7,48],[-5,39],[92,-14],[46,12],[14,30],[-4,28],[-52,90],[-3,71],[18,62],[-2,33],[-69,137],[-10,100],[10,41],[47,79],[32,8],[31,-9],[112,-80],[57,-50],[44,-60],[60,-59],[74,-42],[72,-14],[58,0],[57,10],[52,27],[8,32],[-15,36],[-18,10],[-103,6],[-34,7],[-25,43],[38,100],[45,34],[42,16],[53,4],[146,22],[38,22],[15,32],[76,-7],[9,18],[207,-34],[-16,-90],[7,-55],[31,-57],[25,-19],[108,-59],[28,-23],[67,-91],[15,-29],[14,-40],[35,-173],[32,-91],[219,-279],[70,-69],[190,-132],[100,-58],[36,-29],[35,-42],[175,-295]]],"transform":{"scale":[0.00006108579327999664,0.000056547657048307166],"translate":[152.96200763328653,-27.61822622942253]},"objects":{"auspol-maps-2019-p100-alldivisions":{"type":"GeometryCollection","geometries":[{"arcs":[[0]],"type":"Polygon","properties":{"E_div_numb":24,"Elect_div":"Moreton","Numccds":382,"Actual":100082,"Projected":108515,"Total_Popu":0,"Australian":0,"Area_SqKm":107.85800249306,"Sortname":"MORETON"}}]}}}