{"type":"Topology","arcs":[[[966,17],[-153,-17],[27,143],[-21,40],[-82,59],[8,31],[18,61],[-25,52],[14,38],[-93,9],[4,119],[20,37],[-10,141],[-88,11],[16,70],[-46,39],[-26,8],[-46,54],[-79,1],[-41,47],[-41,-12],[-17,27],[-40,-3],[-69,-24],[-25,13],[-58,-6],[-24,50],[10,45],[-40,65],[14,50],[-40,13],[8,57],[-38,44],[-3,73],[46,64],[-13,19],[72,65],[10,38],[31,13],[-8,33],[27,34],[109,-45],[25,42],[21,3],[0,1],[55,29],[41,-2],[21,-12],[53,5],[21,-31],[38,1],[73,35],[37,59],[68,57],[45,14],[25,43],[39,13],[100,-44],[47,26],[39,-88],[-6,-71],[9,-38],[32,-25],[-21,-88],[-11,-80],[15,-86],[-22,-72],[-31,-152],[-3,-166],[40,-160],[46,-71],[39,-34],[32,-7],[2,-44],[-24,-87],[11,-57],[-30,-59],[-20,-70],[0,-62],[23,-19],[-2,-84],[-35,-71],[-39,-26],[-61,-78]]],"transform":{"scale":[0.0004506882686462137,0.00041947173469652186],"translate":[153.10934499454214,-28.924746798556548]},"objects":{"auspol-maps-2019-p100-alldivisions":{"type":"GeometryCollection","geometries":[{"arcs":[[0]],"type":"Polygon","properties":{"E_div_numb":38,"Elect_div":"Richmond","Numccds":406,"Actual":0,"Projected":0,"Total_Popu":0,"Australian":0,"Area_SqKm":2147.5733760286,"Sortname":"Richmond"}}]}}}