{"type":"Topology","arcs":[[[3044,236],[-12,25],[-86,73],[-5,31],[26,73],[-10,27],[13,34],[36,44],[-39,6],[-33,-41],[-15,-47],[-92,-13],[5,-37],[-39,-3],[-15,53],[-52,19],[-45,-8],[-24,63],[-49,-11],[-20,-36],[-56,-54],[2,-52],[-21,-35],[-113,0],[-23,26],[-30,-31],[-50,18],[-44,-10],[-46,4],[-47,-9],[-36,-29],[-182,-220],[-76,-96],[-350,230],[-97,-18],[-40,-39],[-1,-67],[-59,-14],[-88,-56],[-27,17],[-192,2],[-47,66],[-16,41],[30,48],[-3,43],[-49,102],[-3,28],[-77,69],[26,40],[-33,42],[-53,-15],[-145,98],[-141,56],[7,21],[-78,61],[-4,29],[-30,38],[-44,20],[0,48],[-35,20],[-57,-10],[-40,57],[-46,30],[1,38],[-43,10],[-63,50],[-42,20],[-27,36],[23,24],[9,2],[43,-10],[21,-33],[39,-20],[42,5],[41,21],[52,13],[10,24],[38,21],[17,35],[130,50],[10,46],[22,23],[-4,36],[70,1],[69,28],[33,32],[23,-3],[54,40],[38,4],[45,-44],[34,15],[41,43],[27,-44],[31,5],[41,38],[53,-13],[30,-19],[93,33],[64,-8],[6,-17],[47,-12],[53,10],[21,-9],[31,41],[53,19],[15,-11],[92,2],[82,23],[39,37],[27,0],[25,-32],[28,11],[32,-24],[70,14],[36,28],[11,24],[92,46],[41,3],[39,42],[64,19],[18,-18],[36,48],[16,141],[-34,87],[119,-63],[90,-14],[84,35],[-108,248],[164,-17],[16,104],[211,-22],[47,-4],[47,-34],[-74,-67],[106,-24],[77,42],[-12,14],[34,47],[27,9],[126,-28],[-15,65],[30,-12],[39,28],[21,33],[50,-4],[14,-41],[-31,-50],[43,6],[51,24],[4,-47],[67,10],[21,-146],[-16,-44],[25,-8],[4,-81],[-55,-42],[-1,-27],[-28,-26],[-84,-13],[-48,2],[4,-72],[135,-281],[-12,-38],[-45,-62],[-123,-42],[-26,-24],[-22,-45],[77,-42],[32,18],[49,-23],[7,-19],[50,3],[43,-17],[29,12],[28,-26],[27,25],[68,-48],[48,-7],[-9,-50],[34,-19],[23,7],[-37,-43],[-30,-145],[-36,-42],[-29,-76],[9,-33],[-50,-9],[-1,-39],[-26,-59],[-48,-14],[-32,-67],[-35,-26],[-3,-34],[15,-109],[14,-18],[-11,-42],[8,-34],[-37,-115],[-41,13],[-57,34],[-31,-6],[-74,32],[-65,7]]],"transform":{"scale":[0.00011296575463340715,0.00010478758568356321],"translate":[138.43622767781665,-34.79177437692937]},"objects":{"auspol-maps-2019-p100-alldivisions":{"type":"GeometryCollection","geometries":[{"arcs":[[0]],"type":"Polygon","properties":{"E_div_numb":9,"Elect_div":"Spence","Numccds":367,"Actual":116179,"Projected":123954,"Total_Popu":0,"Australian":0,"Area_SqKm":532.15,"Sortname":"Spence"}}]}}}