{"type":"Topology","arcs":[[[475,158],[-24,-122],[9,-24],[-52,-12],[-39,33],[-42,-12],[-17,29],[-66,40],[17,38],[-201,29],[-13,25],[-47,39],[37,73],[-1,31],[104,-15],[58,-13],[110,10],[85,-28],[29,-25],[22,-53],[-2,-40],[33,-3]]],"transform":{"scale":[0.00045090771438349535,0.00041878520157918224],"translate":[150.70479986507013,-34.00547349853876]},"objects":{"auspol-maps-2019-p100-alldivisions":{"type":"GeometryCollection","geometries":[{"arcs":[[0]],"type":"Polygon","properties":{"E_div_numb":46,"Elect_div":"Werriwa","Numccds":368,"Actual":0,"Projected":0,"Total_Popu":0,"Australian":0,"Area_SqKm":171.61810774423,"Sortname":"Werriwa"}}]}}}