{"type":"Topology","arcs":[[[1425,512],[-95,65],[-61,19],[-89,-98],[-118,-173],[-116,-134],[-177,-191],[-392,50],[-82,142],[-22,46],[-53,36],[-59,68],[25,57],[22,27],[-6,33],[14,22],[28,0],[76,-25],[64,26],[63,40],[33,167],[-48,47],[66,27],[-13,46],[32,83],[-36,48],[21,102],[-25,66],[3,36],[16,11],[17,54],[-37,63],[-28,19],[-56,-2],[-80,-11],[-95,36],[-53,4],[-2,38],[-17,36],[-48,22],[-97,74],[32,50],[-18,80],[54,80],[24,20],[69,2],[34,-11],[38,4],[16,16],[34,64],[89,75],[26,6],[199,-32],[44,7],[44,18],[29,0],[184,-28],[41,-25],[41,-7],[42,13],[141,-16],[69,-54],[26,-4],[66,73],[249,-39],[17,-44],[17,-17],[13,-104],[-5,-33],[-34,18],[-37,-19],[-81,-100],[12,-16],[4,-70],[30,-43],[-20,-21],[-31,23],[-34,-15],[-15,-23],[27,-43],[-3,-17],[-39,-12],[-11,-32],[-1,-102],[28,-72],[37,-7],[33,-34],[55,1],[35,16],[38,-40],[9,-38],[31,-44],[43,1],[11,-15],[-23,-72],[-45,-19],[6,-32],[-12,-44],[-31,-21],[12,-54],[-6,-35],[-178,-89]]],"transform":{"scale":[0.00006108416907603173,0.000056548924898885244],"translate":[151.20361537520057,-33.85729206347118]},"objects":{"auspol-maps-2019-p100-alldivisions":{"type":"GeometryCollection","geometries":[{"arcs":[[0]],"type":"Polygon","properties":{"E_div_numb":43,"Elect_div":"Warringah","Numccds":351,"Actual":0,"Projected":0,"Total_Popu":0,"Australian":0,"Area_SqKm":68.228120360877,"Sortname":"Warringah"}}]}}}