{"type":"Topology","arcs":[[[3193,194],[-48,72],[-41,17],[-30,43],[-57,9],[-89,97],[-41,30],[-15,21],[-57,28],[-41,4],[-37,-15],[-17,-44],[37,-38],[-5,-43],[-35,-31],[-27,-12],[-28,2],[-60,27],[-13,18],[6,29],[-3,40],[-24,16],[-72,15],[-32,-23],[-52,-20],[-3,-31],[18,-37],[-14,-24],[-24,-11],[-52,-51],[-14,-30],[0,-24],[-23,-95],[-8,-8],[-51,-22],[-63,-2],[-30,5],[-82,55],[-10,20],[-44,40],[-54,27],[-2,36],[24,32],[0,46],[-12,59],[-26,16],[-66,13],[-42,22],[-62,50],[-37,15],[-78,-6],[-67,-18],[-49,-41],[-75,-30],[-84,-19],[-80,-33],[-43,-66],[-38,-82],[-49,-77],[-30,-38],[-49,0],[-35,22],[-49,13],[-55,23],[-77,-4],[-46,-46],[-10,-56],[-25,-48],[-72,-31],[-85,7],[-67,52],[-34,62],[4,97],[24,52],[13,43],[0,43],[-17,48],[-51,72],[-13,44],[-10,61],[0,141],[-20,96],[-52,117],[-40,101],[-13,96],[-41,125],[-82,86],[-83,57],[-157,81],[54,77],[-12,118],[-3,110],[0,299],[56,116],[25,74],[40,84],[45,34],[36,14],[36,5],[192,-4],[51,-17],[143,-67],[82,-36],[76,-24],[113,-23],[120,-21],[106,-14],[41,5],[124,39],[123,62],[97,86],[10,33],[-7,47],[-20,41],[-28,111],[-34,70],[-37,99],[-37,124],[-5,119],[20,72],[33,69],[55,49],[69,21],[72,-6],[63,-36],[56,-41],[37,-62],[20,-68],[-20,-140],[18,-48],[42,-47],[75,-33],[88,-13],[202,26],[108,29],[85,56],[26,52],[-1,50],[-27,27],[-54,41],[-50,50],[-67,44],[-57,61],[-10,28],[8,49],[17,41],[22,34],[73,56],[103,40],[125,19],[143,10],[77,1],[116,7],[113,12],[67,16],[28,16],[35,32],[11,18],[15,59],[14,90],[26,106],[39,31],[32,-1],[43,-21],[115,-67],[43,-9],[48,2],[32,17],[56,83],[80,-76],[32,17],[119,34],[52,22],[190,116],[55,19],[59,4],[48,-11],[43,-2],[95,-10],[129,-26],[85,-9],[77,-4],[131,3],[1,-4],[177,2],[276,-111],[-84,-176],[431,-174],[13,-2],[5,-63],[-7,-84],[-21,-71],[-49,-108],[-29,-130],[-31,-113],[-82,-388],[-25,-64],[-19,-32],[-44,-51],[-65,-51],[-74,-52],[-81,-63],[-91,-86],[-81,-104],[-185,-248],[-36,-44],[-55,-58],[-50,-55],[-30,-40],[-93,-155],[-34,-48],[-88,-109],[-104,-191],[-38,-129],[-66,-58],[-81,75],[-178,-166],[-326,-294],[-88,-76],[-143,-138],[-29,-22],[-69,-66]]],"transform":{"scale":[0.000032279702272239914,0.000029884307780948304],"translate":[115.838091581337,-32.03541594568579]},"objects":{"auspol-maps-2019-p100-alldivisions":{"type":"GeometryCollection","geometries":[{"arcs":[[0]],"type":"Polygon","properties":{"E_div_numb":15,"Elect_div":"Swan","Numccds":352,"Actual":93811,"Projected":99687,"Total_Popu":0,"Australian":0,"Area_SqKm":133.88594130483,"Sortname":"Swan"}}]}}}