{"type":"Topology","arcs":[[[987,565],[-31,-194],[-12,-92],[-49,-279],[-281,37],[-84,11],[19,106],[-12,35],[43,82],[-41,49],[-43,8],[-67,64],[-155,72],[-121,18],[9,56],[-162,24],[33,200],[33,-34],[45,-11],[63,25],[61,1],[19,11],[56,-11],[47,-27],[33,-32],[33,5],[63,-15],[11,-65],[80,5],[410,-49]]],"transform":{"scale":[0.00011289262235713024,0.00010472901488489642],"translate":[144.98416173202298,-37.909477853364]},"objects":{"auspol-maps-2019-p100-alldivisions":{"type":"GeometryCollection","geometries":[{"arcs":[[0]],"type":"Polygon","properties":{"E_div_numb":19,"Elect_div":"Higgins","Numccds":345,"Actual":108550,"Projected":111855,"Total_Popu":0,"Australian":0,"Area_SqKm":41.85,"Sortname":"Higgins"}}]}}}