{"type":"Topology","arcs":[[[942,0],[-42,22],[-215,99],[-186,-97],[-165,27],[-117,200],[-124,218],[-58,38],[-35,11],[22,32],[88,73],[27,36],[13,38],[-6,37],[63,42],[40,69],[-33,55],[-25,25],[-64,12],[-50,0],[13,67],[25,29],[17,88],[46,26],[38,-6],[11,23],[38,-8],[65,33],[-16,48],[-8,51],[8,25],[51,64],[-10,97],[-25,42],[-23,72],[28,31],[41,25],[21,34],[8,40],[-19,108],[28,58],[194,157],[175,89],[168,34],[119,50],[33,59],[9,76],[-49,166],[17,151],[30,112],[104,117],[133,39],[132,-53],[66,-76],[111,-37],[86,4],[135,153],[4,137],[-11,148],[70,117],[101,140],[17,98],[2,83],[-168,201],[-68,175],[-5,112],[47,63],[93,67],[19,47],[-33,44],[-38,90],[6,73],[82,131],[22,45],[-2,36],[-114,128],[-63,56],[-74,46],[-20,72],[11,44],[-9,85],[39,80],[43,48],[33,51],[9,40],[62,15],[32,19],[91,67],[47,10],[119,-10],[130,-13],[38,0],[64,33],[-27,41],[39,22],[19,34],[53,14],[78,9],[22,-15],[47,-91],[29,-9],[104,-14],[89,-29],[21,10],[-16,-88],[27,-24],[-38,-77],[728,-118],[-15,-76],[45,-22],[44,-11],[71,-30],[-13,-41],[10,-50],[-54,-33],[-48,-41],[-75,-104],[21,-32],[13,-48],[-5,-50],[41,-47],[-11,-43],[-4,-81],[20,-36],[-18,-53],[6,-27],[-14,-41],[16,-35],[-21,-15],[-15,-68],[-39,-31],[-13,-33],[-60,6],[-95,-62],[-14,-3],[-124,-74],[-155,-109],[-151,-115],[-124,-104],[-77,-69],[-89,-90],[-38,-45],[-74,-100],[-49,-85],[-32,-73],[-20,-74],[-14,-76],[9,-80],[13,-33],[34,-41],[34,13],[32,-61],[16,-8],[-6,-60],[-64,-59],[-10,-53],[-38,-9],[-9,-29],[-46,-21],[-47,-47],[-28,-53],[-12,-43],[-46,-63],[2,-29],[-18,-46],[18,-13],[6,-44],[24,-24],[41,20],[22,-19],[-77,-5],[-22,-36],[14,-42],[-17,-14],[6,-47],[-43,-1],[-27,-38],[32,-32],[-26,-29],[25,-55],[-30,-41],[-24,-58],[-30,-22],[-2,-37],[-43,3],[-46,-34],[-44,-66],[-21,-45],[1,-76],[43,-39],[22,13],[34,-25],[-9,-20],[15,-58],[-76,-24],[-4,-50],[24,-33],[22,5],[7,-52],[60,-12],[-2,-24],[-48,-3],[-38,20],[-23,-13],[-55,-52],[12,-22],[11,-66],[-15,-13],[8,-36],[-20,-14],[-30,20],[-48,-13],[-22,-35],[23,-85],[-19,-20],[30,-25],[-61,-29],[-15,-26],[-44,-27],[-8,-16],[-50,10],[-18,-6],[-201,-152],[-79,-75],[-76,-85],[-67,-61],[-22,-11],[-108,-100],[-73,-78],[-33,-44],[-68,-112],[-42,-82]]],"transform":{"scale":[0.00006107768413331929,0.00005654869931783285],"translate":[151.50756893743846,-33.24732721779333]},"objects":{"auspol-maps-2019-p100-alldivisions":{"type":"GeometryCollection","geometries":[{"arcs":[[0]],"type":"Polygon","properties":{"E_div_numb":41,"Elect_div":"Shortland","Numccds":374,"Actual":0,"Projected":0,"Total_Popu":0,"Australian":0,"Area_SqKm":264.71447124779,"Sortname":"Shortland"}}]}}}