{"type":"Topology","arcs":[[[675,804],[0,-1],[-11,-41],[12,-29],[-50,-314],[25,-19],[23,-80],[-36,-120],[4,-27],[-18,-54],[-9,-57],[-36,3],[-95,-10],[-94,13],[-45,-5],[-66,-32],[-77,0],[-105,-17],[-57,-14],[-40,31],[22,52],[-11,52],[11,17],[43,20],[37,-13],[10,24],[-31,51],[-15,54],[7,52],[45,47],[-57,55],[-5,25],[-34,12],[-2,42],[13,33],[31,-5],[40,80],[67,101],[71,97],[27,86],[104,-13],[29,-10],[54,30],[-12,35],[12,76],[61,43],[47,-8],[125,-73],[-60,-79],[25,-16],[27,-55],[-6,-39]]],"transform":{"scale":[0.00011289293745319433,0.00010474868750504188],"translate":[150.96618526076435,-33.946930500318146]},"objects":{"auspol-maps-2019-p100-alldivisions":{"type":"GeometryCollection","geometries":[{"arcs":[[0]],"type":"Polygon","properties":{"E_div_numb":5,"Elect_div":"Blaxland","Numccds":406,"Actual":0,"Projected":0,"Total_Popu":0,"Australian":0,"Area_SqKm":61.071030977806,"Sortname":"Blaxland"}}]}}}