{"type":"Topology","arcs":[[[530,178],[-47,-33],[-63,-28],[-58,-1],[-13,29],[-54,42],[-45,-58],[-1,-42],[-97,9],[-8,-42],[16,-20],[-28,-34],[-1,0],[-41,44],[-33,-2],[-55,44],[30,13],[-32,48],[353,225],[96,-42],[-3,-29],[58,-28],[-12,-24],[38,-71]],[[3619,227],[29,98],[67,-7],[51,52],[1,18],[91,-12],[35,-25],[46,-10],[48,28],[11,-33],[-11,-56],[-49,-41],[-32,10],[-58,-58],[-3,41],[-23,39],[-88,7],[-78,-22],[-37,-29]]],"transform":{"scale":[0.00045105621846599304,0.0004184677476665326],"translate":[148.96173707753073,-35.2800585767568]},"objects":{"auspol-maps-2019-p100-alldivisions":{"type":"GeometryCollection","geometries":[{"arcs":[[[0]],[[1]]],"type":"MultiPolygon","properties":{"E_div_numb":3,"Elect_div":"Fenner","Numccds":274,"Actual":93162,"Projected":101047,"Total_Popu":0,"Australian":0,"Area_SqKm":238.21212177807,"Sortname":"Fenner"}}]}}}