{"type":"Topology","arcs":[[[1440,631],[-31,-43],[-77,-34],[-64,-41],[-76,-65],[-27,-35],[-10,-39],[-6,-87],[-19,-44],[-21,-20],[-74,3],[-71,33],[-98,13],[-131,35],[-46,14],[-92,26],[-48,9],[-54,-10],[-9,-28],[6,-44],[41,-55],[12,-38],[-14,-38],[-39,-41],[-71,-96],[-32,-6],[-56,21],[-19,4],[-42,12],[-69,-1],[-36,-14],[-27,30],[-20,48],[-108,-8],[16,184],[-12,69],[7,82],[-1,67],[-22,35],[14,26],[-2,37],[9,57],[16,47],[-4,60],[23,91],[10,73],[3,115],[-2,237],[-5,107],[4,39],[-6,136],[13,11],[-2,228],[9,130],[-1,233],[4,49],[-11,85],[-1,55],[104,-3],[113,8],[63,-1],[1,155],[253,-2],[1,50],[221,0],[7,-60],[21,-94],[30,-46],[30,-24],[46,-18],[106,-26],[44,-23],[49,-60],[16,-55],[18,-153],[0,-1],[2,-20],[6,-32],[27,-72],[45,-53],[108,-104],[40,-58],[42,-79],[72,-64],[-187,-179],[-211,-196],[-27,-66],[3,-129],[78,18],[57,32],[13,-36],[178,-323]]],"transform":{"scale":[0.00006107653976800131,0.00005653685726659706],"translate":[115.75014941030125,-32.02678944112838]},"objects":{"auspol-maps-2019-p100-alldivisions":{"type":"GeometryCollection","geometries":[{"arcs":[[0]],"type":"Polygon","properties":{"E_div_numb":4,"Elect_div":"Curtin","Numccds":336,"Actual":94033,"Projected":99066,"Total_Popu":0,"Australian":0,"Area_SqKm":97.821263111884,"Sortname":"Curtin"}}]}}}