{"type":"Topology","arcs":[[[1770,569],[-2,-38],[-40,-38],[13,-31],[-6,-54],[-33,-36],[14,-25],[-22,-57],[-65,-54],[-13,-72],[-12,-120],[-45,-22],[4,-22],[-124,20],[-101,-3],[-29,51],[-72,-6],[-27,17],[-30,35],[-22,-14],[6,-53],[-76,55],[-10,31],[-32,-8],[-349,50],[-438,71],[24,20],[-21,58],[-23,34],[18,53],[40,50],[-10,49],[-45,37],[51,71],[7,33],[-36,40],[-56,4],[-54,-16],[-28,54],[10,119],[14,37],[11,126],[8,23],[217,26],[40,51],[34,24],[15,56],[43,42],[-57,52],[-80,33],[-89,72],[-174,52],[-35,27],[-45,69],[-27,118],[1,74],[-12,39],[7,42],[20,36],[35,31],[30,45],[5,52],[32,106],[14,132],[7,40],[-7,34],[-63,92],[176,-15],[51,-22],[493,-71],[84,-8],[-8,-44],[-58,-106],[49,-76],[51,21],[26,-7],[42,-51],[91,-47],[2,-87],[-52,-94],[119,66],[64,71],[61,23],[42,-48],[154,-132],[-10,-78],[-11,-143],[5,-32],[47,-8],[30,-22],[40,-5],[58,22],[13,-17],[291,-46],[-46,-95],[14,-41],[-25,-44],[28,-55],[-17,-36],[21,-23],[-9,-46],[-31,-23],[7,-29],[-17,-34],[-79,-48],[16,-34],[101,-17],[-27,-137],[-49,-43],[-18,-34],[27,-46],[-15,-33],[-41,-6],[0,-34]]],"transform":{"scale":[0.00011296827031302964,0.00010480328383395435],"translate":[150.72276445162834,-34.18962062461936]},"objects":{"auspol-maps-2019-p100-alldivisions":{"type":"GeometryCollection","geometries":[{"arcs":[[0]],"type":"Polygon","properties":{"E_div_numb":25,"Elect_div":"Macarthur","Numccds":388,"Actual":0,"Projected":0,"Total_Popu":0,"Australian":0,"Area_SqKm":362.76022332352,"Sortname":"Macarthur"}}]}}}