{"type":"Topology","arcs":[[[461,163],[20,23],[66,20],[118,-9],[11,37],[0,2],[-6,66],[11,105],[-142,28],[-75,6],[-114,29],[-34,45],[-97,29],[-13,25],[36,48],[-24,26],[-58,-19],[-13,28],[16,39],[-82,10],[17,59],[-54,7],[-2,37],[71,-10],[6,25],[-108,15],[25,132],[-36,26],[30,46],[26,-4],[15,71],[-48,6],[53,60],[13,81],[64,60],[-3,17],[40,63],[54,13],[0,42],[25,31],[-73,34],[28,41],[4,106],[44,25],[78,-24],[95,-40],[12,33],[121,-17],[10,67],[98,-21],[16,65],[77,-3],[39,191],[-52,-13],[-36,38],[-54,9],[-10,-28],[-47,-32],[-54,-13],[70,714],[25,40],[-60,85],[-33,5],[-46,60],[-39,-7],[113,274],[134,321],[222,492],[-16,85],[53,8],[66,-64],[57,-21],[114,21],[38,-65],[78,-34],[5,-27],[705,-109],[429,-64],[106,153],[-3,22],[-48,30],[-73,109],[-8,52],[75,18],[9,27],[39,10],[-1,96],[23,15],[-7,53],[-57,-10],[-44,6],[-127,63],[-47,-3],[39,191],[29,23],[-8,30],[121,85],[-18,93],[-42,16],[-36,-17],[-20,49],[-37,36],[-17,40],[49,28],[0,67],[47,15],[33,-18],[90,12],[46,-56],[44,-19],[69,-85],[55,-5],[15,45],[131,37],[28,75],[926,298],[387,-313],[-30,-29],[-36,-59],[9,-39],[79,3],[26,13],[55,-20],[31,6],[421,-185],[655,-284],[656,-284],[496,-213],[676,-287],[624,-262],[422,-175],[-31,-26],[-51,-10],[-73,-54],[-86,5],[-50,-11],[-51,2],[-90,-25],[-85,-65],[-59,-82],[-23,-64],[-53,-50],[-17,-51],[-123,-33],[-41,-29],[-6,-33],[-47,7],[-64,-14],[-114,-60],[-18,-49],[-42,11],[-133,-8],[-53,-12],[-43,7],[-75,-7],[-97,-26],[-29,-35],[-53,52],[-85,11],[-46,-6],[-151,6],[-236,-9],[-204,-1],[-93,-20],[-93,13],[-74,-5],[-132,-25],[-51,-28],[-60,17],[-74,-2],[-87,-13],[-34,10],[-334,6],[-209,-7],[-236,-26],[-184,-41],[-126,-39],[-127,-45],[-24,0],[-161,-52],[-65,-13],[-220,-83],[-139,-62],[-182,-101],[-141,-93],[-213,-154],[-190,-149],[-491,-422],[-140,-114],[-111,-99],[-130,-107],[-106,-95],[-240,-234],[-97,-81],[-94,-90],[-83,10],[-83,-34],[-53,-10],[-65,-47],[-35,-43],[-54,-44],[-131,-9],[-103,-73],[-30,2],[-96,35],[-26,-8],[-97,56],[-27,36],[-1,42]]],"transform":{"scale":[0.0004510509258693107,0.00041951127879247274],"translate":[146.21835872345602,-38.789971254462756]},"objects":{"auspol-maps-2019-p100-alldivisions":{"type":"GeometryCollection","geometries":[{"arcs":[[0]],"type":"Polygon","properties":{"E_div_numb":16,"Elect_div":"Gippsland","Numccds":390,"Actual":106856,"Projected":107731,"Total_Popu":0,"Australian":0,"Area_SqKm":33182.27,"Sortname":"Gippsland"}}]}}}