{"type":"Topology","arcs":[[[405,303],[-23,-23],[-4,-38],[-44,-20],[-79,10],[-22,-133],[-57,-29],[-64,2],[-25,-64],[-59,-8],[-28,52],[24,83],[49,-5],[31,50],[-37,21],[64,76],[46,35],[55,10],[40,-9],[34,37],[21,-32],[78,-15]]],"transform":{"scale":[0.00045062132148800235,0.00041906673784915987],"translate":[145.02796598214357,-37.784073834693196]},"objects":{"auspol-maps-2019-p100-alldivisions":{"type":"GeometryCollection","geometries":[{"arcs":[[0]],"type":"Polygon","properties":{"E_div_numb":24,"Elect_div":"Jagajaga","Numccds":354,"Actual":106532,"Projected":108090,"Total_Popu":0,"Australian":0,"Area_SqKm":104.41,"Sortname":"Jagajaga"}}]}}}