{"type":"Topology","arcs":[[[497,473],[-38,-17],[-64,-50],[-9,-70],[48,-13],[43,-87],[18,-34],[-103,18],[-3,-31],[10,-189],[-104,15],[-51,13],[-22,38],[-35,13],[-132,-46],[-47,17],[-8,23],[26,45],[44,30],[47,76],[7,145],[31,18],[0,88],[52,123],[60,28],[164,-57],[66,-96]]],"transform":{"scale":[0.00045104044841476804,0.0004189819621512429],"translate":[150.588067687082,-33.87577325816733]},"objects":{"auspol-maps-2019-p100-alldivisions":{"type":"GeometryCollection","geometries":[{"arcs":[[0]],"type":"Polygon","properties":{"E_div_numb":23,"Elect_div":"Lindsay","Numccds":374,"Actual":0,"Projected":0,"Total_Popu":0,"Australian":0,"Area_SqKm":339.03662835054,"Sortname":"Lindsay"}}]}}}